index,row,column,aura_raen_m,aura_raen_f,aura_xael_m,aura_xael_f,elez_dusk_m,elez_dusk_f,elez_wild_m,elez_wild_f,hyur_high_m,hyur_high_f,hyur_midl_m,hyur_midl_f,lala_dune_m,lala_dune_f,lala_plai_m,lala_plai_f,miqo_keep_m,miqo_keep_f,miqo_seek_m,miqo_seek_f,roeg_hell_m,roeg_hell_f,roeg_seaw_m,roeg_seaw_f,vier_rava_m,vier_rava_f,vier_veen_m,vier_veen_f,hrot_heli_m,hrot_lost_m
0,1,1,#B09289,#DAAFA2,#797379,#BD9390,#FEDFCF,#FEE6D4,#F6D0BB,#F9D7BF,#E7C5B0,#F9DAC1,#F6D0BB,#F9DAC1,#F0DBC1,#F3DBC1,#F0DBC1,#F0DBC1,#FEDBCB,#FEE4D1,#F3CBB7,#F6D4BD,#E8DED8,#DED4CA,#EBF0DB,#E1E4D2,#9A705D,#9A705D,#F5C5A8,#F8C2A5,#7A5E40,#E9E9E9
1,1,2,#A0847A,#CDA599,#686874,#B6908C,#FEDDCE,#FEE4D3,#EEC6AC,#F1CCB2,#DEBCA5,#EFD0B5,#EBC7AF,#EFD0B5,#E5D8B5,#EAD4B5,#E5D8B5,#E5D8B5,#FED9C9,#FEE3D0,#E9C1A9,#EEC8AE,#D8CBC4,#D0C1C0,#DFEACA,#D6DEC3,#976F5A,#976F5A,#F5C4A6,#F8C2A2,#775B3F,#E3E3E3
2,1,3,#946F66,#BE978D,#5A5A6F,#A98485,#FCDACC,#FDE1D1,#E2B99F,#E6BFA2,#D3B297,#E3C4A6,#E0BBA0,#E3C4A6,#D8CAA5,#E0C6A5,#D8CAA5,#D8CAA5,#FBD7C8,#FDE0CE,#DEB299,#E3BA9D,#C7B3AF,#BEABA7,#D0E0B7,#C8D5B0,#8B6653,#8B6653,#F2BFA1,#F2BDA0,#6C5338,#CBCBCB
3,1,4,#896156,#A17E79,#535569,#A17B7B,#EFCFC2,#F2D6C7,#D0A588,#D2AB8E,#C0A085,#D1B092,#CDA98E,#D1B092,#C5B790,#CDB28E,#C5B790,#C5B790,#EFCBBF,#F2D4C4,#C99E81,#CEA485,#B09A94,#A6918D,#BACF9E,#B4C599,#7B5A49,#7B5A49,#EABA9D,#EAB89B,#5C4731,#AEAEAE
4,1,5,#7E4C47,#8B6B68,#4C4E62,#9A7679,#CCB3A7,#CFB8AB,#AF8A71,#B18E74,#A1846E,#AE9279,#AB8C75,#AE9279,#A69876,#AD9475,#A69876,#A69876,#CCAFA5,#CFB6A9,#A77F67,#A8856A,#947F79,#8D7874,#9BAD84,#95A380,#6C4E40,#6C4E40,#E3B196,#E3B196,#4D3B29,#8C8C8C
5,1,6,#7B3E3A,#775E5D,#474861,#946F72,#A19188,#A4958C,#886B59,#8A6F5B,#7D6756,#88715E,#856D5B,#88715E,#83755D,#87735D,#83755D,#83755D,#A08D85,#A4948B,#7C5E4E,#7F6351,#766661,#73615A,#79856A,#757E66,#573E32,#573E32,#DAAA8D,#DAAA8D,#3E3020,#6A6A6A
6,1,7,#74312F,#6B5553,#414259,#8C696C,#786E69,#79716D,#604C42,#634F43,#594940,#614F45,#5F4C43,#614F45,#5F5346,#5F5244,#5F5346,#5F5346,#776C68,#79706B,#534037,#544237,#574F48,#554943,#585E4E,#55584B,#442F27,#442F27,#D0A286,#D0A286,#302419,#4D4D4D
7,1,8,#702A25,#5E4949,#3A3B52,#846568,#555150,#565352,#41352F,#413530,#3E322C,#413730,#41352F,#413730,#413930,#413830,#413930,#413930,#554F4F,#565251,#322723,#322924,#423333,#3D3533,#41453A,#3D4137,#36271D,#36271D,#CA9A81,#CA9A81,#261D14,#3B3B3B
8,2,1,#A68682,#D0A09A,#908D96,#A9746F,#F3D9C3,#F6E0C8,#F5CFB9,#F8D6BE,#E6C5AE,#F8D9C0,#F4D0BA,#F8D9C0,#F0D9C0,#F2D8BF,#F0D9C0,#F0D9C0,#FADECB,#FDE7D1,#F3CBB7,#F6D4BC,#E8DDD7,#DED4CA,#EBF0DB,#E1E3D2,#996F5A,#996F5A,#F5C4A6,#F7C1A1,#775B3E,#DDDDDD
9,2,2,#977672,#C19490,#817B88,#A16C68,#E9D4BB,#EDDAC0,#EDC4AC,#F0CBB1,#DEBCA4,#EFD0B4,#EBC7AE,#EFD0B4,#E5D4B4,#EAD0B1,#E5D4B4,#E5D4B4,#F0DCCB,#F4E6D1,#E9C0A8,#EEC8AC,#D8CBC3,#D0C1C0,#DEE8CA,#D5DDC3,#966D59,#966D59,#F5C2A5,#F5BFA1,#745A3C,#D8D8D8
10,2,3,#906864,#A27A7A,#72707E,#92615D,#DCCBAF,#DFD2B5,#E2B89C,#E6BE9F,#D3AF96,#E3C2A5,#E0BA9F,#E3C2A5,#D8C8A4,#E0C2A1,#D8C8A4,#D8C8A4,#E2D5C1,#E7DFC8,#DEB296,#E3B99B,#C6B3AD,#BDAAA7,#CEDEB7,#C6D2B0,#8B6552,#8B6552,#F1BEA0,#F0BB9D,#6A5137,#C3C3C3
11,2,4,#825550,#936D6F,#5F5D6F,#895A56,#C8BD9F,#CBC2A2,#D0A586,#D2AB8B,#C09F83,#D1AF90,#CDA88C,#D1AF90,#C5B48E,#CDAE8A,#C5B48E,#C5B48E,#D4C7B9,#D8D0BF,#C99C7F,#CEA382,#AF9891,#A5918C,#B8CC9E,#B1C299,#7B5949,#7B5949,#EAB89A,#E9B699,#5B4630,#A5A5A5
12,2,5,#70443E,#815E64,#4C495E,#7D4F4C,#AAA087,#ADA58C,#AF886F,#B18D73,#A3846D,#AF9277,#AC8C73,#AF9277,#A69775,#AD9073,#A69775,#A69775,#B7ABA8,#BBB3AD,#A77E66,#A88369,#947E78,#8D7873,#9AAA84,#94A180,#6C4C3E,#6C4C3E,#E1B093,#E1B093,#4C3927,#858585
13,2,6,#683A35,#725257,#424253,#734542,#877D6D,#87816F,#886A56,#8A6F59,#7F6755,#89715D,#876D5B,#89715D,#84735B,#87715A,#84735B,#84735B,#958C8C,#979190,#7C5E4C,#7F624F,#76665F,#71615A,#79836A,#737C66,#573E31,#573E31,#D7A98C,#D7A98C,#3C2E1F,#656565
14,2,7,#68312E,#664B4E,#3D3B4B,#663939,#645E53,#656255,#644D42,#654F43,#5B4940,#635146,#614D44,#635146,#5F5344,#625244,#5F5344,#5F5344,#706E6D,#727371,#554035,#564336,#594F48,#584A44,#585E4E,#55584B,#442F27,#442F27,#CE9E85,#CE9E85,#2E2319,#4A4A4A
15,2,8,#662724,#574145,#363545,#5D2E2F,#494440,#4A4540,#44362F,#443830,#3E332D,#433830,#42352F,#433830,#443930,#443930,#443930,#443930,#535255,#545656,#352923,#352B24,#453333,#403533,#41453A,#3D4137,#36251D,#36251D,#C69A7E,#C69A7E,#261C14,#383838
16,3,1,#9D817D,#EAB7A1,#9B939E,#A66D69,#F0D6C2,#F2DDC7,#F5CFB9,#F8D6BD,#E5C4AE,#F7D8BF,#F3CFB9,#F7D8BF,#EFD7BD,#F2D5BD,#EFD7BD,#EFD7BD,#F6DCC9,#F9E6D0,#F3CBB5,#F6D4BC,#E7DDD6,#DED4CA,#EAEEDB,#E0E3D2,#966D57,#966D57,#F0C1A1,#EEBA9A,#715538,#B5B5B5
17,3,2,#906F6C,#DBA993,#8C8490,#A06665,#E2CEB9,#E5D5BD,#EBC3AB,#EECBAF,#DCBBA4,#EECDB3,#E9C5AD,#EECDB3,#E3D0B0,#E8CCAF,#E3D0B0,#E3D0B0,#E7D5C5,#EBDFCB,#E8C0A7,#ECC8AC,#D8CAC2,#D0C1BD,#DCE7CA,#D3DBC3,#936B56,#936B56,#EEBD9E,#ECBA9A,#6F5335,#B1B1B1
18,3,3,#855D59,#D39E89,#776F81,#8D5756,#D2C5AC,#D5CCB0,#E1B79A,#E3BD9E,#D1AE95,#E1C1A3,#DEB89D,#E1C1A3,#D7C4A0,#DEBE9D,#D7C4A0,#D7C4A0,#D7CCB9,#DCD5BF,#DBB194,#E0B89A,#C5B3AC,#BCAAA5,#CCDDB6,#C3D1AF,#88624F,#88624F,#E9BA9A,#E8B696,#654A31,#9E9E9E
19,3,4,#744949,#C6907B,#6B6173,#855250,#BCB49C,#BDBB9F,#CDA385,#D1A888,#BE9D81,#CEAE8E,#CBA689,#CEAE8E,#C2AF8A,#CBAA88,#C2AF8A,#C2AF8A,#C1BAAE,#C4C2B4,#C89B7D,#CBA380,#AD9890,#A3918A,#B4CA9E,#ADC099,#795747,#795747,#E2B393,#E1B092,#57402B,#878787
20,3,5,#6B3E3A,#BB856D,#575266,#7A4544,#9F9984,#A09E86,#AE876E,#AF8D71,#A1846B,#AE9174,#AB8C71,#AE9174,#A69371,#AB8D70,#A69371,#A69371,#A79F9A,#A8A69F,#A47D63,#A78366,#937C74,#8D7771,#96A784,#909F7E,#694B3D,#694B3D,#DAAA8C,#DAAA8C,#473523,#6C6C6C
21,3,6,#5E3935,#AF7662,#4E495A,#693939,#807A6B,#807C6E,#8A6A55,#8B6F58,#7D6654,#88705C,#856C59,#88705C,#837158,#886F57,#837158,#837158,#888282,#8A8985,#7D5E4A,#80624D,#77665E,#736159,#76826A,#727B66,#553D2F,#553D2F,#D0A286,#D0A286,#382B1C,#535353
22,3,7,#592F2C,#9E6955,#444052,#57282A,#605B53,#625E55,#634C40,#644F42,#5B493D,#635145,#614D42,#635145,#5F5041,#624F41,#5F5041,#5F5041,#686767,#6A6C6A,#544034,#554236,#594D46,#584A43,#575B4E,#54574B,#422E24,#422E24,#C69A7E,#C69A7E,#2D2016,#3C3C3C
23,3,8,#562320,#8D5D49,#3B394E,#4E2123,#46433F,#474540,#43352F,#443730,#3E322D,#433730,#42352F,#433730,#423830,#423830,#423830,#423830,#4F4F50,#4F5252,#332723,#342A24,#443232,#403533,#41443A,#3D4037,#36241C,#36241C,#BF9479,#BF9479,#231B11,#2E2E2E
24,4,1,#927974,#F1B097,#928B96,#EAB39D,#EAD2C1,#EED9C5,#F4CFB8,#F7D6BD,#E5C2AD,#F6D7BE,#F3CEB8,#F6D7BE,#EED4BC,#F1D4BB,#EED4BC,#EED4BC,#EFD5C5,#F2DFCB,#F1CAB5,#F5D4BA,#E6DDD5,#DED4CA,#E8ECDB,#DFE1D2,#926955,#926955,#E9BB9D,#E3B192,#6A4D31,#848484
25,4,2,#886B68,#DEA089,#827A88,#DAA590,#D9C8B7,#DCCDBB,#EBC3A9,#EECBAE,#DCB9A2,#EDCCB1,#E8C4AB,#EDCCB1,#E3CCAE,#E8C9AD,#E3CCAE,#E3CCAE,#DBCABD,#E0D4C2,#E8BEA5,#ECC6AA,#D6C8C0,#D0C0BC,#D9E3CA,#D1D8C3,#8F6852,#8F6852,#E6B799,#E2B090,#684A30,#818181
26,4,3,#775250,#CD927B,#736D7E,#C99784,#C5BCAA,#C9C2AE,#DEB798,#E1BD9D,#CFAE92,#E0BF9F,#DBB89A,#E0BF9F,#D6C09C,#DCBB9A,#D6C09C,#D6C09C,#C8BDAF,#CBC5B5,#DAB192,#DFB898,#C4B1A9,#BCAAA2,#C7D7B6,#BFCCAF,#845F4C,#845F4C,#E1B393,#DEAC8D,#5C432B,#737373
27,4,4,#6F4544,#BD8570,#615A6F,#B88B79,#ADA999,#AFAF9D,#CCA282,#CEA785,#BB9B7E,#CBAC8C,#C8A486,#CBAC8C,#C1AB85,#C9A684,#C1AB85,#C1AB85,#AEA99F,#AFB0A5,#C49A7A,#C8A17F,#AC958B,#A39189,#AFC49E,#A8BA99,#765544,#765544,#DAAA8D,#D7A889,#513B26,#626262
28,4,5,#5F3539,#AC7664,#4F495E,#A97B6C,#929182,#949585,#AC876B,#AE8B6E,#A08168,#AD8E71,#A9896E,#AD8E71,#A48F6E,#AA896D,#A48F6E,#A48F6E,#928F8E,#959592,#A47C61,#A68265,#927C72,#8C776F,#92A384,#8D9A7E,#66493A,#66493A,#D1A185,#D1A185,#43311F,#4E4E4E
29,4,6,#56312E,#9A6957,#444053,#997061,#75736B,#77776D,#886A53,#8A6D55,#7D6552,#88705A,#856B57,#88705A,#826F56,#876C55,#826F56,#826F56,#777676,#797B7B,#7D5E48,#80624C,#76655B,#716058,#737E6A,#6F7866,#533A2E,#533A2E,#C69A7D,#C69A7D,#352619,#3C3C3C
30,4,7,#4B2725,#926252,#3E3A4B,#90685A,#5C5A53,#5D5B55,#644C3F,#654F41,#5B493D,#634F43,#614C41,#634F43,#5F4F3F,#624F40,#5F4F3F,#5F4F3F,#5F5E5F,#616361,#554033,#564235,#594D45,#584942,#565B4E,#52564B,#412C21,#412C21,#BE9377,#BE9377,#291D14,#2B2B2B
31,4,8,#4C2421,#865648,#393345,#855F52,#454340,#464542,#44352E,#44372F,#3F322C,#443730,#43352F,#443730,#44362F,#44362F,#44362F,#44362F,#494B4B,#4A4E4E,#352721,#352A23,#443130,#403531,#40433A,#3D3F37,#33231A,#33231A,#B88D72,#B88D72,#20180F,#202020
32,5,1,#846C69,#D09681,#8C868F,#C5927B,#E4CDBF,#E7D4C3,#F4CEB8,#F7D4BC,#E5C2AD,#F6D6BD,#F3CDB8,#F6D6BD,#EED0B9,#F1CFB8,#EED0B9,#EED0B9,#E5CCBF,#E8D5C5,#F1C9B4,#F5D3B9,#E5DDD4,#DCD3CA,#E6EADB,#DDDED2,#8F6650,#8F6650,#E3B697,#D8A989,#63452B,#585858
33,5,2,#7D5E5A,#BE8974,#7A7481,#B88673,#CFC1B6,#D2C6B9,#E9C1A8,#EDC8AC,#D9B9A0,#EBCBAF,#E7C2A9,#EBCBAF,#E1C6A8,#E7C4A8,#E1C6A8,#E1C6A8,#D0BEB4,#D3C6B9,#E5BDA2,#EAC5A7,#D5C8BE,#D0C0B9,#D5E0C9,#CDD5C2,#8C644E,#8C644E,#DFB193,#D7A888,#61432A,#575757
34,5,3,#704949,#A97665,#686474,#AC7A69,#B6B0A7,#B8B5AB,#DDB497,#E0BA9A,#CDAC91,#DDBE9E,#DAB699,#DDBE9E,#D3BA98,#DAB697,#D3BA98,#D3BA98,#B6AFA5,#B9B6AA,#D7AF90,#DAB693,#C2B0A4,#BAA7A0,#C2D3B6,#BBC7AF,#815A48,#815A48,#DAAC8D,#D3A285,#573E26,#4D4D4D
35,5,4,#64393A,#926555,#555266,#A07361,#9A9C94,#9CA199,#CAA07E,#CCA682,#BA987C,#CAA887,#C5A184,#CAA887,#BEA781,#C6A17F,#BEA781,#BEA781,#999A94,#9CA19A,#C39876,#C79F7B,#A99487,#A08D82,#A9BE9D,#A3B498,#735040,#735040,#D0A286,#CD9E82,#4C3520,#424242
36,5,5,#5D3233,#88594B,#4B455A,#946959,#84857F,#848982,#AC8567,#AE8A6A,#9D8065,#AA8E6E,#A7886B,#AA8E6E,#A18C6A,#AA8868,#A18C6A,#A18C6A,#818281,#838984,#A17B5E,#A48060,#907B6F,#89746B,#8D9E83,#88967E,#644736,#644736,#C6997B,#C6997B,#3F2B1B,#353535
37,5,6,#4C2A2C,#7A5245,#423E50,#885E50,#6B6C69,#6C716D,#876752,#896C54,#7C6550,#876F56,#846A55,#876F56,#816C53,#866952,#816C53,#816C53,#6A6D6B,#6C716E,#7B5C46,#7D6047,#756358,#716055,#707A68,#6C7465,#52392B,#52392B,#BD9276,#BD9276,#322315,#292929
38,5,7,#3E2123,#6B483E,#3A3544,#81574C,#545754,#555A56,#634C3E,#644E3F,#5B473C,#634F42,#604C3F,#634F42,#5F4D3E,#624C3E,#5F4D3E,#5F4D3E,#555856,#565B59,#553E30,#564033,#594D43,#564940,#55584D,#51534A,#402B20,#402B20,#B68C6F,#B68C6F,#271C11,#1D1D1D
39,5,8,#3D1E20,#61443A,#2F2C3E,#795044,#424543,#434744,#45352E,#46372F,#3F322C,#443730,#43352F,#443730,#44352E,#44352F,#44352E,#44352E,#454847,#464B49,#352721,#362A23,#44312F,#403531,#3E4137,#3C3D36,#332119,#332119,#AF866B,#AF866B,#1F160E,#161616
40,6,1,#826461,#C28C77,#847B85,#AD7968,#DEC9BE,#E1D1C1,#F2CEB7,#F5D4BC,#E3C1AC,#F5D5BD,#F1CCB7,#F5D5BD,#EDCDB7,#EFCCB7,#EDCDB7,#EDCDB7,#DEC7B9,#E1D0BF,#F0C8B1,#F3D1B7,#E4DCD2,#DCD3CA,#E4E8DB,#DBDDD2,#8C624C,#8C624C,#DEB193,#D0A082,#886C43,#B6BFC6
41,6,2,#7D5756,#B6816D,#746F7A,#A27361,#C5BAB1,#C9C0B7,#E8C1A5,#EBC8A9,#D9B79E,#EACBAC,#E5C2A8,#EACBAC,#E1C2A7,#E5C0A5,#E1C2A7,#E1C2A7,#C5B8AE,#CABFB4,#E4BCA0,#E7C4A6,#D3C7BB,#CBBEB7,#D3DDC9,#CAD1C2,#89614B,#89614B,#DAAD8D,#CEA081,#846942,#B1BAC1
42,6,3,#704747,#A06D5A,#5D5769,#946957,#A9A6A3,#ABACA7,#DBB292,#DDB896,#CAAA8D,#DABC9B,#D7B596,#DABC9B,#D1B692,#D8B292,#D1B692,#D1B692,#A9A49F,#ADACA5,#D4AB8A,#D9B38F,#BFAEA0,#B7A69C,#BDCEB6,#B6C3AE,#7D5745,#7D5745,#D3A688,#CA9D7D,#785F3B,#9EA5AC
43,6,4,#663A3B,#8B5A49,#504C5F,#885E4F,#8A9192,#8A9694,#C59D7A,#C8A37D,#B79778,#C7A783,#C39F7F,#C7A783,#BCA27C,#C29C7A,#BCA27C,#BCA27C,#8A8F8E,#8C9592,#BE9573,#C29C76,#A89484,#A08D7F,#A3B89D,#9CB097,#6F4F3E,#6F4F3E,#CA9D7E,#C4977A,#685332,#858C92
44,6,5,#5A2B2E,#7A4B3D,#403E50,#775245,#717B7C,#737F7F,#A88365,#AA8966,#9C7F62,#A88D6C,#A58568,#A88D6C,#A08865,#A68265,#A08865,#A08865,#727979,#757F7D,#9C795B,#9F7F5D,#8F7A6A,#887467,#899A83,#83927D,#624433,#624433,#BE9376,#BE9376,#55432A,#6A6F73
45,6,6,#4B2427,#664031,#3B3949,#6C493D,#606768,#616A6B,#85674F,#876A51,#7C644E,#866D55,#846953,#866D55,#81694F,#84664F,#81694F,#81694F,#616466,#636A69,#7A5B44,#7C6046,#746255,#6E5D52,#6C7768,#687165,#4F362A,#4F362A,#B68D6F,#B68D6F,#453522,#4D5155
46,6,7,#401D20,#5E3B2F,#312E40,#66453E,#4D5453,#4E5655,#634C3E,#644E3E,#5B473A,#634F40,#604C3E,#634F40,#5F4C3B,#624B3B,#5F4C3B,#5F4C3B,#4E5253,#4F5555,#543E30,#554033,#594D43,#564940,#52564D,#4F524A,#402B1E,#402B1E,#AD8669,#AD8669,#352A1B,#37383B
47,6,8,#3D191C,#4B322A,#2E2A40,#5F443E,#3F4443,#404544,#44352C,#44352D,#3F322C,#44372F,#43352E,#44372F,#44352C,#44352C,#44352C,#44352C,#404342,#404545,#352720,#352921,#44312F,#40352F,#3D4037,#3A3C36,#322117,#322117,#A98165,#A98165,#2B2215,#26292A
48,7,1,#845E5E,#D4997E,#746F76,#94695D,#DAC8BC,#DDCDC1,#F1CCB5,#F4D4B9,#E2C1AA,#F3D4BC,#F0CBB5,#F3D4BC,#ECCCB4,#EEC9B4,#ECCCB4,#ECCCB4,#DAC4B8,#DFCCBE,#EFC8B0,#F2D1B6,#E4DAD1,#DCD1CA,#E1E7D9,#D8DBD2,#9A7D70,#9A7D70,#ECCCBB,#ECCCBB,#85683F,#B1BAC3
49,7,2,#795252,#CA8F76,#68646F,#885F53,#C0B6AF,#C2BCB4,#E5C0A3,#E7C6A7,#D6B59C,#E7C8AA,#E2C0A5,#E7C8AA,#DEC0A4,#E2BDA2,#DEC0A4,#DEC0A4,#BEB2AB,#C2BAB1,#E1BA9D,#E6C2A3,#D1C6B9,#CABDB5,#CED9C8,#C6CDC1,#977A6D,#977A6D,#EACABA,#EACABA,#82663E,#ACB6BD
50,7,3,#6C4241,#B8826B,#555262,#6D4B42,#9FA09F,#A0A5A2,#D7B18F,#DAB692,#C7A789,#D8B998,#D4B292,#D8B998,#CEB290,#D5AE8E,#CEB290,#CEB290,#A09E9C,#A3A4A0,#D2AA87,#D5B28C,#BCAD9C,#B5A398,#B7C8B3,#AFBEAC,#8B7065,#8B7065,#E6C5B6,#E6C5B6,#765C38,#9AA3A8
51,7,4,#623335,#AA745E,#444255,#61443B,#808A8C,#808E90,#C39B77,#C4A179,#B39675,#C2A47F,#BE9E7C,#C2A47F,#B79D76,#BF9A76,#B79D76,#B79D76,#808889,#828E8E,#BA936D,#BD9971,#A6917D,#9E897A,#9CB19C,#96A895,#7B655A,#7B655A,#DFBFB1,#DFBFB1,#665031,#81898F
52,7,5,#562428,#976853,#3D3B4E,#574036,#687579,#6A787C,#A58061,#A78664,#987B5E,#A48968,#A08265,#A48968,#9D8261,#A2805F,#9D8261,#9D8261,#697376,#6B7779,#997656,#9C7C59,#8C7766,#857162,#829483,#7D8D7D,#6B564E,#6B564E,#D8BAAC,#D8BAAC,#544229,#686C71
53,7,6,#451E20,#885745,#323141,#503A32,#576266,#586568,#84664B,#86694E,#79604C,#836C52,#816750,#836C52,#7E664C,#83634B,#7E664C,#7E664C,#576263,#596566,#775841,#795C43,#726253,#6C5C51,#697467,#656D62,#55453E,#55453E,#CDB1A5,#CDB1A5,#433520,#4C5053
54,7,7,#3A1619,#744E3E,#272733,#4B332E,#475053,#485255,#634A38,#644C3A,#594738,#614E3E,#5F4B3B,#614E3E,#5F4B3A,#624938,#5F4B3A,#5F4B3A,#494F50,#4A5254,#543D2E,#55402F,#584A41,#55463D,#50564D,#4D514A,#423631,#423631,#C1A99B,#C1A99B,#342919,#35383B
55,7,8,#391316,#614031,#252432,#44322B,#3C4243,#3D4445,#45352C,#46352D,#41322A,#44372E,#44352E,#44372E,#44352C,#44342C,#44352C,#44352C,#3E4142,#3F4445,#352720,#362920,#42312C,#40352D,#3B3F37,#393C36,#332B27,#332B27,#B8A197,#B8A197,#2A2014,#262729
56,8,1,#7B6461,#E8BDA1,#6D6873,#E9B69B,#D8C3BB,#DBC9C0,#F0CBB3,#F3D1B7,#DFBFA9,#F1D3B9,#EDC9B4,#F1D3B9,#EAC9B4,#EDC8B1,#EAC9B4,#EAC9B4,#D7C1B7,#DCC9BD,#EBC7AF,#F0D0B5,#E2D9CF,#DAD0C8,#DFE4D9,#D6D9D2,#977A6D,#977A6D,#EAC9B8,#EAC9B8,#806132,#9DA8B3
57,8,2,#6F5350,#DBAC93,#625E6D,#D8A88F,#BCB2AE,#BDB7B1,#E2BDA1,#E6C4A6,#D5B59A,#E6C6A9,#E1BEA4,#E6C6A9,#DDBEA1,#E0BAA0,#DDBEA1,#DDBEA1,#BCAFA9,#BFB6AF,#DEB89C,#E3BFA0,#D0C3B6,#C5BCB2,#CAD6C8,#C2CAC1,#94796B,#94796B,#E9C9B8,#E9C9B8,#7D5F32,#99A5AF
58,8,3,#5F423E,#D3A289,#524E62,#C69982,#9A9A9C,#9C9FA0,#D4AD8C,#D6B390,#C4A588,#D5B694,#D0AF90,#D5B694,#CCAF8D,#D1AA8C,#CCAF8D,#CCAF8D,#9A9899,#9D9F9D,#CDA684,#D1AE88,#B9A998,#B2A094,#B1C3B3,#AAB9AC,#896F64,#896F64,#E3C2B4,#E3C2B4,#71552E,#89939C
59,8,4,#523532,#C6967B,#444256,#B78C76,#768289,#78868D,#BE9973,#C29E76,#B09271,#BDA17C,#BA9A77,#BDA17C,#B59A73,#BD9773,#B59A73,#B59A73,#788086,#7A868C,#B7906A,#BB976D,#A08C78,#988674,#96AB9A,#8FA294,#7A6457,#7A6457,#DEBEAF,#DEBEAF,#624A27,#737D84
60,8,5,#482825,#BB8B6D,#36354C,#A57E69,#606C76,#627179,#A47F5D,#A4835E,#96795C,#A18766,#9F8162,#A18766,#9A815E,#A17D5D,#9A815E,#9A815E,#636C73,#657077,#997552,#9B7954,#897563,#826E5D,#7C8E7F,#78897A,#69554C,#69554C,#D7B7A9,#D7B7A9,#503E20,#5B6268
61,8,6,#3B201E,#AF7E62,#2E2E40,#96705E,#505B64,#515E66,#84644A,#85674C,#785E49,#826A51,#80644E,#826A51,#7D644A,#826248,#7D644A,#7D644A,#535B61,#546065,#76583E,#785B40,#705F4E,#69594B,#657167,#636A62,#55443D,#55443D,#CCAFA1,#CCAFA1,#403119,#43474D
62,8,7,#321C1C,#9E7055,#252533,#846452,#444B51,#444E53,#644A38,#654C39,#594738,#614E3D,#5F4B3B,#614E3D,#5F4938,#624938,#5F4938,#5F4938,#464B4F,#474E52,#553D2E,#56402E,#594A3F,#56463C,#4F534D,#4B4E4A,#41352E,#41352E,#BFA69A,#BFA69A,#322614,#2E3235
63,8,8,#2E1A19,#8D6449,#202131,#7D5D4C,#383C41,#393E43,#46352B,#47352B,#41322A,#46352D,#45342C,#46352D,#45342B,#45342B,#45342B,#45342B,#3B3D40,#3C3F43,#36271F,#38291F,#44312B,#40352D,#3A3D37,#383936,#332A25,#332A25,#B7A094,#B7A094,#291D11,#202326
64,9,1,#745F5D,#F0B494,#6B6674,#C5947B,#D7C2BB,#DAC7BF,#F0CBB3,#F3D1B7,#DFBEA8,#F1D1B9,#EDC8B4,#F1D1B9,#EAC9B1,#EDC8B1,#EAC9B1,#EAC9B1,#D7C0B7,#DAC8BC,#EBC7AE,#F0D0B4,#E1D9CD,#DAD0C7,#DDE3D9,#D4D7D2,#927365,#927365,#E3C1B0,#E3C1B0,#785826,#8595A1
65,9,2,#69524F,#DEA588,#5F5A6B,#B88973,#B9AFAC,#BBB4B0,#E2BCA0,#E4C2A5,#D2B298,#E3C4A6,#DEBCA1,#E3C4A6,#DABB9F,#DFBA9F,#DABB9F,#DABB9F,#B9ABA8,#BCB3AD,#DDB69A,#E0BF9E,#CEC2B3,#C5BAAE,#C6D2C7,#BDC7C0,#8F7064,#8F7064,#E3BFAF,#E3BFAF,#765526,#81929C
66,9,3,#5F4544,#CA967A,#4C495E,#AC7E69,#93959B,#95999F,#D2AA89,#D5B28E,#C2A385,#D2B392,#CFAB8E,#D2B392,#CAAB89,#CFA989,#CAAB89,#CAAB89,#959398,#97999D,#CCA482,#CFAC87,#B7A796,#B09F92,#ACBFB3,#A6B6AC,#84685A,#84685A,#DEBBAA,#DEBBAA,#6A4D22,#74818C
67,9,4,#523936,#BA886D,#403E53,#A07461,#6F7B87,#717F8C,#BC9671,#BD9B74,#AD8F70,#BB9E79,#B79876,#BB9E79,#B39871,#BA9470,#B39871,#B39871,#717A85,#73808A,#B58D68,#B6926B,#9E8C76,#978573,#8FA799,#8A9D94,#765D50,#765D50,#D8B6A6,#D8B6A6,#5C431D,#626C76
68,9,5,#4E3331,#A97A61,#323147,#946B59,#586876,#596B79,#A07D5B,#A3825D,#93785A,#9E8364,#9C7E5F,#9E8364,#977E5B,#9E7B5B,#977E5B,#977E5B,#5C6773,#5E6C77,#967350,#997752,#86715F,#7F6C5A,#77897F,#73827A,#664F45,#664F45,#D0B0A0,#D0B0A0,#4D3818,#4D555C
69,9,6,#472E2B,#976C55,#2A273A,#886250,#4B5863,#4B5B66,#81644A,#83674C,#765E49,#80694F,#7D644D,#80694F,#7B6348,#806248,#7B6348,#7B6348,#4F585F,#4F5B64,#74563E,#76593F,#6F5F4E,#69594B,#626E67,#5E6862,#524036,#524036,#C6A999,#C6A999,#3E2D14,#383F45
70,9,7,#402A28,#855E48,#20202F,#815A4C,#3F4951,#404B53,#614937,#634B37,#594637,#614E3B,#5F4B3A,#614E3B,#5F4937,#614837,#5F4937,#5F4937,#42494F,#434B52,#523C2B,#523D2B,#58493C,#53443B,#4E514D,#4B4E4A,#41312B,#41312B,#BD9E92,#BD9E92,#30230E,#272D31
71,9,8,#3B2724,#7D5641,#1D1D2E,#795544,#363C41,#383E42,#47352A,#48352B,#413229,#46352D,#45342C,#46352D,#453429,#47342A,#453429,#453429,#3A3D3F,#3A3F42,#38271E,#39291F,#422F2B,#40342C,#393C37,#363836,#312721,#312721,#B4998C,#B4998C,#261C0B,#1C1F22
72,10,1,#815F5D,#D0997D,#8D8689,#AD7E68,#D5C2BA,#D8C7BE,#EEC9B1,#F1D1B6,#DFBEA8,#F0D1B9,#EBC8B4,#F0D1B9,#E8C8B0,#EAC7B0,#E8C8B0,#E8C8B0,#D4BEB5,#D9C6BC,#E9C5AD,#EECDB3,#E1D9CD,#DAD0C7,#DBE3D9,#D3D7D0,#8B6859,#8B6859,#DEB6A2,#DEB6A2,#73501B,#708292
73,10,2,#775655,#BD8C73,#79737B,#A27661,#B6ACAB,#B8B1AF,#E0BC9F,#E3C1A3,#D1AF97,#E1C2A6,#DEBAA0,#E1C2A6,#D9BA9D,#DDB99D,#D9BA9D,#D9BA9D,#B6AAA8,#B9B2AC,#DAB599,#DFBD9D,#CCC0B2,#C4B9AD,#C4D1C7,#BCC6C0,#886657,#886657,#DCB6A2,#DCB6A2,#704E19,#6D7E8E
74,10,3,#70504C,#A5795F,#645F68,#946B57,#8F9199,#91969D,#D0A886,#D2AF8B,#C0A082,#D1B28F,#CDAA8A,#D1B28F,#C6A986,#CDA685,#C6A986,#C6A986,#8F8F96,#92959B,#C9A17F,#CCA782,#B6A493,#B09E90,#A9BDB2,#A1B4AB,#7D5E50,#7D5E50,#D7B19E,#D7B19E,#654716,#62717E
75,10,4,#684544,#926852,#4F4B55,#88614F,#677787,#68798A,#BA946E,#BC9871,#AC8E6D,#B89B77,#B59573,#B89B77,#B0956E,#B8926D,#B0956E,#B0956E,#6A7584,#6C7A87,#B28B65,#B49168,#9C8972,#95816F,#8CA397,#869A92,#6F5348,#6F5348,#D1AC9A,#D1AC9A,#583E14,#535F6A
76,10,5,#61413E,#885E45,#44404B,#775545,#506376,#516679,#9D7A59,#9F7E5B,#917559,#9C8061,#997B5E,#9C8061,#977D5A,#9B7858,#977D5A,#977D5A,#546372,#556775,#926F4F,#957451,#85715C,#7E6B59,#74897D,#718179,#5F483E,#5F483E,#CAA694,#CAA694,#493211,#404C54
77,10,6,#593A36,#795541,#39333E,#6C4B3D,#455462,#465665,#806148,#826449,#755C48,#7F664E,#7C624B,#7F664E,#7A6248,#7E5F47,#7A6248,#7A6248,#4A525F,#4B5661,#72543B,#75583E,#6F5E4C,#695849,#626C66,#5E6661,#4E3A31,#4E3A31,#C19E8D,#C19E8D,#39290D,#31383E
78,10,7,#4E322E,#69493A,#312E35,#66483E,#3C4550,#3D4752,#634936,#644B37,#594535,#604C3A,#5E4938,#604C3A,#5F4937,#624836,#5F4937,#5F4937,#40464D,#40494F,#533C2A,#543D2B,#58493C,#554438,#4C504D,#4A4C4A,#3D2C27,#3D2C27,#B69788,#B69788,#2D200A,#22272B
79,10,8,#4B2F2B,#5D4235,#28252C,#5F453D,#363A40,#363C42,#48352B,#48352B,#42322A,#47372D,#46352C,#47372D,#47342A,#48342B,#47342A,#47342A,#39393E,#393D40,#39271F,#39291F,#422F2B,#42352C,#393B37,#353736,#31231D,#31231D,#AF9282,#AF9282,#231908,#181C1F
80,11,1,#9E7066,#C48F73,#D0D0CE,#946D5D,#D5C2BB,#D8C7BF,#EDC8B0,#F0D0B6,#DEBDA6,#EFD0B7,#EBC7B1,#EFD0B7,#E8C7B0,#EAC5B0,#E8C7B0,#E8C7B0,#D4BEB7,#D9C6BC,#E8C4AC,#EDCCB2,#E0D7CC,#D8CCC5,#DAE1D9,#D2D5D0,#845E4F,#845E4F,#D5AC97,#D5AC97,#85695F,#AEB3C6
81,11,2,#93655D,#B68569,#BFC1C1,#886453,#B5AAAA,#B6B0AE,#DEB99D,#E1BFA1,#D0AF96,#E0C1A5,#DDB99F,#E0C1A5,#D9BA9D,#DCB79C,#D9BA9D,#D9BA9D,#B5A8A7,#B8AFAC,#D9B598,#DCBC9D,#CCBFB0,#C3B7AB,#C3D0C7,#BBC5C0,#815D4E,#815D4E,#D4AA96,#D4AA96,#82665C,#A8AEC1
82,11,3,#8B5D53,#9E6F53,#A0ACAF,#6D4F42,#8E8E99,#8E939C,#CFA686,#D1AC8B,#BE9F81,#CEAF8E,#CBA889,#CEAF8E,#C6A785,#CCA485,#C6A785,#C6A785,#8E8D95,#90929A,#C89F7F,#CBA783,#B4A290,#AB9B8C,#A6BBB0,#9FB3A9,#765547,#765547,#D0A692,#D0A692,#765C54,#979CAC
83,11,4,#7E5047,#885E47,#85949A,#61453B,#647386,#657788,#B7906D,#BB956E,#A98B6B,#B69875,#B39272,#B69875,#AE926D,#B68E6B,#AE926D,#AE926D,#677281,#6A7785,#AE8862,#B18D66,#99866F,#947F6C,#89A197,#839992,#694B40,#694B40,#CAA28F,#CAA28F,#665049,#808492
84,11,5,#764840,#794F36,#708289,#574136,#4F6073,#4F6376,#9C7856,#9D7B59,#907458,#9B8060,#997A5D,#9B8060,#947A58,#9A7556,#947A58,#947A58,#536270,#546574,#916D4D,#93714F,#826E59,#7D6956,#72867D,#6E7F79,#5D4135,#5D4135,#C29D89,#C29D89,#54433C,#656873
85,11,6,#6B3E36,#65412C,#57686F,#503D32,#445062,#445265,#805F47,#826347,#755C46,#7F654C,#7C624A,#7F654C,#7A5F46,#7E5E46,#7A5F46,#7A5F46,#48505E,#485361,#71533A,#73563D,#6F5B49,#695646,#5F6C64,#5C655F,#4B332A,#4B332A,#BA9484,#BA9484,#433530,#4A4D55
86,11,7,#64362F,#5A3D2B,#3E4C53,#4B362E,#3B434F,#3C4550,#614835,#634B36,#5B4535,#634B39,#604938,#634B39,#5F4835,#614835,#5F4835,#5F4835,#3F434D,#40464F,#523929,#523D2A,#58483B,#534337,#4C504D,#4A4C4A,#3A2720,#3A2720,#B08D7B,#B08D7B,#342926,#34353B
87,11,8,#572E25,#473224,#2A3940,#44332B,#36393C,#383C3E,#4A3529,#4B372A,#433228,#48372B,#48352B,#48372B,#493529,#493529,#493529,#493529,#3A393B,#3A3C3E,#3A271C,#3A291E,#422E29,#43352C,#393B37,#353736,#2E2019,#2E2019,#AC8877,#AC8877,#2A201D,#24262A
88,12,1,#B38172,#D7CABA,#C5C5C4,#B7A294,#D4C1BA,#D7C6BE,#EDC7B0,#F0CDB6,#DEBDA6,#EFD0B7,#EBC7B1,#EFD0B7,#E7C6AF,#EAC4B0,#E7C6AF,#E7C6AF,#D4BEB5,#D8C6BC,#E8C2AC,#EDCBB2,#E0D7CC,#D8CBC5,#D9E3D9,#D1D7D0,#7D5545,#7D5545,#D0A28D,#D0A28D,#82665C,#A7ACC3
89,12,2,#A97668,#C5A58B,#B7BABB,#A9998C,#B4A9A9,#B6AFAD,#DEB99D,#E1BFA1,#CFAE95,#DFBFA3,#DAB89D,#DFBFA3,#D8B89C,#DCB69C,#D8B89C,#D8B89C,#B5A6A7,#B6AEAA,#D9B398,#DCBB9D,#CCBEB0,#C3B6AB,#C1D1C6,#B9C6BF,#7A5344,#7A5344,#CEA28C,#CEA28C,#80635A,#A4A8BD
90,12,3,#A16C5E,#9E8B6F,#939DA1,#8C8179,#8E8E97,#8E929C,#CDA685,#D1AC88,#BE9E80,#CEAF8E,#C9A788,#CEAF8E,#C4A684,#CBA384,#C4A684,#C4A684,#8E8C94,#90929A,#C89E7E,#CBA682,#B4A290,#AB998C,#A5BCB0,#9DB3A9,#704C40,#704C40,#CA9E89,#CA9E89,#735A51,#9296A8
91,12,4,#946152,#8D7D62,#7B888D,#7D7772,#657184,#677586,#B78F6D,#BB926E,#A8876A,#B49574,#B28F70,#B49574,#AD8F6B,#B68C6B,#AD8F6B,#AD8F6B,#677181,#6A7484,#AE8562,#B18B66,#99856F,#927D69,#88A297,#829A92,#654539,#654539,#C49A85,#C49A85,#654E46,#7B7E8F
92,12,5,#8C574B,#827457,#616F76,#6F6D68,#505F71,#516374,#9C7656,#9E7A59,#8E7156,#997D5E,#96785B,#997D5E,#947857,#9A7556,#947857,#947857,#535E6E,#546371,#916B4C,#93704F,#826D59,#7B6755,#72867C,#6C7F79,#573B2F,#573B2F,#BD9481,#BD9481,#53403B,#626571
93,12,6,#844F41,#766B50,#4F5E66,#656561,#45515F,#465461,#805F45,#826246,#745A44,#7D644A,#7B5F48,#7D644A,#7A5F46,#7E5C44,#7A5F46,#7A5F46,#49505D,#4A555E,#725238,#75563A,#6F5A48,#695546,#5F6C64,#5C655F,#482E25,#482E25,#B68D7A,#B68D7A,#42322E,#474A53
94,12,7,#7A483A,#73664E,#36454C,#5E5D5A,#3D454C,#3D474E,#644633,#654935,#5B4534,#634B37,#604937,#634B37,#614834,#624533,#614834,#614834,#40444A,#40474D,#553927,#563C28,#59473A,#554337,#4B504C,#484B4A,#3A241C,#3A241C,#AC8874,#AC8874,#322924,#32323B
95,12,8,#6F4032,#645A42,#253239,#505655,#393839,#393B3B,#4A3427,#4B3528,#433027,#48352B,#47342A,#48352B,#493427,#493427,#493427,#493427,#3B383A,#3C3C3B,#3A261B,#3A271C,#442D28,#43342B,#393A37,#353636,#2C1C16,#2C1C16,#A6816F,#A6816F,#29201D,#232429
96,13,1,#BD9988,#C5A68B,#B6B7B6,#AC9488,#D5C1B9,#D8C6BD,#EDC7AF,#F0CDB5,#DEBDA6,#EFD0B7,#EBC7B1,#EFD0B7,#E7C5AF,#EAC4AF,#E7C5AF,#E7C5AF,#D4BDB5,#D9C5BA,#E8C2AC,#EDCBB2,#E0D7CC,#D8CBC5,#DAE1D9,#D2D5D0,#9A7365,#9A7365,#F7BBA1,#F7BBA1,#775B51,#9297B3
97,13,2,#BD947D,#B69B7E,#A8ACAD,#96867A,#B5ABA9,#B6B0AC,#DEB89C,#E1BE9F,#CFAD95,#E0BFA3,#DBB69D,#E0BFA3,#D8B79C,#DCB59A,#D8B79C,#D8B79C,#B5A8A5,#B6AFAA,#DAB297,#DDB99B,#CCBDB0,#C3B5AA,#C1D1C6,#B9C6BF,#977064,#977064,#F5BBA1,#F5BBA1,#745850,#8E93AF
98,13,3,#B88C73,#948265,#858F93,#7B7066,#8F8E94,#919398,#CDA584,#D1AB87,#BE9D80,#CEAC8E,#C9A588,#CEAC8E,#C4A384,#CBA284,#C4A384,#C4A384,#8F8C91,#919296,#C59C7D,#CAA380,#B3A18F,#AB998C,#A6BDB0,#9EB4A9,#8B685A,#8B685A,#F0B79D,#F0B79D,#6A5047,#7E849C
99,13,4,#AD8468,#84775A,#6B7981,#6B645A,#68737F,#6A7782,#B78D6A,#B9916D,#A98769,#B59573,#B28F6F,#B59573,#AD8E6A,#B58B6A,#AD8E6A,#AD8E6A,#6A717C,#6C7680,#AE8261,#AF8A65,#9A826E,#947B69,#88A396,#829A91,#7B5D50,#7B5D50,#E9B199,#E9B199,#5B453F,#6A6F84
100,13,5,#A6765A,#766B53,#53626B,#595650,#55626E,#566570,#9C7655,#9E7958,#8E7056,#997B5E,#96765B,#997B5E,#947655,#9A7355,#947655,#947655,#575F6B,#58646E,#916A4B,#936F4E,#846C59,#7D6756,#72877C,#6C8079,#6B4F45,#6B4F45,#E1AC93,#E1AC93,#4C3934,#545868
101,13,6,#996B55,#666149,#404F57,#4F4C48,#4A515C,#4B545E,#805D44,#826046,#745944,#7D624A,#7B5E48,#7D624A,#7A5E44,#7E5B44,#7A5E44,#7A5E44,#4C505A,#4D555D,#715038,#73533A,#6F5848,#685544,#5F6C64,#5C665F,#564036,#564036,#D7A28C,#D7A28C,#3C2E29,#3E404D
102,13,7,#906550,#615744,#2F3E45,#444542,#40434B,#40454D,#644734,#654A36,#594335,#614B39,#5F4838,#614B39,#614833,#624634,#614833,#614833,#424348,#43464A,#553928,#563C2A,#5A473A,#564237,#4C514C,#4A4E4A,#44312A,#44312A,#CE9A85,#CE9A85,#2E2320,#2B2E35
103,13,8,#7E5342,#524F3B,#212E33,#3D3E3B,#3A3538,#3A373A,#4A3327,#4B3428,#433027,#48352A,#483429,#48352A,#493427,#493226,#493427,#493427,#3C3638,#3D3839,#3A261B,#3A271C,#452D28,#433429,#393C37,#353836,#352721,#352721,#C6947E,#C6947E,#261C19,#1F2026
104,14,1,#CA9B85,#A8947A,#ACB1B7,#9A9386,#D5C2B9,#D8C7BD,#EDC7AE,#F0CDB4,#DEBCA6,#EFD0B6,#EBC7B0,#EFD0B6,#E8C5AF,#EAC4AE,#E8C5AF,#E8C5AF,#D4BEB5,#D9C6BA,#E8C2AB,#EDCBB1,#E0D6CA,#D8CAC5,#DAE3D9,#D2D8D0,#976F62,#976F62,#F1B79E,#F1B79E,#6A4D45,#767EA1
105,14,2,#BE8F79,#A08C72,#99A0A6,#847E74,#B7ABA7,#B9B0AB,#DEB79C,#E1BD9F,#CFAD95,#E0BFA3,#DBB69D,#E0BFA3,#D9B69A,#DCB49A,#D9B69A,#D9B69A,#B6A8A5,#B9AFA9,#D9B197,#DCB89B,#CCBCAF,#C3B3AA,#C1D3C6,#B9C7BF,#946D5F,#946D5F,#F0B79E,#F0B79E,#684A43,#717B9D
106,14,3,#B18168,#82745D,#79858D,#6B695F,#929193,#929597,#CFA384,#D1A887,#BE9B80,#CEAC8E,#C9A488,#CEAC8E,#C5A382,#CCA182,#C5A382,#C5A382,#918D91,#939495,#C59B7D,#CAA380,#B49E8E,#AD978A,#A6BFB0,#9EB6A9,#896557,#896557,#E9B39A,#E9B39A,#5E453E,#666D8C
107,14,4,#A57259,#736C52,#64727D,#5A5E56,#6C747E,#6E7881,#B78C6A,#BB916D,#A98568,#B69473,#B38D6E,#B69473,#AE8D6A,#B6896A,#AE8D6A,#AE8D6A,#6C737A,#6E777F,#AE8161,#AF8865,#997E6D,#927868,#89A696,#839D91,#79594F,#79594F,#E3AF96,#E3AF96,#513B35,#555C77
108,14,5,#9A6955,#69644C,#4E5E6B,#505650,#5A626B,#5C656D,#9D7455,#9F7758,#8F7056,#9A7B5E,#98765B,#9A7B5E,#947555,#9B7255,#947555,#947555,#5C6268,#5D656C,#91694B,#936D4E,#856A57,#7D6455,#72897C,#6E8179,#694C42,#694C42,#DBA990,#DBA990,#43312B,#45495E
109,14,6,#8C5F4E,#5F5745,#3B4E5E,#3E4B47,#4E545A,#4F565D,#835D44,#846046,#755944,#7F624A,#7C5E48,#7F624A,#7A5C44,#815B44,#7A5C44,#7A5C44,#505257,#51565A,#73503A,#75533B,#6F5746,#695244,#616C66,#5D6661,#553E35,#553E35,#D3A089,#D3A089,#352623,#323545
110,14,7,#704E41,#595241,#273A48,#33403B,#434446,#444547,#644532,#654833,#594232,#614937,#5F4636,#614937,#624532,#624532,#624532,#624532,#454344,#464646,#543826,#553B27,#5A4537,#564235,#4C504C,#4A4C4A,#422F28,#422F28,#CA9782,#CA9782,#2A1D1C,#232631
111,14,8,#5F453A,#4F4B39,#1A2C3B,#2B3A36,#3D3636,#3D3837,#4C3326,#4D3427,#453027,#4A352A,#493429,#4A352A,#4B3426,#4B3226,#4B3426,#4B3426,#3E3635,#3F3836,#3C2519,#3D261B,#452C28,#463429,#393B37,#353736,#352520,#352520,#C1927B,#C1927B,#201816,#191B22
112,15,1,#B88672,#EAC9B8,#BAADA5,#8D8C7E,#D6C2B8,#D9C7BC,#EEC6AF,#F1CCB5,#DFBCA6,#F0D0B6,#EBC7B0,#F0D0B6,#E8C4AF,#EAC4AF,#E8C4AF,#E8C4AF,#D6BEB4,#D9C6B9,#E9C2AC,#EECBB2,#E0D5CA,#D8CAC5,#DAE4D9,#D2D9D0,#926659,#926659,#E1AC97,#E1AC97,#5E4039,#5C6692
113,15,2,#AA7968,#DABDAF,#B0A097,#73766C,#B7ABA7,#B9B0AB,#E0B69C,#E3BC9F,#CFAC95,#E0BEA3,#DBB69D,#E0BEA3,#D9B69A,#DDB39A,#D9B69A,#D9B69A,#B6A8A4,#B9AFA9,#DAB197,#DDB79B,#CCBBAD,#C3B3AA,#C2D4C6,#BBC9BF,#8F6456,#8F6456,#E1AC96,#E1AC96,#5B3F38,#5B658E
114,15,3,#976F5D,#C9AFA5,#A08F86,#61625A,#929092,#949395,#D0A282,#D2A785,#C09B7E,#CFAB8C,#CCA386,#CFAB8C,#C6A282,#CD9F82,#C6A282,#C6A282,#928D90,#949293,#C59A7C,#CAA180,#B69C8D,#AD9589,#A6C0B0,#9FB7A9,#845D50,#845D50,#DBA892,#DBA892,#533932,#515A7E
115,15,4,#8F6857,#B6A199,#907E73,#555952,#6F747B,#71787E,#B98A68,#BB8E6B,#A98568,#B69271,#B38D6E,#B69271,#AF8C68,#B78868,#AF8C68,#AF8C68,#6F7277,#71777C,#AE8061,#B18665,#9B7C6D,#957768,#8BA797,#859D92,#765247,#765247,#D5A28F,#D5A28F,#47312D,#454C6A
116,15,5,#79594F,#A1938B,#7B695E,#414B47,#5E6268,#60656A,#9F7253,#A07655,#906E54,#9B795D,#99755A,#9B795D,#967555,#9D7153,#967555,#967555,#5E6265,#606568,#91674A,#936C4D,#856757,#7E6455,#74897D,#718279,#66453D,#66453D,#CE9D89,#CE9D89,#3B2924,#353B54
117,15,6,#694F47,#8F827D,#6F5D50,#33413D,#525354,#525557,#835C43,#846045,#765844,#806149,#7D5C47,#806149,#7D5C43,#815B43,#7D5C43,#7D5C43,#535053,#545555,#734F38,#75523A,#725646,#695243,#626D67,#5E6862,#53362F,#53362F,#C59482,#C59482,#30201D,#292B3E
118,15,7,#57443D,#79706D,#564439,#233332,#484443,#484544,#644430,#654733,#5B4332,#634A37,#604636,#634A37,#624532,#644430,#624532,#624532,#494341,#4A4643,#543626,#553827,#5B4536,#564034,#4E514D,#4B4E4A,#412B24,#412B24,#BB8D7B,#BB8D7B,#241916,#1C1F2B
119,15,8,#4C3E36,#625E5D,#483B32,#1C2C2B,#423633,#433834,#4D3326,#4E3427,#453025,#4A352A,#493428,#4A352A,#4C3426,#4C3224,#4C3426,#4C3426,#433632,#443835,#3D2519,#3D261B,#452C26,#463429,#393C37,#363836,#33211C,#33211C,#B68876,#B68876,#1D1412,#14161F
120,16,1,#C19679,#E3BFB0,#B09A90,#D7C4BB,#D6C2B7,#D9C7BB,#EFC6AE,#F2CCB4,#DFBBA5,#F0CDB6,#EBC5B0,#F0CDB6,#E9C4AE,#ECC4AE,#E9C4AE,#E9C4AE,#D6BEB4,#D9C6B9,#E9C2AC,#EECBB2,#E1D4C9,#DACAC4,#DBE4D9,#D3D9D0,#8D5D4F,#8D5D4F,#D4A08F,#D4A08F,#C6AF3B,#AEA8C6
121,16,2,#B4886B,#CDB0A5,#AC9286,#CDBBB3,#B9ABA6,#BBB0A9,#E1B59A,#E3BB9E,#D0AC94,#E0BEA2,#DDB69D,#E0BEA2,#DAB59A,#DEB299,#DAB59A,#DAB59A,#B7A8A2,#BBAFA7,#DBB196,#E0B79B,#CDB9AD,#C3B2A7,#C3D5C6,#BBC9BF,#8B5A4E,#8B5A4E,#D3A08D,#D3A08D,#C1AB3B,#A8A4C1
122,16,3,#9D765E,#A99793,#9A8174,#B8ACA6,#959190,#979594,#D1A182,#D3A685,#C0987E,#CFA88B,#CCA185,#CFA88B,#C6A181,#CE9E81,#C6A181,#C6A181,#958D8E,#979492,#C5987C,#CA9F80,#B69A8D,#AE9289,#A9C2B0,#A1B8A9,#7E5347,#7E5347,#CD9D8B,#CD9D8B,#AC9934,#9793AC
123,16,4,#8C6B56,#978C8B,#8D7064,#A09490,#727578,#74787B,#BC8867,#BD8D6A,#AB8468,#B69171,#B58C6E,#B69171,#B08B68,#B88567,#B08B68,#B08B68,#727376,#757779,#AE7E5F,#B18364,#9B7A6A,#957467,#8DA798,#889F92,#704B40,#704B40,#C69786,#C69786,#92812B,#807B92
124,16,5,#7A5E4C,#868182,#7E6155,#8F8884,#616264,#636567,#9F7153,#A17455,#906D54,#9B785D,#99735A,#9B785D,#977353,#9E6F53,#977353,#977353,#616262,#636566,#91664A,#936A4D,#866556,#7F6052,#778A7F,#73837A,#624036,#624036,#C19382,#C19382,#736523,#656273
125,16,6,#665041,#737379,#725247,#7D7977,#565453,#565655,#845A42,#865D43,#755642,#7F6049,#7C5B47,#7F6049,#7D5B43,#835A41,#7D5B43,#7D5B43,#565250,#565554,#744F38,#765239,#725345,#6B4E43,#656E67,#616862,#50322B,#50322B,#B88C7B,#B88C7B,#554A19,#4A4755
126,16,7,#55443A,#62656D,#64443A,#626261,#4D4541,#4E4742,#674530,#684833,#5C4232,#644837,#624536,#644837,#644532,#664530,#644532,#644532,#4D4340,#4E4643,#563827,#563C28,#5D4436,#594034,#4F534E,#4B4F4B,#3E2721,#3E2721,#B08576,#B08576,#3B3411,#34323B
127,16,8,#493B31,#525764,#5A3E33,#4E4C4C,#443631,#443833,#503426,#513527,#483025,#4E3528,#4D3427,#4E3528,#4E3224,#4F3424,#4E3224,#4E3224,#443530,#443833,#3F2619,#40271B,#472C26,#493426,#3B3D3A,#393937,#331D19,#331D19,#AA7E6F,#AA7E6F,#2A260D,#24232A
128,17,1,#B07E62,#C9AFA2,#A6856F,#D7BFBB,#D8C2B6,#DBC7BA,#EFC6AE,#F2CCB3,#DFBBA5,#F0CDB6,#EBC5B0,#F0CDB6,#E9C4AE,#ECC2AD,#E9C4AE,#E9C4AE,#D7BEB1,#DCC6B7,#E9C1AB,#EEC8B1,#E1D3C9,#DACAC4,#DCE5D9,#D3DAD0,#8D7D6F,#8D7D6F,#D7BDBB,#D7BDBB,#B59E31,#9A96B5
129,17,2,#9B7357,#BBA59D,#A67E68,#CEB7B1,#BBABA4,#BDB0A8,#E2B49A,#E4BA9E,#D1AB94,#E1BDA1,#DEB59C,#E1BDA1,#DAB49A,#DFB299,#DAB49A,#DAB49A,#BAA8A0,#BDAFA6,#DBAF96,#E0B69B,#CDB8AD,#C3B0A7,#C5D6C7,#BDCAC0,#8B7A6D,#8B7A6D,#D5BDBA,#D5BDBA,#B19C31,#9692B1
130,17,3,#89664F,#968B8B,#A0745A,#B8A8A6,#98918F,#999592,#D29F81,#D5A484,#C0987E,#CFA88B,#CCA185,#CFA88B,#C89F81,#CF9C81,#C89F81,#C89F81,#988D8C,#9A9490,#C5987C,#CA9E80,#B6988B,#AE9188,#ACC3B2,#A4B9AB,#7E7065,#7E7065,#D0B8B6,#D0B8B6,#9E8B2B,#87819D
131,17,4,#775949,#817B81,#976F56,#A89A9A,#767576,#787879,#BC8566,#BD8A68,#AC8365,#B89170,#B58B6D,#B89170,#B18966,#B88265,#B18966,#B18966,#767373,#787777,#AE7C5F,#AF8261,#9D776A,#957167,#92A99A,#8C9F94,#70655A,#70655A,#CAB3B1,#CAB3B1,#857424,#716D84
132,17,5,#664C40,#747379,#8B6149,#998D8F,#646261,#656563,#9F7052,#A17354,#926D52,#9D775B,#9A7358,#9D775B,#997153,#9E6E50,#997153,#997153,#64625F,#656561,#8F634A,#92684C,#886354,#815D51,#7A8A7F,#75837A,#62564E,#62564E,#C2ADAC,#C2ADAC,#695C1C,#5A5769
133,17,6,#574439,#65686F,#7E5641,#827E86,#595350,#595552,#845940,#855C43,#765742,#806049,#7D5C47,#806049,#7E5B42,#825840,#7E5B42,#7E5B42,#59504F,#595551,#734D38,#755139,#725345,#6C4E42,#656E67,#636862,#4E4740,#4E4740,#B8A5A5,#B8A5A5,#4D4315,#42404D
134,17,7,#473A31,#565E69,#623D31,#6C6D76,#4E4440,#4F4540,#674430,#6A4633,#5E4232,#654836,#634535,#654836,#654532,#664330,#654532,#654532,#4E433E,#4F4540,#563627,#563828,#5E4436,#5A4033,#4F534E,#4B4E4B,#3B3631,#3B3631,#AF9B9D,#AF9B9D,#35300E,#2E2D35
135,17,8,#42362E,#4C535F,#55332C,#5F6168,#46352F,#47362F,#513224,#523424,#483024,#4D3428,#4C3226,#4D3428,#4F3123,#503123,#4F3123,#4F3123,#46342E,#47352F,#402519,#40261B,#472C26,#4A3426,#3B3D3A,#393937,#2E2B27,#2E2B27,#A89699,#A89699,#26220A,#202026
136,18,1,#BFB0A0,#B6A09A,#9D7468,#B3A8AA,#D9C2B6,#DCC7B9,#EFC4AE,#F2CBB3,#DFBAA5,#F0CCB6,#EBC4B0,#F0CCB6,#E9C4AE,#ECC1AD,#E9C4AE,#E9C4AE,#D9BEB1,#DCC6B7,#E9C1AB,#EEC8B1,#E1D2C9,#DAC7C4,#DDE5D9,#D4DAD2,#8B7A6F,#8B7A6F,#D3BAB8,#D3BAB8,#8F7A19,#6F698B
137,18,2,#B3A294,#A89793,#906657,#A59BA0,#BDABA3,#BFB0A7,#E2B39A,#E4B99E,#D1AA94,#E1BCA1,#DEB59C,#E1BCA1,#DAB299,#DFB199,#DAB299,#DAB299,#BCA89F,#BFAFA5,#DAAE97,#DFB59B,#CEB6AD,#C3AEA7,#C7D6C8,#BFCAC1,#88796C,#88796C,#D1BAB7,#D1BAB7,#8B7719,#6C6687
138,18,3,#A0927E,#7E7A7E,#895D4C,#8B868D,#9C918C,#9C9591,#D39D80,#D5A383,#C0977E,#D1A78B,#CD9F85,#D1A78B,#C89D81,#D09B7F,#C89D81,#C89D81,#9A8D8A,#9D948F,#C5957C,#CA9B80,#B7978B,#B09086,#AFC3B3,#A8B9AC,#7B6F64,#7B6F64,#CDB6B3,#CDB6B3,#7D6A16,#5F5B7A
139,18,4,#948572,#727077,#7E5040,#77767D,#797673,#7B7976,#BC8365,#BD8968,#AC8065,#B88E70,#B5886D,#B88E70,#B28566,#BA8165,#B28566,#B28566,#797371,#7C7874,#AE7A5F,#AF8064,#9E756A,#976F67,#96AA9C,#8FA095,#6F6459,#6F6459,#C6B0AF,#C6B0AF,#695A12,#514D66
140,18,5,#7A6F5A,#66686F,#724232,#69696F,#67625F,#696561,#A16D50,#A47052,#926A52,#9D745B,#9A7158,#9D745B,#996F53,#A06C50,#996F53,#996F53,#675F5D,#6A6460,#91634A,#93674C,#886253,#7F5C4E,#7D8A83,#78837D,#5F554C,#5F554C,#BFAAA9,#BFAAA9,#53470E,#403E50
141,18,6,#625A47,#575E66,#683B2C,#686265,#5C514E,#5D5450,#855942,#875B43,#765542,#815E49,#7E5B47,#815E49,#7E5A41,#845741,#7E5A41,#7E5A41,#5C504C,#5D534F,#744D38,#76513A,#735143,#6C4D42,#686E68,#646865,#504942,#4B443E,#B6A2A2,#B6A2A2,#3E340B,#302D3B
142,18,7,#484232,#52555D,#522B1D,#555256,#50433C,#51453E,#6A442F,#6B4630,#5F4231,#654836,#644534,#654836,#664530,#69432F,#664530,#664530,#50413A,#51443D,#573626,#583828,#5F4233,#5A3D31,#505350,#4D4F4D,#3A3631,#3A3631,#AC999B,#AC999B,#2B2407,#201F29
143,18,8,#363123,#484F57,#442317,#3E3E41,#45352D,#46362E,#513324,#523426,#483025,#4D352A,#4C3428,#4D352A,#4F3224,#503224,#4F3224,#4F3224,#45342E,#46352E,#3F2519,#40261B,#482A24,#493326,#3B3D3B,#393938,#2C2B27,#2C2B27,#A29396,#A29396,#1D1906,#18161D
144,19,1,#A99B8F,#AC9994,#906657,#9796A0,#DAC2B4,#DDC7B8,#EFC3AE,#F2CBB3,#DFBAA5,#F0CCB6,#EBC4B0,#F0CCB6,#E9C2AE,#ECC1AD,#E9C2AE,#E9C2AE,#DABEB0,#DDC6B6,#E8C0AB,#EDC8B1,#E1D1C9,#DAC7C4,#DEE4D9,#D5D9D2,#81746B,#81746B,#C6B3B0,#C6B3B0,#C66363,#BCC6A8
145,19,2,#A09386,#9A8D8D,#81594B,#888C99,#C0ACA2,#C2B1A7,#E2B29A,#E4B89E,#D0A994,#E0BBA2,#DDB39D,#E0BBA2,#DAB299,#DFAF99,#DAB299,#DAB299,#BEA99F,#C2B0A4,#DAAB97,#DDB39B,#CEB5AD,#C3ADA6,#C9D6C9,#C2CAC2,#7E7269,#7E7269,#C5B1AF,#C5B1AF,#C06161,#B8C1A4
146,19,3,#897D6C,#79767A,#734C3E,#6B6D81,#9F918B,#A0968F,#D29B81,#D5A184,#C0967E,#CFA68B,#CC9E85,#CFA68B,#C89C81,#CF9A81,#C89C81,#C89C81,#9D8F88,#A0958E,#C5947E,#CA9A82,#B7958B,#B08D86,#B3C2B6,#ABB8AE,#746961,#746961,#C1AFAA,#C1AFAA,#AC5757,#A4AC93
147,19,4,#776D5D,#696B72,#6B4536,#575765,#807771,#807975,#BC8165,#BD8768,#AC7F65,#B88D70,#B5886D,#B88D70,#B28466,#BA8065,#B28466,#B28466,#7E756F,#817973,#AC7961,#AF7F65,#9E736A,#976E67,#99A79D,#929F97,#685E56,#685E56,#BBA9A6,#BBA9A6,#924949,#89927B
148,19,5,#645949,#61646C,#5A362A,#494B57,#6B625E,#6C655F,#A46B52,#A47054,#926A52,#9D745B,#9A7158,#9D745B,#996E53,#A16B50,#996E53,#996E53,#6B625B,#6C655E,#91624B,#93664E,#885F53,#7F594E,#818C84,#7C847E,#5A524C,#57504B,#B4A2A1,#B4A2A1,#733939,#6D7362
149,19,6,#554C3D,#525764,#4B2C21,#3E404C,#5E534C,#60554E,#855640,#875943,#765544,#815E49,#7E5B47,#815E49,#805A41,#845540,#805A41,#805A41,#5E504A,#60554D,#734C3A,#754F3B,#735043,#6E4D42,#686E6A,#656966,#45413D,#45413D,#AC9B9A,#AC9B9A,#542A2A,#505547
150,19,7,#3E392B,#4E5059,#3B2117,#2E3240,#524239,#52443A,#6A432F,#6B4530,#5F4231,#654836,#644534,#654836,#664430,#69422F,#664430,#664430,#524038,#524339,#573627,#583828,#5F4233,#5A3D31,#525350,#4E4F4D,#35322F,#35322F,#A19393,#A19393,#3B1D1D,#383B32
151,19,8,#2E281D,#414953,#2F1A13,#282E3A,#48352B,#48362C,#533223,#543424,#483024,#4E3528,#4D3426,#4E3528,#523123,#523123,#523123,#523123,#48342A,#48352B,#412619,#41271B,#482A24,#4B3325,#3B3D3B,#393938,#2A2827,#2A2827,#9A8F8F,#9A8F8F,#2A1515,#292A23
152,20,1,#9B9085,#C4BEBB,#866155,#888B96,#DCC2B4,#DFC7B8,#EFC3AE,#F2CBB3,#DFB9A5,#F0CCB6,#EBC4B0,#F0CCB6,#E9C1AE,#ECC1AD,#E9C1AE,#E9C1AE,#DBBEB0,#E0C6B6,#E8BEAB,#ECC6B1,#E1D1C9,#DAC7C4,#E0E5DC,#D7DAD3,#796D66,#796D66,#BAACA8,#BAACA8,#B35A5A,#AAB896
153,20,2,#94887A,#B3B1B1,#775044,#737A89,#C2ACA1,#C4B1A5,#E2B19A,#E4B79E,#D0A794,#E0B9A2,#DDB29D,#E0B9A2,#DAB19A,#DFAF99,#DAB19A,#DAB19A,#C1A99D,#C4B0A3,#DAAB98,#DDB39D,#CDB4AD,#C3ABA6,#CCD6CA,#C4CAC3,#766B65,#766B65,#B8AAA6,#B8AAA6,#AF5757,#A5B392
154,20,3,#7D7262,#A5A8A9,#684436,#595E69,#A3938A,#A4968E,#D29A81,#D59F84,#C0967E,#CFA48B,#CC9E85,#CFA48B,#C89B81,#CF9881,#C89B81,#C89B81,#A18F87,#A4958C,#C4947E,#C89A82,#B6938B,#AE8C88,#B6C1B6,#AEB7AF,#6C625E,#6C625E,#B6A6A2,#B6A6A2,#9C4E4E,#93A081
155,20,4,#6C6150,#949B9E,#5D3A2E,#4B505D,#847770,#867B73,#BC8066,#BD8568,#AC7F66,#B88D71,#B5886D,#B88D71,#B18266,#BA7E65,#B18266,#B18266,#84756E,#867A71,#AC7861,#AF7D65,#9E716A,#976B67,#9CA9A0,#969F9B,#615753,#615753,#B0A29E,#B0A29E,#844242,#7D876D
156,20,5,#575240,#828D93,#4E2F25,#3D4453,#6F625C,#71655E,#A16B52,#A46F54,#916A54,#9C745C,#996F59,#9C745C,#996E53,#A06A52,#996E53,#996E53,#6F625A,#71655D,#8F624C,#91654F,#895E54,#815951,#848C84,#7F8480,#524B48,#524B48,#A99D99,#A99D99,#683434,#626A57
157,20,6,#474132,#768489,#41251C,#313948,#615149,#63544B,#875640,#885943,#765544,#815E49,#7E5B47,#815E49,#7E5741,#855540,#7E5741,#7E5741,#615048,#63534A,#734C3A,#754F3B,#735043,#6C4A42,#6C706D,#676A67,#413D3A,#413D3A,#A09493,#A09493,#4D2626,#494E40
158,20,7,#393325,#6C797E,#331D16,#202839,#534137,#544338,#6B4430,#6C4632,#5F4232,#654836,#644535,#654836,#664330,#694330,#664330,#664330,#534037,#544237,#573627,#583828,#5F4233,#5A3D31,#525351,#4F4F4E,#322E2E,#322E2E,#978F8C,#978F8C,#351B1B,#32372D
159,20,8,#2A251C,#616F76,#2A1915,#192331,#493429,#4A342A,#533324,#543424,#493024,#4F3528,#4E3426,#4F3528,#523223,#523223,#523223,#523223,#493228,#4A342A,#422619,#43281B,#482A24,#4D3325,#3D3D3B,#3A3938,#272524,#272524,#908988,#908988,#261414,#232720
160,21,1,#9B907E,#D7C4BB,#735648,#A59093,#DDC2B4,#E0C7B8,#EFC3AE,#F2CBB4,#DFB9A6,#F0CBB6,#EBC2B0,#F0CBB6,#E9C1AE,#ECC1AE,#E9C1AE,#E9C1AE,#DDBEB0,#E0C6B6,#E8C0AD,#EDC8B3,#E1D1C9,#D8C7C4,#E1E4DC,#D8D9D3,#927D6D,#927D6D,#E8CAB0,#E8CAB0,#8B4646,#7E9668
161,21,2,#8D8470,#CDBBB3,#6B493A,#9A898D,#C5ACA1,#C8B3A5,#E1B19A,#E3B69E,#CFA794,#E0B9A2,#DBB29D,#E0B9A2,#DAB19A,#DEAE99,#DAB19A,#DAB19A,#C4AA9D,#C8B2A2,#D9AB99,#DCB39D,#CDB4AD,#C3AAA6,#CDD5CC,#C6C9C4,#8F7A6C,#8F7A6C,#E8C9B0,#E8C9B0,#874545,#7B9265
162,21,3,#776F5A,#B8ACA6,#5F3E2C,#867B84,#A69388,#A8988C,#D19A81,#D39F84,#C0967E,#CFA48C,#CC9E86,#CFA48C,#C69A81,#CE9881,#C69A81,#C69A81,#A59085,#A8978B,#C4937F,#C89982,#B6938D,#AB8986,#B8C2B9,#B1B8B3,#847064,#847064,#E2C4AC,#E2C4AC,#7A3E3E,#6F825A
163,21,4,#68614C,#A09490,#4C3125,#7E767D,#877770,#897B72,#BA8066,#BC8569,#AB7D68,#B68B71,#B5856E,#B68B71,#B18167,#B87E66,#B18167,#B18167,#87756D,#897A71,#AB7862,#AD7D66,#9D716B,#956967,#9EA9A1,#989F9B,#766559,#766559,#DBBEA8,#DBBEA8,#663232,#5C6F4C
164,21,5,#57503D,#8F8884,#3E271C,#76727A,#72625A,#74655D,#A06A52,#A36D54,#916954,#9C735D,#996F5A,#9C735D,#996C53,#9E6852,#996C53,#996C53,#726258,#75655B,#8F624D,#91654F,#885E55,#815952,#858E87,#818782,#66564C,#66564C,#D4B8A1,#D4B8A1,#502929,#4A573C
165,21,6,#4C442F,#7D7977,#332117,#6D6B76,#645148,#65534A,#855442,#875843,#765444,#815C49,#7E5847,#815C49,#7E5741,#845441,#7E5741,#7E5741,#644F47,#655249,#734B3A,#754E3D,#734F43,#6E4A42,#6C716D,#686A69,#50453D,#50453D,#CAB09A,#CAB09A,#3B1D1D,#35402B
166,21,7,#393521,#626261,#2E1D15,#64626F,#544036,#554237,#6A432F,#6B4530,#5F4232,#654836,#644535,#654836,#66422F,#69422F,#66422F,#66422F,#543E35,#554236,#563528,#56382A,#5F4134,#5A3D33,#535452,#4F4F4F,#3E362F,#3E362F,#BFA992,#BFA992,#291515,#262D1F
167,21,8,#2E2A19,#4E4C4C,#25170F,#5A5E6B,#493228,#4A3328,#543223,#553423,#493024,#4F3527,#4E3426,#4F3527,#523121,#533121,#523121,#523121,#493126,#4A3328,#422619,#43271B,#482925,#4B3325,#3E3E3C,#3C3B3A,#312B25,#312B25,#B7A28C,#B7A28C,#1D0E0E,#1B2016
168,22,1,#A69A93,#B19690,#BFB4B1,#947D7B,#DEC2B3,#E1C7B8,#EEC3AE,#F1C9B4,#DEB9A6,#EFCBB6,#EBC2B0,#EFCBB6,#E9C1AF,#EAC0AE,#E9C1AF,#E9C1AF,#DEBEB0,#E1C6B6,#E8C0AD,#ECC8B3,#E1D0CA,#D8C7C5,#E2E4DC,#D9D9D3,#907B6C,#907B6C,#E6C6AF,#E6C6AF,#875A45,#818CC6
169,22,2,#978F8B,#A58D89,#B6A6A2,#847073,#C5ACA1,#C9B3A5,#E1B09B,#E3B69E,#CFA795,#E0B9A3,#DBB29D,#E0B9A3,#D9B19A,#DEAE9A,#D9B19A,#D9B19A,#C5AA9D,#CAB2A2,#D7AB99,#DCB39D,#CCB4AD,#C1AAA7,#D0D5CC,#C7C9C4,#8D796B,#8D796B,#E5C6AF,#E5C6AF,#845843,#7E89C0
170,22,3,#89817E,#7A6C6F,#A99492,#736468,#A99388,#AB988C,#D09982,#D29E85,#BE9680,#CEA48C,#C99E87,#CEA48C,#C69A82,#CD9782,#C69A82,#C69A82,#A89085,#AB978B,#C3937F,#C79983,#B6938D,#AB8988,#BAC2BA,#B4B8B3,#826F62,#826F62,#E1C1AA,#E1C1AA,#744E3C,#717AAC
171,22,4,#7A7370,#695D6B,#948584,#6C5E64,#8B776F,#8B7B71,#BA7F67,#BC836A,#A97C68,#B68A73,#B3846E,#B68A73,#B08168,#B87D67,#B08168,#B08168,#8A756D,#8C7A70,#A97665,#AD7C68,#9C716B,#956967,#A0A9A3,#9A9F9C,#736457,#736457,#DABDA6,#DABDA6,#624332,#5F6892
172,22,5,#66625F,#61565E,#82706F,#65565F,#756359,#77665B,#9F6A53,#A16D55,#906954,#9B735D,#996F5A,#9B735D,#976C53,#9E6853,#976C53,#976C53,#756257,#78665A,#8C5F4E,#8F6451,#865B56,#7F5852,#868D88,#828683,#64554C,#64554C,#D3B6A0,#D3B6A0,#4E3529,#4A5173
173,22,6,#4C4C48,#564C55,#76696D,#5D525D,#655148,#675448,#855642,#875945,#765444,#805C49,#7D5847,#805C49,#7E5742,#845542,#7E5742,#7E5742,#655046,#675347,#724C3B,#754F3E,#735045,#6C4A42,#6D706D,#6A6A69,#4F453D,#4F453D,#C6AF99,#C6AF99,#39261D,#383C54
174,22,7,#403E3B,#52474E,#595052,#4F4753,#553F33,#564135,#6B4330,#6C4432,#5F4032,#654736,#644435,#654736,#664330,#694130,#664330,#664330,#553E32,#564035,#573528,#58382A,#614134,#5A3D33,#555653,#515150,#3E362F,#3E362F,#BDA692,#BDA692,#291C15,#262A3B
175,22,8,#32312F,#483E45,#40353A,#45414E,#493126,#4A3127,#543223,#553424,#493024,#4F3528,#4E3426,#4F3528,#523223,#533123,#523223,#523223,#492F24,#4A3127,#422619,#43271B,#492925,#4D3425,#3E3F3E,#3C3C3A,#312A24,#312A24,#B69E8B,#B69E8B,#1C140E,#1C1D2A
176,23,1,#888182,#A18B88,#A18F8C,#927476,#DFC2B3,#E2C7B8,#EDC3AE,#F0C9B4,#DCB9A6,#EECBB6,#E9C2B0,#EECBB6,#E8C1AF,#EAC0AE,#E8C1AF,#E8C1AF,#DEBEB0,#E3C6B6,#E7C0AD,#EBC8B3,#E0D0CA,#D8C7C5,#E3E4DE,#DAD9D5,#8B7669,#8B7669,#E1C1AD,#E1C1AD,#7A4E38,#6F7AB3
177,23,2,#81797B,#96827E,#998481,#7E6669,#C7AC9F,#CAB3A4,#E0B19C,#E3B69F,#CFA795,#DFB9A3,#DAB29D,#DFB9A3,#D9AF9A,#DDAE9A,#D9AF9A,#D9AF9A,#C5AA9C,#CAB2A1,#D7AB99,#DAB39E,#CCB4AF,#C0AAA7,#D0D4CD,#C8C9C6,#887368,#887368,#E1C1AC,#E1C1AC,#774D38,#6C77AF
178,23,3,#736C73,#706465,#8D7470,#665255,#AB9387,#AD988C,#CF9782,#D19D85,#BE9480,#CEA38E,#C99C88,#CEA38E,#C59A82,#CC9582,#C59A82,#C59A82,#AB9085,#AD978A,#C39281,#C79884,#B6938D,#AB8989,#BBC1BA,#B4B7B3,#7D6B5F,#7D6B5F,#DBBDA9,#DBBDA9,#6A4531,#616A9C
179,23,4,#64616D,#65575F,#816261,#5F4B56,#8E776D,#8E796F,#B77D67,#BB826A,#A97C68,#B58A73,#B2846E,#B58A73,#AF8168,#B67B67,#AF8168,#AF8168,#8C756B,#8F796E,#A87665,#AB7B68,#9C716D,#956967,#A2A9A3,#9C9F9D,#6F5F55,#6F5F55,#D5B7A2,#D5B7A2,#5A392A,#535A84
180,23,5,#5A5768,#5D5056,#7A5755,#594750,#786257,#79655A,#9F6753,#A06C55,#8F6854,#9A735D,#986E5A,#9A735D,#976B53,#9D6653,#976B53,#976B53,#775F56,#796458,#8B5E4D,#8D634F,#865B56,#7F5852,#898D8A,#838684,#615249,#615249,#CEB19E,#CEB19E,#462E20,#404668
181,23,6,#4F4F61,#554B53,#704948,#52414F,#675045,#685247,#845442,#865843,#755444,#7F5C49,#7C5847,#7F5C49,#7D5542,#835441,#7D5542,#7D5542,#664F44,#685246,#6F4B3A,#714E3D,#724D45,#6B4A43,#6D716E,#6A6A69,#4E413B,#4E413B,#C2A997,#C2A997,#342219,#30344D
182,23,7,#454556,#50444E,#613E3D,#453645,#553E31,#564033,#6A4130,#6B4332,#5E4032,#654637,#634336,#654637,#664130,#694030,#664130,#664130,#553D30,#564033,#553528,#56372A,#5F4034,#5A3C33,#535452,#4F4F4F,#3B322E,#3B322E,#B8A08F,#B8A08F,#241811,#202435
183,23,8,#40404F,#453D42,#563332,#3B2E3D,#492F24,#4A3124,#533223,#543424,#483024,#4E3527,#4D3426,#4E3527,#523223,#523123,#523223,#523223,#492F23,#4A3124,#412619,#41271B,#482925,#4B3425,#3E3E3C,#3C3B3A,#2E2824,#2E2824,#B19A8B,#B19A8B,#19110B,#181926
184,24,1,#7A7479,#9A8582,#947E7A,#8B7079,#DFC2B3,#E2C7B8,#EDC3AE,#F0C9B4,#DCB7A6,#EECBB6,#E9C2B0,#EECBB6,#E8C1AF,#EAC0AE,#E8C1AF,#E8C1AF,#DEBEB0,#E3C6B6,#E7C0AD,#EBC8B3,#E0D0CA,#D8C7C5,#E3E4DE,#DAD9D5,#826D62,#867066,#DBBBA8,#DEBBAA,#5C321C,#464D8B
185,24,2,#68666D,#8C797A,#856966,#77646C,#CAAC9F,#CCB1A2,#E0B09C,#E3B69F,#CFA795,#DFB9A3,#DAB29D,#DFB9A3,#D9AF9A,#DDAE9A,#D9AF9A,#D9AF9A,#C9A99C,#CCB0A0,#D7AA99,#DAB29E,#CCB4AF,#C0AAA7,#D1D5CF,#C9C9C7,#7E6B5F,#846F64,#DABAA8,#DCBAA9,#5B311C,#454C87
186,24,3,#5E5A64,#695D62,#745A57,#615057,#AD9387,#AF988A,#CF9782,#D19D85,#BE9480,#CEA38E,#C99C88,#CEA38E,#C59A82,#CC9582,#C59A82,#C59A82,#AC9084,#AF9788,#C39281,#C79884,#B6938D,#AB8989,#BCC2BB,#B5B8B6,#766459,#79665D,#D5B6A2,#D7B6A6,#512B19,#3E437A
187,24,4,#53525E,#5F535A,#6B4E4C,#594B50,#8F776D,#91796F,#B77F68,#BB836B,#A97C69,#B58A73,#B2826F,#B58A73,#AF8068,#B67D68,#AF8068,#AF8068,#8F756B,#91796E,#A77665,#AA7B68,#9B716D,#946968,#A2AAA4,#9CA09E,#69574F,#6C5A52,#D0B09E,#D1B0A0,#452415,#323866
188,24,5,#4B4957,#574C53,#654544,#52444C,#796256,#7B6559,#9F6953,#A06C55,#906955,#9B735D,#996F5B,#9B735D,#976B55,#9D6753,#976B55,#976B55,#795F55,#7C6458,#8B5F4E,#8E6451,#855B56,#7E5852,#898D8A,#838684,#594C44,#5D4E47,#C9AA99,#CAAA9B,#351D11,#292D50
189,24,6,#42424F,#50454B,#573936,#4B3A48,#675043,#695245,#845442,#865843,#765444,#815C4A,#7E5848,#815C4A,#7E5543,#835441,#7E5543,#7E5543,#674F42,#6A5245,#6F4B3A,#714E3D,#724D46,#6C4943,#6F716F,#6A6C6B,#483E36,#4B3E39,#BFA292,#BFA293,#29150B,#1D203B
190,24,7,#3D3D49,#4E4148,#4C2C2B,#3B2E3B,#573D31,#583F32,#6A412F,#6B4330,#5F4032,#654736,#644435,#654736,#664230,#69402F,#664230,#664230,#573D30,#583F32,#563529,#56382A,#5F4134,#5A3D33,#555653,#515150,#362F2B,#39312C,#B69A8B,#B69A8D,#1C0E08,#151629
191,24,8,#3A3B52,#423A40,#442121,#312731,#4A2F23,#4B3023,#543323,#553423,#493024,#4F3528,#4E3426,#4F3528,#533221,#533221,#533221,#533221,#4A2E21,#4B3023,#422619,#43281B,#482925,#4B3325,#3E3F3E,#3C3C3A,#2C2723,#2C2723,#AF9488,#AF9488,#140B07,#0E111D