index,row,column,aura_raen_m,aura_raen_f,aura_xael_m,aura_xael_f,elez_dusk_m,elez_dusk_f,elez_wild_m,elez_wild_f,hyur_high_m,hyur_high_f,hyur_midl_m,hyur_midl_f,lala_dune_m,lala_dune_f,lala_plai_m,lala_plai_f,miqo_keep_m,miqo_keep_f,miqo_seek_f,miqo_seek_m,roeg_hell_m,roeg_hell_f,roeg_seaw_m,roeg_seaw_f,vier_rava_m,vier_rava_f,vier_veen_m,vier_veen_f,hrot_heli_m,hrot_lost_m
0,1,1,#FEFEFE,#FEFEFE,#FEFEFE,#FEFEFE,#FEFEFE,#FEFEFE,#FEFEFE,#FEFEFE,#FEFEFE,#FEFEFE,#FEFEFE,#FEFEFE,#FEFEFE,#FEFEFE,#FEFEFE,#FEFEFE,#FEFEFE,#FEFEFE,#FEFEFE,#FEFEFE,#FEFEFE,#FEFEFE,#FEFEFE,#FEFEFE,#FEFEFE,#FEFEFE,#FEFEFE,#FEFEFE,#FFFFFF,#FFFFFF
1,1,2,#DEDEDE,#DEDEDE,#DEDEDE,#DEDEDE,#DEDEDE,#DEDEDE,#DEDEDE,#DEDEDE,#DEDEDE,#DEDEDE,#DEDEDE,#DEDEDE,#DEDEDE,#DEDEDE,#DEDEDE,#DEDEDE,#DEDEDE,#DEDEDE,#DEDEDE,#DEDEDE,#DEDEDE,#DEDEDE,#DEDEDE,#DEDEDE,#DEDEDE,#DEDEDE,#DEDEDE,#DEDEDE,#FCFCFC,#FCFCFC
2,1,3,#BFBFBF,#BFBFBF,#BFBFBF,#BFBFBF,#BFBFBF,#BFBFBF,#BFBFBF,#BFBFBF,#BFBFBF,#BFBFBF,#BFBFBF,#BFBFBF,#BFBFBF,#BFBFBF,#BFBFBF,#BFBFBF,#BFBFBF,#BFBFBF,#BFBFBF,#BFBFBF,#BFBFBF,#BFBFBF,#BFBFBF,#BFBFBF,#BFBFBF,#BFBFBF,#BFBFBF,#BFBFBF,#EEEEEE,#EEEEEE
3,1,4,#9C9C9C,#9C9C9C,#9C9C9C,#9C9C9C,#9C9C9C,#9C9C9C,#9C9C9C,#9C9C9C,#9C9C9C,#9C9C9C,#9C9C9C,#9C9C9C,#9C9C9C,#9C9C9C,#9C9C9C,#9C9C9C,#9C9C9C,#9C9C9C,#9C9C9C,#9C9C9C,#9C9C9C,#9C9C9C,#9C9C9C,#9C9C9C,#9C9C9C,#9C9C9C,#9C9C9C,#9C9C9C,#DCDCDC,#DCDCDC
4,1,5,#727272,#727272,#727272,#727272,#727272,#727272,#727272,#727272,#727272,#727272,#727272,#727272,#727272,#727272,#727272,#727272,#727272,#727272,#727272,#727272,#727272,#727272,#727272,#727272,#727272,#727272,#727272,#727272,#C8C8C8,#C8C8C8
5,1,6,#515151,#515151,#515151,#515151,#515151,#515151,#515151,#515151,#515151,#515151,#515151,#515151,#515151,#515151,#515151,#515151,#515151,#515151,#515151,#515151,#515151,#515151,#515151,#515151,#515151,#515151,#515151,#515151,#B5B5B5,#B5B5B5
6,1,7,#333333,#333333,#333333,#333333,#333333,#333333,#333333,#333333,#333333,#333333,#333333,#333333,#333333,#333333,#333333,#333333,#333333,#333333,#333333,#333333,#333333,#333333,#333333,#333333,#333333,#333333,#333333,#333333,#A4A4A4,#A4A4A4
7,1,8,#121212,#121212,#121212,#121212,#121212,#121212,#121212,#121212,#121212,#121212,#121212,#121212,#121212,#121212,#121212,#121212,#121212,#121212,#121212,#121212,#121212,#121212,#121212,#121212,#121212,#121212,#121212,#121212,#989898,#989898
8,2,1,#FFFFF4,#FFFFF4,#FFFFF4,#FFFFF4,#FFFFF4,#FFFFF4,#FFFFF4,#FFFFF4,#FFF8E4,#FFF8E4,#FFF8E4,#FFF8E4,#FFFFF4,#FFFFF4,#FFFFF4,#FFFFF4,#FFFFF4,#FFFFF4,#FFFFF4,#FFFFF4,#FFFFF1,#FFFFF1,#FFFFF1,#FFFFF1,#FFF8E4,#FFF8E4,#FFF8E4,#FFF8E4,#808080,#808080
9,2,2,#FBF5DC,#FBF5DC,#FBF5DC,#FBF5DC,#FBF5DC,#FBF5DC,#FBF5DC,#FBF5DC,#FFF1C7,#FFF1C7,#FFF1C7,#FFF1C7,#FBF5DC,#FBF5DC,#FBF5DC,#FBF5DC,#FBF5DC,#FBF5DC,#FBF5DC,#FBF5DC,#FFF6D7,#FFF6D7,#FFF6D7,#FFF6D7,#FFF1C7,#FFF1C7,#FFF1C7,#FFF1C7,#7C7C7C,#7C7C7C
10,2,3,#F3E8BE,#F3E8BE,#F3E8BE,#F3E8BE,#F3E8BE,#F3E8BE,#F3E8BE,#F3E8BE,#FFE7A1,#FFE7A1,#FFE7A1,#FFE7A1,#F3E8BE,#F3E8BE,#F3E8BE,#F3E8BE,#F3E8BE,#F3E8BE,#F3E8BE,#F3E8BE,#FFEAB1,#FFEAB1,#FFEAB1,#FFEAB1,#FFE7A1,#FFE7A1,#FFE7A1,#FFE7A1,#6E6E6E,#6E6E6E
11,2,4,#DFD5AD,#DFD5AD,#DFD5AD,#DFD5AD,#DFD5AD,#DFD5AD,#DFD5AD,#DFD5AD,#F6DA87,#F6DA87,#F6DA87,#F6DA87,#DFD5AD,#DFD5AD,#DFD5AD,#DFD5AD,#DFD5AD,#DFD5AD,#DFD5AD,#DFD5AD,#EFDA9D,#EFDA9D,#EFDA9D,#EFDA9D,#F6DA87,#F6DA87,#F6DA87,#F6DA87,#5A5A5A,#5A5A5A
12,2,5,#C4BB99,#C4BB99,#C4BB99,#C4BB99,#C0B793,#C0B793,#C0B793,#C0B793,#D5BC72,#D5BC72,#D5BC72,#D5BC72,#C4BB99,#C4BB99,#C4BB99,#C4BB99,#C4BB99,#C4BB99,#C4BB99,#C4BB99,#CFBC87,#CFBC87,#CFBC87,#CFBC87,#D5BC72,#D5BC72,#D5BC72,#D5BC72,#454545,#454545
13,2,6,#999175,#999175,#999175,#999175,#958D70,#958D70,#958D70,#958D70,#A79356,#A79356,#A79356,#A79356,#999175,#999175,#999175,#999175,#999175,#999175,#999175,#999175,#A19265,#A19265,#A19265,#A19265,#A79356,#A79356,#A79356,#A79356,#313131,#313131
14,2,7,#625D49,#625D49,#625D49,#625D49,#625D49,#625D49,#625D49,#625D49,#6E6037,#6E6037,#6E6037,#6E6037,#625D49,#625D49,#625D49,#625D49,#625D49,#625D49,#625D49,#625D49,#6A6042,#6A6042,#6A6042,#6A6042,#6E6037,#6E6037,#6E6037,#6E6037,#1F1F1F,#1F1F1F
15,2,8,#4E4B3B,#4E4B3B,#4E4B3B,#4E4B3B,#4E4B3B,#4E4B3B,#4E4B3B,#4E4B3B,#574D2E,#574D2E,#574D2E,#574D2E,#4E4B3B,#4E4B3B,#4E4B3B,#4E4B3B,#4E4B3B,#4E4B3B,#4E4B3B,#4E4B3B,#544C36,#544C36,#544C36,#544C36,#574D2E,#574D2E,#574D2E,#574D2E,#121212,#121212
16,3,1,#F7F5EC,#F7F5EC,#F7F5EC,#F7F5EC,#F7F5EC,#F7F5EC,#F7F5EC,#F7F5EC,#FCF7E8,#FCF7E8,#FCF7E8,#FCF7E8,#F7F5EC,#F7F5EC,#F7F5EC,#F7F5EC,#F7F5EC,#F7F5EC,#F7F5EC,#F7F5EC,#F8F4EA,#F8F4EA,#F8F4EA,#F8F4EA,#FCF7E8,#FCF7E8,#FCF7E8,#FCF7E8,#F6E5D2,#F6E5D2
17,3,2,#F1ECD9,#F1ECD9,#F1ECD9,#F1ECD9,#F1ECD9,#F1ECD9,#F1ECD9,#F1ECD9,#FAEFD1,#FAEFD1,#FAEFD1,#FAEFD1,#F1ECD9,#F1ECD9,#F1ECD9,#F1ECD9,#F1ECD9,#F1ECD9,#F1ECD9,#F1ECD9,#F4ECD7,#F4ECD7,#F4ECD7,#F4ECD7,#FAEFD1,#FAEFD1,#FAEFD1,#FAEFD1,#EFDFCC,#EFDFCC
18,3,3,#E1D9BA,#E1D9BA,#E1D9BA,#E1D9BA,#E1D9BA,#E1D9BA,#E1D9BA,#E1D9BA,#EFDDAB,#EFDDAB,#EFDDAB,#EFDDAB,#E1D9BA,#E1D9BA,#E1D9BA,#E1D9BA,#E1D9BA,#E1D9BA,#E1D9BA,#E1D9BA,#E5D9B5,#E5D9B5,#E5D9B5,#E5D9B5,#EFDDAB,#EFDDAB,#EFDDAB,#EFDDAB,#D5C6B6,#D5C6B6
19,3,4,#C8C0A1,#C8C0A1,#C8C0A1,#C8C0A1,#C8C0A1,#C8C0A1,#C8C0A1,#C8C0A1,#D6C693,#D6C693,#D6C693,#D6C693,#C8C0A1,#C8C0A1,#C8C0A1,#C8C0A1,#C8C0A1,#C8C0A1,#C8C0A1,#C8C0A1,#CCC19D,#CCC19D,#CCC19D,#CCC19D,#D6C693,#D6C693,#D6C693,#D6C693,#B2A698,#B2A698
20,3,5,#A79F85,#A79F85,#A79F85,#A79F85,#A79F85,#A79F85,#A79F85,#A79F85,#B5A578,#B5A578,#B5A578,#B5A578,#A79F85,#A79F85,#A79F85,#A79F85,#A79F85,#A79F85,#A79F85,#A79F85,#ACA081,#ACA081,#ACA081,#ACA081,#B5A578,#B5A578,#B5A578,#B5A578,#8D8378,#8D8378
21,3,6,#807B66,#807B66,#807B66,#807B66,#7F7A62,#7F7A62,#7F7A62,#7F7A62,#8A7F58,#8A7F58,#8A7F58,#8A7F58,#807B66,#807B66,#807B66,#807B66,#807B66,#807B66,#807B66,#807B66,#82795F,#82795F,#82795F,#82795F,#8A7F58,#8A7F58,#8A7F58,#8A7F58,#676058,#676058
22,3,7,#5D5949,#5D5949,#5D5949,#5D5949,#565242,#565242,#565242,#565242,#5E543B,#5E543B,#5E543B,#5E543B,#5D5949,#5D5949,#5D5949,#5D5949,#5D5949,#5D5949,#5D5949,#5D5949,#595140,#595140,#595140,#595140,#5E543B,#5E543B,#5E543B,#5E543B,#47423D,#47423D
23,3,8,#514D41,#514D41,#514D41,#514D41,#444336,#444336,#444336,#444336,#4A4531,#4A4531,#4A4531,#4A4531,#514D41,#514D41,#514D41,#514D41,#514D41,#514D41,#514D41,#514D41,#464235,#464235,#464235,#464235,#4A4531,#4A4531,#4A4531,#4A4531,#312E2A,#312E2A
24,4,1,#FEF8E4,#FEF8E4,#FEF8E4,#FEF8E4,#FFFAE4,#FFFAE4,#FFFAE4,#FFFAE4,#FFF1D5,#FFF1D5,#FFF1D5,#FFF1D5,#FEF8E4,#FEF8E4,#FEF8E4,#FEF8E4,#FEF8E4,#FEF8E4,#FEF8E4,#FEF8E4,#FFF8E3,#FFF8E3,#FFF8E3,#FFF8E3,#FFF1D5,#FFF1D5,#FFF1D5,#FFF1D5,#EAD4BB,#EAD4BB
25,4,2,#FDEFC8,#FDEFC8,#FDEFC8,#FDEFC8,#FEF0CE,#FEF0CE,#FEF0CE,#FEF0CE,#FFE9BE,#FFE9BE,#FFE9BE,#FFE9BE,#FDEFC8,#FDEFC8,#FDEFC8,#FDEFC8,#FDEFC8,#FDEFC8,#FDEFC8,#FDEFC8,#FFEDCD,#FFEDCD,#FFEDCD,#FFEDCD,#FFE9BE,#FFE9BE,#FFE9BE,#FFE9BE,#E4CEB6,#E4CEB6
26,4,3,#FBE4A4,#FBE4A4,#FBE4A4,#FBE4A4,#F9E2AC,#F9E2AC,#F9E2AC,#F9E2AC,#FFDC97,#FFDC97,#FFDC97,#FFDC97,#FBE4A4,#FBE4A4,#FBE4A4,#FBE4A4,#FBE4A4,#FBE4A4,#FBE4A4,#FBE4A4,#FFE1A7,#FFE1A7,#FFE1A7,#FFE1A7,#FFDC97,#FFDC97,#FFDC97,#FFDC97,#CBB8A2,#CBB8A2
27,4,4,#E9D495,#E9D495,#E9D495,#E9D495,#DEC78D,#DEC78D,#DEC78D,#DEC78D,#F2C56D,#F2C56D,#F2C56D,#F2C56D,#E9D495,#E9D495,#E9D495,#E9D495,#E9D495,#E9D495,#E9D495,#E9D495,#E7C585,#E7C585,#E7C585,#E7C585,#F2C56D,#F2C56D,#F2C56D,#F2C56D,#AA9A88,#AA9A88
28,4,5,#CAB77E,#CAB77E,#CAB77E,#CAB77E,#BDA876,#BDA876,#BDA876,#BDA876,#CCA65B,#CCA65B,#CCA65B,#CCA65B,#CAB77E,#CAB77E,#CAB77E,#CAB77E,#CAB77E,#CAB77E,#CAB77E,#CAB77E,#C3A66F,#C3A66F,#C3A66F,#C3A66F,#CCA65B,#CCA65B,#CCA65B,#CCA65B,#86796B,#86796B
29,4,6,#9E8E60,#9E8E60,#9E8E60,#9E8E60,#8F805B,#8F805B,#8F805B,#8F805B,#9B7E45,#9B7E45,#9B7E45,#9B7E45,#9E8E60,#9E8E60,#9E8E60,#9E8E60,#9E8E60,#9E8E60,#9E8E60,#9E8E60,#967F54,#967F54,#967F54,#967F54,#9B7E45,#9B7E45,#9B7E45,#9B7E45,#62594E,#62594E
30,4,7,#695E40,#695E40,#695E40,#695E40,#665C43,#665C43,#665C43,#665C43,#6D5A36,#6D5A36,#6D5A36,#6D5A36,#695E40,#695E40,#695E40,#695E40,#695E40,#695E40,#695E40,#695E40,#6A5B41,#6A5B41,#6A5B41,#6A5B41,#6D5A36,#6D5A36,#6D5A36,#6D5A36,#443E36,#443E36
31,4,8,#534B34,#534B34,#534B34,#534B34,#494233,#494233,#494233,#494233,#4D4029,#4D4029,#4D4029,#4D4029,#534B34,#534B34,#534B34,#534B34,#534B34,#534B34,#534B34,#534B34,#4A4130,#4A4130,#4A4130,#4A4130,#4D4029,#4D4029,#4D4029,#4D4029,#2F2A25,#2F2A25
32,5,1,#F9F5EA,#F9F5EA,#F9F5EA,#F9F5EA,#F5EFE2,#F5EFE2,#F5EFE2,#F5EFE2,#FBF1DD,#FBF1DD,#FBF1DD,#FBF1DD,#F9F5EA,#F9F5EA,#F9F5EA,#F9F5EA,#F9F5EA,#F9F5EA,#F9F5EA,#F9F5EA,#F7EEDF,#F7EEDF,#F7EEDF,#F7EEDF,#FBF1DD,#FBF1DD,#FBF1DD,#FBF1DD,#CEAE86,#CEAE86
33,5,2,#F5ECD5,#F5ECD5,#F5ECD5,#F5ECD5,#F1E8D2,#F1E8D2,#F1E8D2,#F1E8D2,#F8E9CA,#F8E9CA,#F8E9CA,#F8E9CA,#F5ECD5,#F5ECD5,#F5ECD5,#F5ECD5,#F5ECD5,#F5ECD5,#F5ECD5,#F5ECD5,#F2E7CF,#F2E7CF,#F2E7CF,#F2E7CF,#F8E9CA,#F8E9CA,#F8E9CA,#F8E9CA,#C8A982,#C8A982
34,5,3,#E8DAB4,#E8DAB4,#E8DAB4,#E8DAB4,#E0D2B1,#E0D2B1,#E0D2B1,#E0D2B1,#EDD5A4,#EDD5A4,#EDD5A4,#EDD5A4,#E8DAB4,#E8DAB4,#E8DAB4,#E8DAB4,#E8DAB4,#E8DAB4,#E8DAB4,#E8DAB4,#E4D1AC,#E4D1AC,#E4D1AC,#E4D1AC,#EDD5A4,#EDD5A4,#EDD5A4,#EDD5A4,#B39774,#B39774
35,5,4,#CFC19C,#CFC19C,#CFC19C,#CFC19C,#C2B38E,#C2B38E,#C2B38E,#C2B38E,#CFB580,#CFB580,#CFB580,#CFB580,#CFC19C,#CFC19C,#CFC19C,#CFC19C,#CFC19C,#CFC19C,#CFC19C,#CFC19C,#C6B289,#C6B289,#C6B289,#C6B289,#CFB580,#CFB580,#CFB580,#CFB580,#957E61,#957E61
36,5,5,#ADA27F,#ADA27F,#ADA27F,#ADA27F,#9E9373,#9E9373,#9E9373,#9E9373,#AB9567,#AB9567,#AB9567,#AB9567,#ADA27F,#ADA27F,#ADA27F,#ADA27F,#ADA27F,#ADA27F,#ADA27F,#ADA27F,#A3936F,#A3936F,#A3936F,#A3936F,#AB9567,#AB9567,#AB9567,#AB9567,#76644D,#76644D
37,5,6,#837A5E,#837A5E,#837A5E,#837A5E,#776C55,#776C55,#776C55,#776C55,#80704C,#80704C,#80704C,#80704C,#837A5E,#837A5E,#837A5E,#837A5E,#837A5E,#837A5E,#837A5E,#837A5E,#7B6C53,#7B6C53,#7B6C53,#7B6C53,#80704C,#80704C,#80704C,#80704C,#564938,#564938
38,5,7,#5A5240,#5A5240,#5A5240,#5A5240,#564F40,#564F40,#564F40,#564F40,#5D503A,#5D503A,#5D503A,#5D503A,#5A5240,#5A5240,#5A5240,#5A5240,#5A5240,#5A5240,#5A5240,#5A5240,#594F3F,#594F3F,#594F3F,#594F3F,#5D503A,#5D503A,#5D503A,#5D503A,#3C3227,#3C3227
39,5,8,#494434,#494434,#494434,#494434,#413C31,#413C31,#413C31,#413C31,#443B2E,#443B2E,#443B2E,#443B2E,#494434,#494434,#494434,#494434,#494434,#494434,#494434,#494434,#413C31,#413C31,#413C31,#413C31,#443B2E,#443B2E,#443B2E,#443B2E,#29231B,#29231B
40,6,1,#FFF1D5,#FFF1D5,#FFF1D5,#FFF1D5,#FFEDD1,#FFEDD1,#FFEDD1,#FFEDD1,#FFE6C4,#FFE6C4,#FFE6C4,#FFE6C4,#FFF1D5,#FFF1D5,#FFF1D5,#FFF1D5,#FFF1D5,#FFF1D5,#FFF1D5,#FFF1D5,#FFECCE,#FFECCE,#FFECCE,#FFECCE,#FFE6C4,#FFE6C4,#FFE6C4,#FFE6C4,#B28852,#B28852
41,6,2,#FFEABE,#FFEABE,#FFEABE,#FFEABE,#FDDEAE,#FDDEAE,#FDDEAE,#FDDEAE,#FFD6A1,#FFD6A1,#FFD6A1,#FFD6A1,#FFEABE,#FFEABE,#FFEABE,#FFEABE,#FFEABE,#FFEABE,#FFEABE,#FFEABE,#FFDDAD,#FFDDAD,#FFDDAD,#FFDDAD,#FFD6A1,#FFD6A1,#FFD6A1,#FFD6A1,#AD8450,#AD8450
42,6,3,#FFDC98,#FFDC98,#FFDC98,#FFDC98,#F0C585,#F0C585,#F0C585,#F0C585,#FDC06E,#FDC06E,#FDC06E,#FDC06E,#FFDC98,#FFDC98,#FFDC98,#FFDC98,#FFDC98,#FFDC98,#FFDC98,#FFDC98,#F6C37F,#F6C37F,#F6C37F,#F6C37F,#FDC06E,#FDC06E,#FDC06E,#FDC06E,#9A7647,#9A7647
43,6,4,#E5C17A,#E5C17A,#E5C17A,#E5C17A,#D1A15D,#D1A15D,#D1A15D,#D1A15D,#E19E44,#E19E44,#E19E44,#E19E44,#E5C17A,#E5C17A,#E5C17A,#E5C17A,#E5C17A,#E5C17A,#E5C17A,#E5C17A,#D89F56,#D89F56,#D89F56,#D89F56,#E19E44,#E19E44,#E19E44,#E19E44,#81633B,#81633B
44,6,5,#C4A363,#C4A363,#C4A363,#C4A363,#B28B50,#B28B50,#B28B50,#B28B50,#C1863A,#C1863A,#C1863A,#C1863A,#C4A363,#C4A363,#C4A363,#C4A363,#C4A363,#C4A363,#C4A363,#C4A363,#BA8948,#BA8948,#BA8948,#BA8948,#C1863A,#C1863A,#C1863A,#C1863A,#664E2F,#664E2F
45,6,6,#967D4B,#967D4B,#967D4B,#967D4B,#8E6D3D,#8E6D3D,#8E6D3D,#8E6D3D,#98692C,#98692C,#98692C,#98692C,#967D4B,#967D4B,#967D4B,#967D4B,#967D4B,#967D4B,#967D4B,#967D4B,#916A39,#916A39,#916A39,#916A39,#98692C,#98692C,#98692C,#98692C,#4B3922,#4B3922
46,6,7,#6D5A36,#6D5A36,#6D5A36,#6D5A36,#66512F,#66512F,#66512F,#66512F,#6E4D23,#6E4D23,#6E4D23,#6E4D23,#6D5A36,#6D5A36,#6D5A36,#6D5A36,#6D5A36,#6D5A36,#6D5A36,#6D5A36,#6A4F2C,#6A4F2C,#6A4F2C,#6A4F2C,#6E4D23,#6E4D23,#6E4D23,#6E4D23,#342718,#342718
47,6,8,#4D4029,#4D4029,#4D4029,#4D4029,#463722,#463722,#463722,#463722,#4B361B,#4B361B,#4B361B,#4B361B,#4D4029,#4D4029,#4D4029,#4D4029,#4D4029,#4D4029,#4D4029,#4D4029,#493621,#493621,#493621,#493621,#4B361B,#4B361B,#4B361B,#4B361B,#241B10,#241B10
48,7,1,#FBF1DD,#FBF1DD,#FBF1DD,#FBF1DD,#F4E6D1,#F4E6D1,#F4E6D1,#F4E6D1,#F9E7CE,#F9E7CE,#F9E7CE,#F9E7CE,#FBF1DD,#FBF1DD,#FBF1DD,#FBF1DD,#FBF1DD,#FBF1DD,#FBF1DD,#FBF1DD,#F7E7D0,#F7E7D0,#F7E7D0,#F7E7D0,#F9E7CE,#F9E7CE,#F9E7CE,#F9E7CE,#E5D4AC,#E5D4AC
49,7,2,#F8E9CA,#F8E9CA,#F8E9CA,#F8E9CA,#EDD9BB,#EDD9BB,#EDD9BB,#EDD9BB,#F3D9B5,#F3D9B5,#F3D9B5,#F3D9B5,#F8E9CA,#F8E9CA,#F8E9CA,#F8E9CA,#F8E9CA,#F8E9CA,#F8E9CA,#F8E9CA,#EED8B9,#EED8B9,#EED8B9,#EED8B9,#F3D9B5,#F3D9B5,#F3D9B5,#F3D9B5,#DFCEA7,#DFCEA7
50,7,3,#EDD5A4,#EDD5A4,#EDD5A4,#EDD5A4,#D7BC94,#D7BC94,#D7BC94,#D7BC94,#E0BC8C,#E0BC8C,#E0BC8C,#E0BC8C,#EDD5A4,#EDD5A4,#EDD5A4,#EDD5A4,#EDD5A4,#EDD5A4,#EDD5A4,#EDD5A4,#DABB92,#DABB92,#DABB92,#DABB92,#E0BC8C,#E0BC8C,#E0BC8C,#E0BC8C,#C6B895,#C6B895
51,7,4,#CFB580,#CFB580,#CFB580,#CFB580,#B5966C,#B5966C,#B5966C,#B5966C,#BF9662,#BF9662,#BF9662,#BF9662,#CFB580,#CFB580,#CFB580,#CFB580,#CFB580,#CFB580,#CFB580,#CFB580,#B99567,#B99567,#B99567,#B99567,#BF9662,#BF9662,#BF9662,#BF9662,#A69A7D,#A69A7D
52,7,5,#AB9567,#AB9567,#AB9567,#AB9567,#977D58,#977D58,#977D58,#977D58,#A07D4F,#A07D4F,#A07D4F,#A07D4F,#AB9567,#AB9567,#AB9567,#AB9567,#AB9567,#AB9567,#AB9567,#AB9567,#9A7C54,#9A7C54,#9A7C54,#9A7C54,#A07D4F,#A07D4F,#A07D4F,#A07D4F,#837962,#837962
53,7,6,#80704C,#80704C,#80704C,#80704C,#765E42,#765E42,#765E42,#765E42,#7D5F3B,#7D5F3B,#7D5F3B,#7D5F3B,#80704C,#80704C,#80704C,#80704C,#80704C,#80704C,#80704C,#80704C,#785F3F,#785F3F,#785F3F,#785F3F,#7D5F3B,#7D5F3B,#7D5F3B,#7D5F3B,#605948,#605948
54,7,7,#5D503A,#5D503A,#5D503A,#5D503A,#574932,#574932,#574932,#574932,#5C482D,#5C482D,#5C482D,#5C482D,#5D503A,#5D503A,#5D503A,#5D503A,#5D503A,#5D503A,#5D503A,#5D503A,#5A4A31,#5A4A31,#5A4A31,#5A4A31,#5C482D,#5C482D,#5C482D,#5C482D,#423E32,#423E32
55,7,8,#443B2E,#443B2E,#443B2E,#443B2E,#403626,#403626,#403626,#403626,#423524,#423524,#423524,#423524,#443B2E,#443B2E,#443B2E,#443B2E,#443B2E,#443B2E,#443B2E,#443B2E,#403626,#403626,#403626,#403626,#423524,#423524,#423524,#423524,#2E2A22,#2E2A22
56,8,1,#FFE6C4,#FFE6C4,#FFE6C4,#FFE6C4,#FFE2C6,#FFE2C6,#FFE2C6,#FFE2C6,#FFDDC1,#FFDDC1,#FFDDC1,#FFDDC1,#FFE6C4,#FFE6C4,#FFE6C4,#FFE6C4,#FFE6C4,#FFE6C4,#FFE6C4,#FFE6C4,#FFE1C6,#FFE1C6,#FFE1C6,#FFE1C6,#FFDDC1,#FFDDC1,#FFDDC1,#FFDDC1,#D7C499,#D7C499
57,8,2,#FFD6A1,#FFD6A1,#FFD6A1,#FFD6A1,#FDCEA4,#FDCEA4,#FDCEA4,#FDCEA4,#FFC89B,#FFC89B,#FFC89B,#FFC89B,#FFD6A1,#FFD6A1,#FFD6A1,#FFD6A1,#FFD6A1,#FFD6A1,#FFD6A1,#FFD6A1,#FFCCA3,#FFCCA3,#FFCCA3,#FFCCA3,#FFC89B,#FFC89B,#FFC89B,#FFC89B,#D1BF95,#D1BF95
58,8,3,#FDC06E,#FDC06E,#FDC06E,#FDC06E,#E6AB7A,#E6AB7A,#E6AB7A,#E6AB7A,#ECA76F,#ECA76F,#ECA76F,#ECA76F,#FDC06E,#FDC06E,#FDC06E,#FDC06E,#FDC06E,#FDC06E,#FDC06E,#FDC06E,#EAAA76,#EAAA76,#EAAA76,#EAAA76,#ECA76F,#ECA76F,#ECA76F,#ECA76F,#BAAA85,#BAAA85
59,8,4,#E19E44,#E19E44,#E19E44,#E19E44,#D08E55,#D08E55,#D08E55,#D08E55,#D78848,#D78848,#D78848,#D78848,#E19E44,#E19E44,#E19E44,#E19E44,#E19E44,#E19E44,#E19E44,#E19E44,#D38B51,#D38B51,#D38B51,#D38B51,#D78848,#D78848,#D78848,#D78848,#9C8E6F,#9C8E6F
60,8,5,#C1863A,#C1863A,#C1863A,#C1863A,#B06A30,#B06A30,#B06A30,#B06A30,#B86624,#B86624,#B86624,#B86624,#C1863A,#C1863A,#C1863A,#C1863A,#C1863A,#C1863A,#C1863A,#C1863A,#B4682D,#B4682D,#B4682D,#B4682D,#B86624,#B86624,#B86624,#B86624,#7B7058,#7B7058
61,8,6,#98692C,#98692C,#98692C,#98692C,#8C4D17,#8C4D17,#8C4D17,#8C4D17,#944B0E,#944B0E,#944B0E,#944B0E,#98692C,#98692C,#98692C,#98692C,#98692C,#98692C,#98692C,#98692C,#8F4B15,#8F4B15,#8F4B15,#8F4B15,#944B0E,#944B0E,#944B0E,#944B0E,#5A5240,#5A5240
62,8,7,#6E4D23,#6E4D23,#6E4D23,#6E4D23,#703C0F,#703C0F,#703C0F,#703C0F,#773807,#773807,#773807,#773807,#6E4D23,#6E4D23,#6E4D23,#6E4D23,#6E4D23,#6E4D23,#6E4D23,#6E4D23,#733A0C,#733A0C,#733A0C,#733A0C,#773807,#773807,#773807,#773807,#3E392C,#3E392C
63,8,8,#4B361B,#4B361B,#4B361B,#4B361B,#582901,#582901,#582901,#582901,#592700,#592700,#592700,#592700,#4B361B,#4B361B,#4B361B,#4B361B,#4B361B,#4B361B,#4B361B,#4B361B,#5A2800,#5A2800,#5A2800,#5A2800,#592700,#592700,#592700,#592700,#2B271F,#2B271F
64,9,1,#F9E7CE,#F9E7CE,#F9E7CE,#F9E7CE,#F7E1CE,#F7E1CE,#F7E1CE,#F7E1CE,#F9E0CB,#F9E0CB,#F9E0CB,#F9E0CB,#F9E7CE,#F9E7CE,#F9E7CE,#F9E7CE,#F9E7CE,#F9E7CE,#F9E7CE,#F9E7CE,#F8E1CD,#F8E1CD,#F8E1CD,#F8E1CD,#F9E0CB,#F9E0CB,#F9E0CB,#F9E0CB,#B6A16E,#B6A16E
65,9,2,#F3D9B5,#F3D9B5,#F3D9B5,#F3D9B5,#ECCEB5,#ECCEB5,#ECCEB5,#ECCEB5,#EFCEB3,#EFCEB3,#EFCEB3,#EFCEB3,#F3D9B5,#F3D9B5,#F3D9B5,#F3D9B5,#F3D9B5,#F3D9B5,#F3D9B5,#F3D9B5,#EDCEB4,#EDCEB4,#EDCEB4,#EDCEB4,#EFCEB3,#EFCEB3,#EFCEB3,#EFCEB3,#B19D6B,#B19D6B
66,9,3,#E0BC8C,#E0BC8C,#E0BC8C,#E0BC8C,#D0AC8C,#D0AC8C,#D0AC8C,#D0AC8C,#D4AA88,#D4AA88,#D4AA88,#D4AA88,#E0BC8C,#E0BC8C,#E0BC8C,#E0BC8C,#E0BC8C,#E0BC8C,#E0BC8C,#E0BC8C,#D2AB8B,#D2AB8B,#D2AB8B,#D2AB8B,#D4AA88,#D4AA88,#D4AA88,#D4AA88,#9E8C5F,#9E8C5F
67,9,4,#BF9662,#BF9662,#BF9662,#BF9662,#B48A67,#B48A67,#B48A67,#B48A67,#B98A63,#B98A63,#B98A63,#B98A63,#BF9662,#BF9662,#BF9662,#BF9662,#BF9662,#BF9662,#BF9662,#BF9662,#B58A66,#B58A66,#B58A66,#B58A66,#B98A63,#B98A63,#B98A63,#B98A63,#847550,#847550
68,9,5,#A07D4F,#A07D4F,#A07D4F,#A07D4F,#946743,#946743,#946743,#946743,#97653F,#97653F,#97653F,#97653F,#A07D4F,#A07D4F,#A07D4F,#A07D4F,#A07D4F,#A07D4F,#A07D4F,#A07D4F,#956642,#956642,#956642,#956642,#97653F,#97653F,#97653F,#97653F,#685C3F,#685C3F
69,9,6,#7D5F3B,#7D5F3B,#7D5F3B,#7D5F3B,#744B29,#744B29,#744B29,#744B29,#784A26,#784A26,#784A26,#784A26,#7D5F3B,#7D5F3B,#7D5F3B,#7D5F3B,#7D5F3B,#7D5F3B,#7D5F3B,#7D5F3B,#754828,#754828,#754828,#754828,#784A26,#784A26,#784A26,#784A26,#4C442E,#4C442E
70,9,7,#5C482D,#5C482D,#5C482D,#5C482D,#5E3A1D,#5E3A1D,#5E3A1D,#5E3A1D,#613A1B,#613A1B,#613A1B,#613A1B,#5C482D,#5C482D,#5C482D,#5C482D,#5C482D,#5C482D,#5C482D,#5C482D,#5E3A1D,#5E3A1D,#5E3A1D,#5E3A1D,#613A1B,#613A1B,#613A1B,#613A1B,#352F20,#352F20
71,9,8,#423524,#423524,#423524,#423524,#4A2B12,#4A2B12,#4A2B12,#4A2B12,#4E2B0F,#4E2B0F,#4E2B0F,#4E2B0F,#423524,#423524,#423524,#423524,#423524,#423524,#423524,#423524,#4D2B11,#4D2B11,#4D2B11,#4D2B11,#4E2B0F,#4E2B0F,#4E2B0F,#4E2B0F,#242016,#242016
72,10,1,#FFDDC1,#FFDDC1,#FFDDC1,#FFDDC1,#FFD7C2,#FFD7C2,#FFD7C2,#FFD7C2,#FFD4BE,#FFD4BE,#FFD4BE,#FFD4BE,#FFDDC1,#FFDDC1,#FFDDC1,#FFDDC1,#FFDDC1,#FFDDC1,#FFDDC1,#FFDDC1,#FFD6C1,#FFD6C1,#FFD6C1,#FFD6C1,#FFD4BE,#FFD4BE,#FFD4BE,#FFD4BE,#977F46,#977F46
73,10,2,#FFC89B,#FFC89B,#FFC89B,#FFC89B,#F5BDA2,#F5BDA2,#F5BDA2,#F5BDA2,#FDB695,#FDB695,#FDB695,#FDB695,#FFC89B,#FFC89B,#FFC89B,#FFC89B,#FFC89B,#FFC89B,#FFC89B,#FFC89B,#F9BA9E,#F9BA9E,#F9BA9E,#F9BA9E,#FDB695,#FDB695,#FDB695,#FDB695,#937C44,#937C44
74,10,3,#ECA76F,#ECA76F,#ECA76F,#ECA76F,#DD9B75,#DD9B75,#DD9B75,#DD9B75,#E89166,#E89166,#E89166,#E89166,#ECA76F,#ECA76F,#ECA76F,#ECA76F,#ECA76F,#ECA76F,#ECA76F,#ECA76F,#E19670,#E19670,#E19670,#E19670,#E89166,#E89166,#E89166,#E89166,#836E3D,#836E3D
75,10,4,#D78848,#D78848,#D78848,#D78848,#C07046,#C07046,#C07046,#C07046,#CE6835,#CE6835,#CE6835,#CE6835,#D78848,#D78848,#D78848,#D78848,#D78848,#D78848,#D78848,#D78848,#C56C41,#C56C41,#C56C41,#C56C41,#CE6835,#CE6835,#CE6835,#CE6835,#6E5C33,#6E5C33
76,10,5,#B86624,#B86624,#B86624,#B86624,#9A4A20,#9A4A20,#9A4A20,#9A4A20,#A84210,#A84210,#A84210,#A84210,#B86624,#B86624,#B86624,#B86624,#B86624,#B86624,#B86624,#B86624,#9E461C,#9E461C,#9E461C,#9E461C,#A84210,#A84210,#A84210,#A84210,#564928,#564928
77,10,6,#944B0E,#944B0E,#944B0E,#944B0E,#793713,#793713,#793713,#793713,#852F05,#852F05,#852F05,#852F05,#944B0E,#944B0E,#944B0E,#944B0E,#944B0E,#944B0E,#944B0E,#944B0E,#7D330E,#7D330E,#7D330E,#7D330E,#852F05,#852F05,#852F05,#852F05,#3F351D,#3F351D
78,10,7,#773807,#773807,#773807,#773807,#5B2608,#5B2608,#5B2608,#5B2608,#622100,#622100,#622100,#622100,#773807,#773807,#773807,#773807,#773807,#773807,#773807,#773807,#5F2304,#5F2304,#5F2304,#5F2304,#622100,#622100,#622100,#622100,#2C2514,#2C2514
79,10,8,#592700,#592700,#592700,#592700,#4A210C,#4A210C,#4A210C,#4A210C,#511D03,#511D03,#511D03,#511D03,#592700,#592700,#592700,#592700,#592700,#592700,#592700,#592700,#4C1E08,#4C1E08,#4C1E08,#4C1E08,#511D03,#511D03,#511D03,#511D03,#1E190E,#1E190E
80,11,1,#F9E0CB,#F9E0CB,#F9E0CB,#F9E0CB,#F4D8CA,#F4D8CA,#F4D8CA,#F4D8CA,#F4D8CA,#F4D8CA,#F4D8CA,#F4D8CA,#F9E0CB,#F9E0CB,#F9E0CB,#F9E0CB,#F9E0CB,#F9E0CB,#F9E0CB,#F9E0CB,#F4D8CA,#F4D8CA,#F4D8CA,#F4D8CA,#F4D8CA,#F4D8CA,#F4D8CA,#F4D8CA,#E5D0C3,#E5D0C3
81,11,2,#EFCEB3,#EFCEB3,#EFCEB3,#EFCEB3,#E6BFAE,#E6BFAE,#E6BFAE,#E6BFAE,#E6BFAE,#E6BFAE,#E6BFAE,#E6BFAE,#EFCEB3,#EFCEB3,#EFCEB3,#EFCEB3,#EFCEB3,#EFCEB3,#EFCEB3,#EFCEB3,#E6BFAE,#E6BFAE,#E6BFAE,#E6BFAE,#E6BFAE,#E6BFAE,#E6BFAE,#E6BFAE,#DFCABE,#DFCABE
82,11,3,#D4AA88,#D4AA88,#D4AA88,#D4AA88,#CC9C86,#CC9C86,#CC9C86,#CC9C86,#CC9C86,#CC9C86,#CC9C86,#CC9C86,#D4AA88,#D4AA88,#D4AA88,#D4AA88,#D4AA88,#D4AA88,#D4AA88,#D4AA88,#CC9C86,#CC9C86,#CC9C86,#CC9C86,#CC9C86,#CC9C86,#CC9C86,#CC9C86,#C6B4A9,#C6B4A9
83,11,4,#B98A63,#B98A63,#B98A63,#B98A63,#AF7254,#AF7254,#AF7254,#AF7254,#AF7254,#AF7254,#AF7254,#AF7254,#B98A63,#B98A63,#B98A63,#B98A63,#B98A63,#B98A63,#B98A63,#B98A63,#AF7254,#AF7254,#AF7254,#AF7254,#AF7254,#AF7254,#AF7254,#AF7254,#A6978D,#A6978D
84,11,5,#97653F,#97653F,#97653F,#97653F,#8B4E2F,#8B4E2F,#8B4E2F,#8B4E2F,#8B4E2F,#8B4E2F,#8B4E2F,#8B4E2F,#97653F,#97653F,#97653F,#97653F,#97653F,#97653F,#97653F,#97653F,#8B4E2F,#8B4E2F,#8B4E2F,#8B4E2F,#8B4E2F,#8B4E2F,#8B4E2F,#8B4E2F,#837770,#837770
85,11,6,#784A26,#784A26,#784A26,#784A26,#6D381E,#6D381E,#6D381E,#6D381E,#6D381E,#6D381E,#6D381E,#6D381E,#784A26,#784A26,#784A26,#784A26,#784A26,#784A26,#784A26,#784A26,#6D381E,#6D381E,#6D381E,#6D381E,#6D381E,#6D381E,#6D381E,#6D381E,#605752,#605752
86,11,7,#613A1B,#613A1B,#613A1B,#613A1B,#552813,#552813,#552813,#552813,#552813,#552813,#552813,#552813,#613A1B,#613A1B,#613A1B,#613A1B,#613A1B,#613A1B,#613A1B,#613A1B,#552813,#552813,#552813,#552813,#552813,#552813,#552813,#552813,#423C39,#423C39
87,11,8,#4E2B0F,#4E2B0F,#4E2B0F,#4E2B0F,#442515,#442515,#442515,#442515,#442515,#442515,#442515,#442515,#4E2B0F,#4E2B0F,#4E2B0F,#4E2B0F,#4E2B0F,#4E2B0F,#4E2B0F,#4E2B0F,#442515,#442515,#442515,#442515,#442515,#442515,#442515,#442515,#2E2A27,#2E2A27
88,12,1,#FEC7C2,#FEC7C2,#FEC7C2,#FEC7C2,#FBCEC9,#FBCEC9,#FBCEC9,#FBCEC9,#FFCAC6,#FFCAC6,#FFCAC6,#FFCAC6,#FEC7C2,#FEC7C2,#FEC7C2,#FEC7C2,#FEC7C2,#FEC7C2,#FEC7C2,#FEC7C2,#FDCCC8,#FDCCC8,#FDCCC8,#FDCCC8,#FFCAC6,#FFCAC6,#FFCAC6,#FFCAC6,#D8BAAD,#D8BAAD
89,12,2,#F2ABA4,#F2ABA4,#F2ABA4,#F2ABA4,#ECABA5,#ECABA5,#ECABA5,#ECABA5,#F3A29D,#F3A29D,#F3A29D,#F3A29D,#F2ABA4,#F2ABA4,#F2ABA4,#F2ABA4,#F2ABA4,#F2ABA4,#F2ABA4,#F2ABA4,#EEA7A2,#EEA7A2,#EEA7A2,#EEA7A2,#F3A29D,#F3A29D,#F3A29D,#F3A29D,#D2B5A8,#D2B5A8
90,12,3,#DF857C,#DF857C,#DF857C,#DF857C,#C67E77,#C67E77,#C67E77,#C67E77,#D0746E,#D0746E,#D0746E,#D0746E,#DF857C,#DF857C,#DF857C,#DF857C,#DF857C,#DF857C,#DF857C,#DF857C,#CA7974,#CA7974,#CA7974,#CA7974,#D0746E,#D0746E,#D0746E,#D0746E,#BBA196,#BBA196
91,12,4,#C45A4F,#C45A4F,#C45A4F,#C45A4F,#A8514A,#A8514A,#A8514A,#A8514A,#B3453E,#B3453E,#B3453E,#B3453E,#C45A4F,#C45A4F,#C45A4F,#C45A4F,#C45A4F,#C45A4F,#C45A4F,#C45A4F,#AC4C46,#AC4C46,#AC4C46,#AC4C46,#B3453E,#B3453E,#B3453E,#B3453E,#9D877E,#9D877E
92,12,5,#9F362B,#9F362B,#9F362B,#9F362B,#80271E,#80271E,#80271E,#80271E,#8B1B13,#8B1B13,#8B1B13,#8B1B13,#9F362B,#9F362B,#9F362B,#9F362B,#9F362B,#9F362B,#9F362B,#9F362B,#84211A,#84211A,#84211A,#84211A,#8B1B13,#8B1B13,#8B1B13,#8B1B13,#7C6A63,#7C6A63
93,12,6,#80271F,#80271F,#80271F,#80271F,#681910,#681910,#681910,#681910,#720E06,#720E06,#720E06,#720E06,#80271F,#80271F,#80271F,#80271F,#80271F,#80271F,#80271F,#80271F,#6B140E,#6B140E,#6B140E,#6B140E,#720E06,#720E06,#720E06,#720E06,#5B4E49,#5B4E49
94,12,7,#621A13,#621A13,#621A13,#621A13,#520E09,#520E09,#520E09,#520E09,#5B0500,#5B0500,#5B0500,#5B0500,#621A13,#621A13,#621A13,#621A13,#621A13,#621A13,#621A13,#621A13,#540A06,#540A06,#540A06,#540A06,#5B0500,#5B0500,#5B0500,#5B0500,#3F3632,#3F3632
95,12,8,#521B15,#521B15,#521B15,#521B15,#3B0701,#3B0701,#3B0701,#3B0701,#3E0400,#3E0400,#3E0400,#3E0400,#521B15,#521B15,#521B15,#521B15,#521B15,#521B15,#521B15,#521B15,#3D0500,#3D0500,#3D0500,#3D0500,#3E0400,#3E0400,#3E0400,#3E0400,#2B2523,#2B2523
96,13,1,#F3D2D0,#F3D2D0,#F3D2D0,#F3D2D0,#F0D1CE,#F0D1CE,#F0D1CE,#F0D1CE,#F0D1CE,#F0D1CE,#F0D1CE,#F0D1CE,#F3D2D0,#F3D2D0,#F3D2D0,#F3D2D0,#F3D2D0,#F3D2D0,#F3D2D0,#F3D2D0,#F0D1CE,#F0D1CE,#F0D1CE,#F0D1CE,#F0D1CE,#F0D1CE,#F0D1CE,#F0D1CE,#BD8A7C,#BD8A7C
97,13,2,#E5BBB7,#E5BBB7,#E5BBB7,#E5BBB7,#DDB5B3,#DDB5B3,#DDB5B3,#DDB5B3,#DDB5B3,#DDB5B3,#DDB5B3,#DDB5B3,#E5BBB7,#E5BBB7,#E5BBB7,#E5BBB7,#E5BBB7,#E5BBB7,#E5BBB7,#E5BBB7,#DDB5B3,#DDB5B3,#DDB5B3,#DDB5B3,#DDB5B3,#DDB5B3,#DDB5B3,#DDB5B3,#B88679,#B88679
98,13,3,#CB9691,#CB9691,#CB9691,#CB9691,#B38E8A,#B38E8A,#B38E8A,#B38E8A,#B88985,#B88985,#B88985,#B88985,#CB9691,#CB9691,#CB9691,#CB9691,#CB9691,#CB9691,#CB9691,#CB9691,#B48C89,#B48C89,#B48C89,#B48C89,#B88985,#B88985,#B88985,#B88985,#A4786B,#A4786B
99,13,4,#AB6A65,#AB6A65,#AB6A65,#AB6A65,#92645F,#92645F,#92645F,#92645F,#985E59,#985E59,#985E59,#985E59,#AB6A65,#AB6A65,#AB6A65,#AB6A65,#AB6A65,#AB6A65,#AB6A65,#AB6A65,#94615C,#94615C,#94615C,#94615C,#985E59,#985E59,#985E59,#985E59,#89645A,#89645A
100,13,5,#874740,#874740,#874740,#874740,#6A3B36,#6A3B36,#6A3B36,#6A3B36,#71342F,#71342F,#71342F,#71342F,#874740,#874740,#874740,#874740,#874740,#874740,#874740,#874740,#6D3833,#6D3833,#6D3833,#6D3833,#71342F,#71342F,#71342F,#71342F,#6C4F47,#6C4F47
101,13,6,#6C332E,#6C332E,#6C332E,#6C332E,#572B27,#572B27,#572B27,#572B27,#5C2322,#5C2322,#5C2322,#5C2322,#6C332E,#6C332E,#6C332E,#6C332E,#6C332E,#6C332E,#6C332E,#6C332E,#592725,#592725,#592725,#592725,#5C2322,#5C2322,#5C2322,#5C2322,#4F3A34,#4F3A34
102,13,7,#512622,#512622,#512622,#512622,#471E1A,#471E1A,#471E1A,#471E1A,#4C1915,#4C1915,#4C1915,#4C1915,#512622,#512622,#512622,#512622,#512622,#512622,#512622,#512622,#481A19,#481A19,#481A19,#481A19,#4C1915,#4C1915,#4C1915,#4C1915,#372824,#372824
103,13,8,#452420,#452420,#452420,#452420,#371612,#371612,#371612,#371612,#3B0F0E,#3B0F0E,#3B0F0E,#3B0F0E,#452420,#452420,#452420,#452420,#452420,#452420,#452420,#452420,#3A1511,#3A1511,#3A1511,#3A1511,#3B0F0E,#3B0F0E,#3B0F0E,#3B0F0E,#261C19,#261C19
104,14,1,#FBC6D1,#FBC6D1,#FBC6D1,#FBC6D1,#F6C9D8,#F6C9D8,#F6C9D8,#F6C9D8,#F6C9D8,#F6C9D8,#F6C9D8,#F6C9D8,#FBC6D1,#FBC6D1,#FBC6D1,#FBC6D1,#FBC6D1,#FBC6D1,#FBC6D1,#FBC6D1,#F6C9D8,#F6C9D8,#F6C9D8,#F6C9D8,#F6C9D8,#F6C9D8,#F6C9D8,#F6C9D8,#A25C4D,#A25C4D
105,14,2,#EAA6B4,#EAA6B4,#EAA6B4,#EAA6B4,#E0A8B9,#E0A8B9,#E0A8B9,#E0A8B9,#E0A8B9,#E0A8B9,#E0A8B9,#E0A8B9,#EAA6B4,#EAA6B4,#EAA6B4,#EAA6B4,#EAA6B4,#EAA6B4,#EAA6B4,#EAA6B4,#E0A8B9,#E0A8B9,#E0A8B9,#E0A8B9,#E0A8B9,#E0A8B9,#E0A8B9,#E0A8B9,#9E594B,#9E594B
106,14,3,#C77C8A,#C77C8A,#C77C8A,#C77C8A,#BB748A,#BB748A,#BB748A,#BB748A,#BB748A,#BB748A,#BB748A,#BB748A,#C77C8A,#C77C8A,#C77C8A,#C77C8A,#C77C8A,#C77C8A,#C77C8A,#C77C8A,#BB748A,#BB748A,#BB748A,#BB748A,#BB748A,#BB748A,#BB748A,#BB748A,#8C5043,#8C5043
107,14,4,#A75565,#A75565,#A75565,#A75565,#974660,#974660,#974660,#974660,#974660,#974660,#974660,#974660,#A75565,#A75565,#A75565,#A75565,#A75565,#A75565,#A75565,#A75565,#974660,#974660,#974660,#974660,#974660,#974660,#974660,#974660,#764338,#764338
108,14,5,#822C3C,#822C3C,#822C3C,#822C3C,#73253F,#73253F,#73253F,#73253F,#73253F,#73253F,#73253F,#73253F,#822C3C,#822C3C,#822C3C,#822C3C,#822C3C,#822C3C,#822C3C,#822C3C,#73253F,#73253F,#73253F,#73253F,#73253F,#73253F,#73253F,#73253F,#5D352C,#5D352C
109,14,6,#6D1F2E,#6D1F2E,#6D1F2E,#6D1F2E,#59182D,#59182D,#59182D,#59182D,#59182D,#59182D,#59182D,#59182D,#6D1F2E,#6D1F2E,#6D1F2E,#6D1F2E,#6D1F2E,#6D1F2E,#6D1F2E,#6D1F2E,#59182D,#59182D,#59182D,#59182D,#59182D,#59182D,#59182D,#59182D,#442720,#442720
110,14,7,#581622,#581622,#581622,#581622,#441524,#441524,#441524,#441524,#441524,#441524,#441524,#441524,#581622,#581622,#581622,#581622,#581622,#581622,#581622,#581622,#441524,#441524,#441524,#441524,#441524,#441524,#441524,#441524,#2F1B16,#2F1B16
111,14,8,#44111A,#44111A,#44111A,#44111A,#35111D,#35111D,#35111D,#35111D,#35111D,#35111D,#35111D,#35111D,#44111A,#44111A,#44111A,#44111A,#44111A,#44111A,#44111A,#44111A,#35111D,#35111D,#35111D,#35111D,#35111D,#35111D,#35111D,#35111D,#20120F,#20120F
112,15,1,#F2D2D8,#F2D2D8,#F2D2D8,#F2D2D8,#E9D3DA,#E9D3DA,#E9D3DA,#E9D3DA,#E9D3DA,#E9D3DA,#E9D3DA,#E9D3DA,#F2D2D8,#F2D2D8,#F2D2D8,#F2D2D8,#F2D2D8,#F2D2D8,#F2D2D8,#F2D2D8,#E9D3DA,#E9D3DA,#E9D3DA,#E9D3DA,#E9D3DA,#E9D3DA,#E9D3DA,#E9D3DA,#E5D3C2,#C2CAE5
113,15,2,#E0B8BF,#E0B8BF,#E0B8BF,#E0B8BF,#D4B6BF,#D4B6BF,#D4B6BF,#D4B6BF,#D4B6BF,#D4B6BF,#D4B6BF,#D4B6BF,#E0B8BF,#E0B8BF,#E0B8BF,#E0B8BF,#E0B8BF,#E0B8BF,#E0B8BF,#E0B8BF,#D4B6BF,#D4B6BF,#D4B6BF,#D4B6BF,#D4B6BF,#D4B6BF,#D4B6BF,#D4B6BF,#DFCDBD,#BDC4DF
114,15,3,#B98E97,#B98E97,#B98E97,#B98E97,#AA8691,#AA8691,#AA8691,#AA8691,#AA8691,#AA8691,#AA8691,#AA8691,#B98E97,#B98E97,#B98E97,#B98E97,#B98E97,#B98E97,#B98E97,#B98E97,#AA8691,#AA8691,#AA8691,#AA8691,#AA8691,#AA8691,#AA8691,#AA8691,#C6B7A8,#A8AFC6
115,15,4,#966670,#966670,#966670,#966670,#845968,#845968,#845968,#845968,#845968,#845968,#845968,#845968,#966670,#966670,#966670,#966670,#966670,#966670,#966670,#966670,#845968,#845968,#845968,#845968,#845968,#845968,#845968,#845968,#A6998D,#8D93A6
116,15,5,#723E47,#723E47,#723E47,#723E47,#653846,#653846,#653846,#653846,#653846,#653846,#653846,#653846,#723E47,#723E47,#723E47,#723E47,#723E47,#723E47,#723E47,#723E47,#653846,#653846,#653846,#653846,#653846,#653846,#653846,#653846,#83796F,#6F7483
117,15,6,#5D2F38,#5D2F38,#5D2F38,#5D2F38,#4E2935,#4E2935,#4E2935,#4E2935,#4E2935,#4E2935,#4E2935,#4E2935,#5D2F38,#5D2F38,#5D2F38,#5D2F38,#5D2F38,#5D2F38,#5D2F38,#5D2F38,#4E2935,#4E2935,#4E2935,#4E2935,#4E2935,#4E2935,#4E2935,#4E2935,#605951,#515560
118,15,7,#4C252C,#4C252C,#4C252C,#4C252C,#40222B,#40222B,#40222B,#40222B,#40222B,#40222B,#40222B,#40222B,#4C252C,#4C252C,#4C252C,#4C252C,#4C252C,#4C252C,#4C252C,#4C252C,#40222B,#40222B,#40222B,#40222B,#40222B,#40222B,#40222B,#40222B,#423D38,#383B42
119,15,8,#3D1D24,#3D1D24,#3D1D24,#3D1D24,#331E25,#331E25,#331E25,#331E25,#331E25,#331E25,#331E25,#331E25,#3D1D24,#3D1D24,#3D1D24,#3D1D24,#3D1D24,#3D1D24,#3D1D24,#3D1D24,#331E25,#331E25,#331E25,#331E25,#331E25,#331E25,#331E25,#331E25,#2E2A27,#27282E
120,16,1,#EDC9DE,#EDC9DE,#EDC9DE,#EDC9DE,#DEC6E9,#DEC6E9,#DEC6E9,#DEC6E9,#DEC6E9,#DEC6E9,#DEC6E9,#DEC6E9,#EDC9DE,#EDC9DE,#EDC9DE,#EDC9DE,#EDC9DE,#EDC9DE,#EDC9DE,#EDC9DE,#DEC6E9,#DEC6E9,#DEC6E9,#DEC6E9,#DEC6E9,#DEC6E9,#DEC6E9,#DEC6E9,#D6BFA8,#ACB6D6
121,16,2,#D8ABC4,#D8ABC4,#D8ABC4,#D8ABC4,#C5ABD2,#C5ABD2,#C5ABD2,#C5ABD2,#C5ABD2,#C5ABD2,#C5ABD2,#C5ABD2,#D8ABC4,#D8ABC4,#D8ABC4,#D8ABC4,#D8ABC4,#D8ABC4,#D8ABC4,#D8ABC4,#C5ABD2,#C5ABD2,#C5ABD2,#C5ABD2,#C5ABD2,#C5ABD2,#C5ABD2,#C5ABD2,#D0BAA3,#A7B1D0
122,16,3,#B47A9A,#B47A9A,#B47A9A,#B47A9A,#A17EB1,#A17EB1,#A17EB1,#A17EB1,#A17EB1,#A17EB1,#A17EB1,#A17EB1,#B47A9A,#B47A9A,#B47A9A,#B47A9A,#B47A9A,#B47A9A,#B47A9A,#B47A9A,#A17EB1,#A17EB1,#A17EB1,#A17EB1,#A17EB1,#A17EB1,#A17EB1,#A17EB1,#B9A692,#959EB9
123,16,4,#914F74,#914F74,#914F74,#914F74,#7B538F,#7B538F,#7B538F,#7B538F,#7B538F,#7B538F,#7B538F,#7B538F,#914F74,#914F74,#914F74,#914F74,#914F74,#914F74,#914F74,#914F74,#7B538F,#7B538F,#7B538F,#7B538F,#7B538F,#7B538F,#7B538F,#7B538F,#9B8B7A,#7D849B
124,16,5,#713054,#713054,#713054,#713054,#603475,#603475,#603475,#603475,#603475,#603475,#603475,#603475,#713054,#713054,#713054,#713054,#713054,#713054,#713054,#713054,#603475,#603475,#603475,#603475,#603475,#603475,#603475,#603475,#7B6D60,#62687B
125,16,6,#592543,#592543,#592543,#592543,#4B265E,#4B265E,#4B265E,#4B265E,#4B265E,#4B265E,#4B265E,#4B265E,#592543,#592543,#592543,#592543,#592543,#592543,#592543,#592543,#4B265E,#4B265E,#4B265E,#4B265E,#4B265E,#4B265E,#4B265E,#4B265E,#5A5046,#484C5A
126,16,7,#461F36,#461F36,#461F36,#461F36,#3B1D4A,#3B1D4A,#3B1D4A,#3B1D4A,#3B1D4A,#3B1D4A,#3B1D4A,#3B1D4A,#461F36,#461F36,#461F36,#461F36,#461F36,#461F36,#461F36,#461F36,#3B1D4A,#3B1D4A,#3B1D4A,#3B1D4A,#3B1D4A,#3B1D4A,#3B1D4A,#3B1D4A,#3E3731,#32353E
127,16,8,#391B2C,#391B2C,#391B2C,#391B2C,#30193B,#30193B,#30193B,#30193B,#30193B,#30193B,#30193B,#30193B,#391B2C,#391B2C,#391B2C,#391B2C,#391B2C,#391B2C,#391B2C,#391B2C,#30193B,#30193B,#30193B,#30193B,#30193B,#30193B,#30193B,#30193B,#2B2622,#22242B
128,17,1,#E9D5E0,#E9D5E0,#E9D5E0,#E9D5E0,#DDD2E2,#DDD2E2,#DDD2E2,#DDD2E2,#DDD2E2,#DDD2E2,#DDD2E2,#DDD2E2,#E9D5E0,#E9D5E0,#E9D5E0,#E9D5E0,#E9D5E0,#E9D5E0,#E9D5E0,#E9D5E0,#DDD2E2,#DDD2E2,#DDD2E2,#DDD2E2,#DDD2E2,#DDD2E2,#DDD2E2,#DDD2E2,#B6916E,#7B89B6
129,17,2,#D4B9C8,#D4B9C8,#D4B9C8,#D4B9C8,#C8B9CE,#C8B9CE,#C8B9CE,#C8B9CE,#C8B9CE,#C8B9CE,#C8B9CE,#C8B9CE,#D4B9C8,#D4B9C8,#D4B9C8,#D4B9C8,#D4B9C8,#D4B9C8,#D4B9C8,#D4B9C8,#C8B9CE,#C8B9CE,#C8B9CE,#C8B9CE,#C8B9CE,#C8B9CE,#C8B9CE,#C8B9CE,#B18D6B,#7885B1
130,17,3,#AD8A9D,#AD8A9D,#AD8A9D,#AD8A9D,#A08DAA,#A08DAA,#A08DAA,#A08DAA,#A08DAA,#A08DAA,#A08DAA,#A08DAA,#AD8A9D,#AD8A9D,#AD8A9D,#AD8A9D,#AD8A9D,#AD8A9D,#AD8A9D,#AD8A9D,#A08DAA,#A08DAA,#A08DAA,#A08DAA,#A08DAA,#A08DAA,#A08DAA,#A08DAA,#9E7E5F,#6B779E
131,17,4,#875E77,#875E77,#875E77,#875E77,#7A6185,#7A6185,#7A6185,#7A6185,#7A6185,#7A6185,#7A6185,#7A6185,#875E77,#875E77,#875E77,#875E77,#875E77,#875E77,#875E77,#875E77,#7A6185,#7A6185,#7A6185,#7A6185,#7A6185,#7A6185,#7A6185,#7A6185,#846950,#596384
132,17,5,#684058,#684058,#684058,#684058,#5D436B,#5D436B,#5D436B,#5D436B,#5D436B,#5D436B,#5D436B,#5D436B,#684058,#684058,#684058,#684058,#684058,#684058,#684058,#684058,#5D436B,#5D436B,#5D436B,#5D436B,#5D436B,#5D436B,#5D436B,#5D436B,#68533F,#464E68
133,17,6,#513145,#513145,#513145,#513145,#4B3255,#4B3255,#4B3255,#4B3255,#4B3255,#4B3255,#4B3255,#4B3255,#513145,#513145,#513145,#513145,#513145,#513145,#513145,#513145,#4B3255,#4B3255,#4B3255,#4B3255,#4B3255,#4B3255,#4B3255,#4B3255,#4C3D2E,#34394C
134,17,7,#422937,#422937,#422937,#422937,#3B2744,#3B2744,#3B2744,#3B2744,#3B2744,#3B2744,#3B2744,#3B2744,#422937,#422937,#422937,#422937,#422937,#422937,#422937,#422937,#3B2744,#3B2744,#3B2744,#3B2744,#3B2744,#3B2744,#3B2744,#3B2744,#352A20,#242835
135,17,8,#36252F,#36252F,#36252F,#36252F,#302237,#302237,#302237,#302237,#302237,#302237,#302237,#302237,#36252F,#36252F,#36252F,#36252F,#36252F,#36252F,#36252F,#36252F,#302237,#302237,#302237,#302237,#302237,#302237,#302237,#302237,#241D16,#191B24
136,18,1,#DCC4E7,#DCC4E7,#DCC4E7,#DCC4E7,#CAD5ED,#CAD5ED,#CAD5ED,#CAD5ED,#C4D4F4,#C4D4F4,#C4D4F4,#C4D4F4,#DCC4E7,#DCC4E7,#DCC4E7,#DCC4E7,#DCC4E7,#DCC4E7,#DCC4E7,#DCC4E7,#C9D5F0,#C9D5F0,#C9D5F0,#C9D5F0,#C4D4F4,#C4D4F4,#C4D4F4,#C4D4F4,#976636,#4D5E97
137,18,2,#C3A9D0,#C3A9D0,#C3A9D0,#C3A9D0,#B0BBD8,#B0BBD8,#B0BBD8,#B0BBD8,#A7B9E0,#A7B9E0,#A7B9E0,#A7B9E0,#C3A9D0,#C3A9D0,#C3A9D0,#C3A9D0,#C3A9D0,#C3A9D0,#C3A9D0,#C3A9D0,#ADBBDA,#ADBBDA,#ADBBDA,#ADBBDA,#A7B9E0,#A7B9E0,#A7B9E0,#A7B9E0,#936335,#4B5B93
138,18,3,#9F7DAF,#9F7DAF,#9F7DAF,#9F7DAF,#8393B3,#8393B3,#8393B3,#8393B3,#7992BF,#7992BF,#7992BF,#7992BF,#9F7DAF,#9F7DAF,#9F7DAF,#9F7DAF,#9F7DAF,#9F7DAF,#9F7DAF,#9F7DAF,#7F93B7,#7F93B7,#7F93B7,#7F93B7,#7992BF,#7992BF,#7992BF,#7992BF,#83582F,#435183
139,18,4,#7B538F,#7B538F,#7B538F,#7B538F,#5B6A8E,#5B6A8E,#5B6A8E,#5B6A8E,#506999,#506999,#506999,#506999,#7B538F,#7B538F,#7B538F,#7B538F,#7B538F,#7B538F,#7B538F,#7B538F,#576B91,#576B91,#576B91,#576B91,#506999,#506999,#506999,#506999,#6E4A27,#38446E
140,18,5,#603475,#603475,#603475,#603475,#3D4C72,#3D4C72,#3D4C72,#3D4C72,#314A7D,#314A7D,#314A7D,#314A7D,#603475,#603475,#603475,#603475,#603475,#603475,#603475,#603475,#394D76,#394D76,#394D76,#394D76,#314A7D,#314A7D,#314A7D,#314A7D,#563A1F,#2C3656
141,18,6,#4B265E,#4B265E,#4B265E,#4B265E,#293659,#293659,#293659,#293659,#1F3563,#1F3563,#1F3563,#1F3563,#4B265E,#4B265E,#4B265E,#4B265E,#4B265E,#4B265E,#4B265E,#4B265E,#25385D,#25385D,#25385D,#25385D,#1F3563,#1F3563,#1F3563,#1F3563,#3F2B17,#20273F
142,18,7,#3B1D4A,#3B1D4A,#3B1D4A,#3B1D4A,#1E2946,#1E2946,#1E2946,#1E2946,#15274E,#15274E,#15274E,#15274E,#3B1D4A,#3B1D4A,#3B1D4A,#3B1D4A,#3B1D4A,#3B1D4A,#3B1D4A,#3B1D4A,#1B2948,#1B2948,#1B2948,#1B2948,#15274E,#15274E,#15274E,#15274E,#2C1E10,#161B2C
143,18,8,#30193B,#30193B,#30193B,#30193B,#162138,#162138,#162138,#162138,#10203F,#10203F,#10203F,#10203F,#30193B,#30193B,#30193B,#30193B,#30193B,#30193B,#30193B,#30193B,#14223B,#14223B,#14223B,#14223B,#10203F,#10203F,#10203F,#10203F,#1E140B,#0F131E
144,19,1,#DDCFE3,#DDCFE3,#DDCFE3,#DDCFE3,#D7DCEA,#D7DCEA,#D7DCEA,#D7DCEA,#D3DAED,#D3DAED,#D3DAED,#D3DAED,#DDCFE3,#DDCFE3,#DDCFE3,#DDCFE3,#DDCFE3,#DDCFE3,#DDCFE3,#DDCFE3,#D6DCEB,#D6DCEB,#D6DCEB,#D6DCEB,#D3DAED,#D3DAED,#D3DAED,#D3DAED,#CCC2C4,#CCCCD8
145,19,2,#C6B7CD,#C6B7CD,#C6B7CD,#C6B7CD,#BEC5D4,#BEC5D4,#BEC5D4,#BEC5D4,#BAC4D9,#BAC4D9,#BAC4D9,#BAC4D9,#C6B7CD,#C6B7CD,#C6B7CD,#C6B7CD,#C6B7CD,#C6B7CD,#C6B7CD,#C6B7CD,#BCC5D5,#BCC5D5,#BCC5D5,#BCC5D5,#BAC4D9,#BAC4D9,#BAC4D9,#BAC4D9,#C6BDBF,#C6C6D2
146,19,3,#9E8BA8,#9E8BA8,#9E8BA8,#9E8BA8,#929BAD,#929BAD,#929BAD,#929BAD,#8C9AB4,#8C9AB4,#8C9AB4,#8C9AB4,#9E8BA8,#9E8BA8,#9E8BA8,#9E8BA8,#9E8BA8,#9E8BA8,#9E8BA8,#9E8BA8,#909BB0,#909BB0,#909BB0,#909BB0,#8C9AB4,#8C9AB4,#8C9AB4,#8C9AB4,#B1A8AA,#B1B1BB
147,19,4,#7A6185,#7A6185,#7A6185,#7A6185,#666F85,#666F85,#666F85,#666F85,#606F8B,#606F8B,#606F8B,#606F8B,#7A6185,#7A6185,#7A6185,#7A6185,#7A6185,#7A6185,#7A6185,#7A6185,#636F87,#636F87,#636F87,#636F87,#606F8B,#606F8B,#606F8B,#606F8B,#948D8E,#94949D
148,19,5,#5D436B,#5D436B,#5D436B,#5D436B,#48526A,#48526A,#48526A,#48526A,#425170,#425170,#425170,#425170,#5D436B,#5D436B,#5D436B,#5D436B,#5D436B,#5D436B,#5D436B,#5D436B,#46526B,#46526B,#46526B,#46526B,#425170,#425170,#425170,#425170,#756F70,#75757C
149,19,6,#4B3255,#4B3255,#4B3255,#4B3255,#353D52,#353D52,#353D52,#353D52,#2F3B59,#2F3B59,#2F3B59,#2F3B59,#4B3255,#4B3255,#4B3255,#4B3255,#4B3255,#4B3255,#4B3255,#4B3255,#323C55,#323C55,#323C55,#323C55,#2F3B59,#2F3B59,#2F3B59,#2F3B59,#565152,#56565B
150,19,7,#3B2744,#3B2744,#3B2744,#3B2744,#282D41,#282D41,#282D41,#282D41,#232D46,#232D46,#232D46,#232D46,#3B2744,#3B2744,#3B2744,#3B2744,#3B2744,#3B2744,#3B2744,#3B2744,#262E43,#262E43,#262E43,#262E43,#232D46,#232D46,#232D46,#232D46,#3B3839,#3B3B3F
151,19,8,#302237,#302237,#302237,#302237,#212636,#212636,#212636,#212636,#1C263A,#1C263A,#1C263A,#1C263A,#302237,#302237,#302237,#302237,#302237,#302237,#302237,#302237,#202636,#202636,#202636,#202636,#1C263A,#1C263A,#1C263A,#1C263A,#292727,#29292B
152,20,1,#C2D2F1,#C2D2F1,#C2D2F1,#C2D2F1,#CCE7F6,#CCE7F6,#CCE7F6,#CCE7F6,#CCE7F6,#CCE7F6,#CCE7F6,#CCE7F6,#C2D2F1,#C2D2F1,#C2D2F1,#C2D2F1,#C2D2F1,#C2D2F1,#C2D2F1,#C2D2F1,#CCE7F6,#CCE7F6,#CCE7F6,#CCE7F6,#CCE7F6,#CCE7F6,#CCE7F6,#CCE7F6,#BA989E,#9B9CB5
153,20,2,#A5B7DE,#A5B7DE,#A5B7DE,#A5B7DE,#B4D3E1,#B4D3E1,#B4D3E1,#B4D3E1,#B4D3E1,#B4D3E1,#B4D3E1,#B4D3E1,#A5B7DE,#A5B7DE,#A5B7DE,#A5B7DE,#A5B7DE,#A5B7DE,#A5B7DE,#A5B7DE,#B4D3E1,#B4D3E1,#B4D3E1,#B4D3E1,#B4D3E1,#B4D3E1,#B4D3E1,#B4D3E1,#B5949A,#9798B0
154,20,3,#788FBC,#788FBC,#788FBC,#788FBC,#8DB0C0,#8DB0C0,#8DB0C0,#8DB0C0,#8DB0C0,#8DB0C0,#8DB0C0,#8DB0C0,#788FBC,#788FBC,#788FBC,#788FBC,#788FBC,#788FBC,#788FBC,#788FBC,#8DB0C0,#8DB0C0,#8DB0C0,#8DB0C0,#8DB0C0,#8DB0C0,#8DB0C0,#8DB0C0,#A18489,#86879D
155,20,4,#4F6898,#4F6898,#4F6898,#4F6898,#638697,#638697,#638697,#638697,#638697,#638697,#638697,#638697,#4F6898,#4F6898,#4F6898,#4F6898,#4F6898,#4F6898,#4F6898,#4F6898,#638697,#638697,#638697,#638697,#638697,#638697,#638697,#638697,#876E73,#707183
156,20,5,#314A7D,#314A7D,#314A7D,#314A7D,#446676,#446676,#446676,#446676,#446676,#446676,#446676,#446676,#314A7D,#314A7D,#314A7D,#314A7D,#314A7D,#314A7D,#314A7D,#314A7D,#446676,#446676,#446676,#446676,#446676,#446676,#446676,#446676,#6A575A,#595968
157,20,6,#1F3563,#1F3563,#1F3563,#1F3563,#2B4B5D,#2B4B5D,#2B4B5D,#2B4B5D,#2B4B5D,#2B4B5D,#2B4B5D,#2B4B5D,#1F3563,#1F3563,#1F3563,#1F3563,#1F3563,#1F3563,#1F3563,#1F3563,#2B4B5D,#2B4B5D,#2B4B5D,#2B4B5D,#2B4B5D,#2B4B5D,#2B4B5D,#2B4B5D,#4E4042,#41414C
158,20,7,#15274E,#15274E,#15274E,#15274E,#1B3B49,#1B3B49,#1B3B49,#1B3B49,#1B3B49,#1B3B49,#1B3B49,#1B3B49,#15274E,#15274E,#15274E,#15274E,#15274E,#15274E,#15274E,#15274E,#1B3B49,#1B3B49,#1B3B49,#1B3B49,#1B3B49,#1B3B49,#1B3B49,#1B3B49,#362C2E,#2D2D35
159,20,8,#10203F,#10203F,#10203F,#10203F,#122C3B,#122C3B,#122C3B,#122C3B,#122C3B,#122C3B,#122C3B,#122C3B,#10203F,#10203F,#10203F,#10203F,#10203F,#10203F,#10203F,#10203F,#122C3B,#122C3B,#122C3B,#122C3B,#122C3B,#122C3B,#122C3B,#122C3B,#251E20,#1F1F24
160,21,1,#CFD8EA,#CFD8EA,#CFD8EA,#CFD8EA,#DCECF5,#DCECF5,#DCECF5,#DCECF5,#DCECF5,#DCECF5,#DCECF5,#DCECF5,#CFD8EA,#CFD8EA,#CFD8EA,#CFD8EA,#CFD8EA,#CFD8EA,#CFD8EA,#CFD8EA,#DCECF5,#DCECF5,#DCECF5,#DCECF5,#DCECF5,#DCECF5,#DCECF5,#DCECF5,#9A4C5A,#424376
161,21,2,#B5C0D7,#B5C0D7,#B5C0D7,#B5C0D7,#C6D8E1,#C6D8E1,#C6D8E1,#C6D8E1,#C6D8E1,#C6D8E1,#C6D8E1,#C6D8E1,#B5C0D7,#B5C0D7,#B5C0D7,#B5C0D7,#B5C0D7,#B5C0D7,#B5C0D7,#B5C0D7,#C6D8E1,#C6D8E1,#C6D8E1,#C6D8E1,#C6D8E1,#C6D8E1,#C6D8E1,#C6D8E1,#964A58,#404173
162,21,3,#8A98B2,#8A98B2,#8A98B2,#8A98B2,#9EB2BC,#9EB2BC,#9EB2BC,#9EB2BC,#9EB2BC,#9EB2BC,#9EB2BC,#9EB2BC,#8A98B2,#8A98B2,#8A98B2,#8A98B2,#8A98B2,#8A98B2,#8A98B2,#8A98B2,#9EB2BC,#9EB2BC,#9EB2BC,#9EB2BC,#9EB2BC,#9EB2BC,#9EB2BC,#9EB2BC,#85424E,#393A66
163,21,4,#606F8B,#606F8B,#606F8B,#606F8B,#718691,#718691,#718691,#718691,#718691,#718691,#718691,#718691,#606F8B,#606F8B,#606F8B,#606F8B,#606F8B,#606F8B,#606F8B,#606F8B,#718691,#718691,#718691,#718691,#718691,#718691,#718691,#718691,#703741,#303156
164,21,5,#425170,#425170,#425170,#425170,#50646F,#50646F,#50646F,#50646F,#50646F,#50646F,#50646F,#50646F,#425170,#425170,#425170,#425170,#425170,#425170,#425170,#425170,#50646F,#50646F,#50646F,#50646F,#50646F,#50646F,#50646F,#50646F,#582C34,#262644
165,21,6,#2F3B59,#2F3B59,#2F3B59,#2F3B59,#374A56,#374A56,#374A56,#374A56,#374A56,#374A56,#374A56,#374A56,#2F3B59,#2F3B59,#2F3B59,#2F3B59,#2F3B59,#2F3B59,#2F3B59,#2F3B59,#374A56,#374A56,#374A56,#374A56,#374A56,#374A56,#374A56,#374A56,#412026,#1C1C32
166,21,7,#232D46,#232D46,#232D46,#232D46,#273B44,#273B44,#273B44,#273B44,#273B44,#273B44,#273B44,#273B44,#232D46,#232D46,#232D46,#232D46,#232D46,#232D46,#232D46,#232D46,#273B44,#273B44,#273B44,#273B44,#273B44,#273B44,#273B44,#273B44,#2D161A,#131322
167,21,8,#1C263A,#1C263A,#1C263A,#1C263A,#1E2E37,#1E2E37,#1E2E37,#1E2E37,#1E2E37,#1E2E37,#1E2E37,#1E2E37,#1C263A,#1C263A,#1C263A,#1C263A,#1C263A,#1C263A,#1C263A,#1C263A,#1E2E37,#1E2E37,#1E2E37,#1E2E37,#1E2E37,#1E2E37,#1E2E37,#1E2E37,#1F0F12,#0D0D18
168,22,1,#C8F5E2,#C8F5E2,#C8F5E2,#C8F5E2,#D1F8E8,#D1F8E8,#D1F8E8,#D1F8E8,#CDFBE7,#CDFBE7,#CDFBE7,#CDFBE7,#C8F5E2,#C8F5E2,#C8F5E2,#C8F5E2,#C8F5E2,#C8F5E2,#C8F5E2,#C8F5E2,#D0F8E8,#D0F8E8,#D0F8E8,#D0F8E8,#CDFBE7,#CDFBE7,#CDFBE7,#CDFBE7,#CCCCD8,#DAE0E6
169,22,2,#AEDCCB,#AEDCCB,#AEDCCB,#AEDCCB,#B6DDD0,#B6DDD0,#B6DDD0,#B6DDD0,#B2E1D0,#B2E1D0,#B2E1D0,#B2E1D0,#AEDCCB,#AEDCCB,#AEDCCB,#AEDCCB,#AEDCCB,#AEDCCB,#AEDCCB,#AEDCCB,#B5DECF,#B5DECF,#B5DECF,#B5DECF,#B2E1D0,#B2E1D0,#B2E1D0,#B2E1D0,#C6C6D2,#D4DAE0
170,22,3,#82B5A0,#82B5A0,#82B5A0,#82B5A0,#8AB4A4,#8AB4A4,#8AB4A4,#8AB4A4,#85B9A4,#85B9A4,#85B9A4,#85B9A4,#82B5A0,#82B5A0,#82B5A0,#82B5A0,#82B5A0,#82B5A0,#82B5A0,#82B5A0,#88B5A3,#88B5A3,#88B5A3,#88B5A3,#85B9A4,#85B9A4,#85B9A4,#85B9A4,#B1B1BB,#BDC2C7
171,22,4,#558874,#558874,#558874,#558874,#5C8677,#5C8677,#5C8677,#5C8677,#578B77,#578B77,#578B77,#578B77,#558874,#558874,#558874,#558874,#558874,#558874,#558874,#558874,#5A8777,#5A8777,#5A8777,#5A8777,#578B77,#578B77,#578B77,#578B77,#94949D,#9EA3A7
172,22,5,#386653,#386653,#386653,#386653,#3C6354,#3C6354,#3C6354,#3C6354,#386653,#386653,#386653,#386653,#386653,#386653,#386653,#386653,#386653,#386653,#386653,#386653,#3B6353,#3B6353,#3B6353,#3B6353,#386653,#386653,#386653,#386653,#75757C,#7D8084
173,22,6,#2A4E3F,#2A4E3F,#2A4E3F,#2A4E3F,#2E4B40,#2E4B40,#2E4B40,#2E4B40,#2A4E3F,#2A4E3F,#2A4E3F,#2A4E3F,#2A4E3F,#2A4E3F,#2A4E3F,#2A4E3F,#2A4E3F,#2A4E3F,#2A4E3F,#2A4E3F,#2D4C40,#2D4C40,#2D4C40,#2D4C40,#2A4E3F,#2A4E3F,#2A4E3F,#2A4E3F,#56565B,#5B5E61
174,22,7,#233E33,#233E33,#233E33,#233E33,#263C33,#263C33,#263C33,#263C33,#233E33,#233E33,#233E33,#233E33,#233E33,#233E33,#233E33,#233E33,#233E33,#233E33,#233E33,#233E33,#243C33,#243C33,#243C33,#243C33,#233E33,#233E33,#233E33,#233E33,#3B3B3F,#3F4143
175,22,8,#1B2C25,#1B2C25,#1B2C25,#1B2C25,#1C2B25,#1C2B25,#1C2B25,#1C2B25,#1B2C25,#1B2C25,#1B2C25,#1B2C25,#1B2C25,#1B2C25,#1B2C25,#1B2C25,#1B2C25,#1B2C25,#1B2C25,#1B2C25,#1C2B25,#1C2B25,#1C2B25,#1C2B25,#1B2C25,#1B2C25,#1B2C25,#1B2C25,#29292B,#2C2D2E
176,23,1,#E8F8E9,#E8F8E9,#E8F8E9,#E8F8E9,#E8F8E9,#E8F8E9,#E8F8E9,#E8F8E9,#E8F8E9,#E8F8E9,#E8F8E9,#E8F8E9,#E8F8E9,#E8F8E9,#E8F8E9,#E8F8E9,#E8F8E9,#E8F8E9,#E8F8E9,#E8F8E9,#E8F8E9,#E8F8E9,#E8F8E9,#E8F8E9,#E8F8E9,#E8F8E9,#E8F8E9,#E8F8E9,#9B9CB5,#A9BBCB
177,23,2,#D1E1D1,#D1E1D1,#D1E1D1,#D1E1D1,#D1E1D1,#D1E1D1,#D1E1D1,#D1E1D1,#D1E1D1,#D1E1D1,#D1E1D1,#D1E1D1,#D1E1D1,#D1E1D1,#D1E1D1,#D1E1D1,#D1E1D1,#D1E1D1,#D1E1D1,#D1E1D1,#D1E1D1,#D1E1D1,#D1E1D1,#D1E1D1,#D1E1D1,#D1E1D1,#D1E1D1,#D1E1D1,#9798B0,#A4B6C5
178,23,3,#A9BAA9,#A9BAA9,#A9BAA9,#A9BAA9,#A9BAA9,#A9BAA9,#A9BAA9,#A9BAA9,#A9BAA9,#A9BAA9,#A9BAA9,#A9BAA9,#A9BAA9,#A9BAA9,#A9BAA9,#A9BAA9,#A9BAA9,#A9BAA9,#A9BAA9,#A9BAA9,#A9BAA9,#A9BAA9,#A9BAA9,#A9BAA9,#A9BAA9,#A9BAA9,#A9BAA9,#A9BAA9,#86879D,#92A2B0
179,23,4,#7D907E,#7D907E,#7D907E,#7D907E,#7D907E,#7D907E,#7D907E,#7D907E,#7D907E,#7D907E,#7D907E,#7D907E,#7D907E,#7D907E,#7D907E,#7D907E,#7D907E,#7D907E,#7D907E,#7D907E,#7D907E,#7D907E,#7D907E,#7D907E,#7D907E,#7D907E,#7D907E,#7D907E,#707183,#7B8893
180,23,5,#5B6E5B,#5B6E5B,#5B6E5B,#5B6E5B,#5B6E5B,#5B6E5B,#5B6E5B,#5B6E5B,#5B6E5B,#5B6E5B,#5B6E5B,#5B6E5B,#5B6E5B,#5B6E5B,#5B6E5B,#5B6E5B,#5B6E5B,#5B6E5B,#5B6E5B,#5B6E5B,#5B6E5B,#5B6E5B,#5B6E5B,#5B6E5B,#5B6E5B,#5B6E5B,#5B6E5B,#5B6E5B,#595968,#616B74
181,23,6,#415440,#415440,#415440,#415440,#415440,#415440,#415440,#415440,#415440,#415440,#415440,#415440,#415440,#415440,#415440,#415440,#415440,#415440,#415440,#415440,#415440,#415440,#415440,#415440,#415440,#415440,#415440,#415440,#41414C,#474E55
182,23,7,#2E3C2F,#2E3C2F,#2E3C2F,#2E3C2F,#2E3C2F,#2E3C2F,#2E3C2F,#2E3C2F,#2E3C2F,#2E3C2F,#2E3C2F,#2E3C2F,#2E3C2F,#2E3C2F,#2E3C2F,#2E3C2F,#2E3C2F,#2E3C2F,#2E3C2F,#2E3C2F,#2E3C2F,#2E3C2F,#2E3C2F,#2E3C2F,#2E3C2F,#2E3C2F,#2E3C2F,#2E3C2F,#2D2D35,#31363B
183,23,8,#222B26,#222B26,#222B26,#222B26,#222B26,#222B26,#222B26,#222B26,#222B26,#222B26,#222B26,#222B26,#222B26,#222B26,#222B26,#222B26,#222B26,#222B26,#222B26,#222B26,#222B26,#222B26,#222B26,#222B26,#222B26,#222B26,#222B26,#222B26,#1F1F24,#222529
184,24,1,#F2FCDE,#F2FCDE,#F2FCDE,#F2FCDE,#F2FCDE,#F2FCDE,#F2FCDE,#F2FCDE,#F2FCDE,#F2FCDE,#F2FCDE,#F2FCDE,#F2FCDE,#F2FCDE,#F2FCDE,#F2FCDE,#F2FCDE,#F2FCDE,#F2FCDE,#F2FCDE,#F2FCDE,#F2FCDE,#F2FCDE,#F2FCDE,#F2FCDE,#F2FCDE,#F2FCDE,#F2FCDE,#424376,#50799C
185,24,2,#DFF1B8,#DFF1B8,#DFF1B8,#DFF1B8,#DFF1B8,#DFF1B8,#DFF1B8,#DFF1B8,#DFF1B8,#DFF1B8,#DFF1B8,#DFF1B8,#DFF1B8,#DFF1B8,#DFF1B8,#DFF1B8,#DFF1B8,#DFF1B8,#DFF1B8,#DFF1B8,#DFF1B8,#DFF1B8,#DFF1B8,#DFF1B8,#DFF1B8,#DFF1B8,#DFF1B8,#DFF1B8,#404173,#4E7698
186,24,3,#BED78F,#BED78F,#BED78F,#BED78F,#BED78F,#BED78F,#BED78F,#BED78F,#BED78F,#BED78F,#BED78F,#BED78F,#BED78F,#BED78F,#BED78F,#BED78F,#BED78F,#BED78F,#BED78F,#BED78F,#BED78F,#BED78F,#BED78F,#BED78F,#BED78F,#BED78F,#BED78F,#BED78F,#393A66,#456987
187,24,4,#9EB965,#9EB965,#9EB965,#9EB965,#9EB965,#9EB965,#9EB965,#9EB965,#9EB965,#9EB965,#9EB965,#9EB965,#9EB965,#9EB965,#9EB965,#9EB965,#9EB965,#9EB965,#9EB965,#9EB965,#9EB965,#9EB965,#9EB965,#9EB965,#9EB965,#9EB965,#9EB965,#9EB965,#303156,#3A5871
188,24,5,#7E9B44,#7E9B44,#7E9B44,#7E9B44,#7E9B44,#7E9B44,#7E9B44,#7E9B44,#7E9B44,#7E9B44,#7E9B44,#7E9B44,#7E9B44,#7E9B44,#7E9B44,#7E9B44,#7E9B44,#7E9B44,#7E9B44,#7E9B44,#7E9B44,#7E9B44,#7E9B44,#7E9B44,#7E9B44,#7E9B44,#7E9B44,#7E9B44,#262644,#2E4559
189,24,6,#5E772C,#5E772C,#5E772C,#5E772C,#5E772C,#5E772C,#5E772C,#5E772C,#5E772C,#5E772C,#5E772C,#5E772C,#5E772C,#5E772C,#5E772C,#5E772C,#5E772C,#5E772C,#5E772C,#5E772C,#5E772C,#5E772C,#5E772C,#5E772C,#5E772C,#5E772C,#5E772C,#5E772C,#1C1C32,#223341
190,24,7,#42531F,#42531F,#42531F,#42531F,#42531F,#42531F,#42531F,#42531F,#42531F,#42531F,#42531F,#42531F,#42531F,#42531F,#42531F,#42531F,#42531F,#42531F,#42531F,#42531F,#42531F,#42531F,#42531F,#42531F,#42531F,#42531F,#42531F,#42531F,#131322,#17232D
191,24,8,#2E381A,#2E381A,#2E381A,#2E381A,#2E381A,#2E381A,#2E381A,#2E381A,#2E381A,#2E381A,#2E381A,#2E381A,#2E381A,#2E381A,#2E381A,#2E381A,#2E381A,#2E381A,#2E381A,#2E381A,#2E381A,#2E381A,#2E381A,#2E381A,#2E381A,#2E381A,#2E381A,#2E381A,#0D0D18,#10181F