bone_morph,bone_name,locationX,locationY,locationZ,rotateX,rotateY,rotateZ,scaleX,scaleY,scaleZ
UP,j_f_mayu_l,0.002,0.001,,-1.061,-3.854,-2.61,,,
UP,j_f_mayu_r,0.002,0.001,,1.061,3.854,-2.61,,,
UP,j_f_miken_01_l,0.002,,-0.002,-0.429,6.054,-1.37,,,
UP,j_f_miken_02_l,0.007,0.001,,2.761,-24.086,-4.396,,,
UP,j_f_miken_01_r,0.002,,0.002,0.429,-6.054,-1.37,,,
UP,j_f_miken_02_r,0.007,0.001,,-2.761,24.086,-4.395,,,
UP,j_f_mmayu_l,0.005,0.001,,0.421,0.525,-3.208,,,
UP,j_f_mmayu_r,0.005,0.001,,-0.421,-0.525,-3.208,,,
Down,j_f_mayu_l,-0.001,,,0.165,4.736,3.986,,,
Down,j_f_mayu_r,-0.001,,,-0.165,-4.736,3.986,,,
Down,j_f_miken_01_l,-0.003,,,,,6.187,,,
Down,j_f_miken_01_r,-0.003,,,,,6.187,,,
Down,j_f_mmayu_l,-0.002,,,0.128,2.611,5.612,,,
Down,j_f_mmayu_r,-0.002,,,-0.128,-2.611,5.612,,,
Trouble,j_f_mayu_l,-0.001,,,-0.349,1.054,0.776,,,
Trouble,j_f_mayu_r,-0.001,,,0.349,-1.054,0.776,,,
Trouble,j_f_miken_01_l,-0.001,,-0.002,-3.036,-2.157,-0.695,,,
Trouble,j_f_miken_02_l,0.013,0.002,-0.002,5.371,-31.183,-10.642,,,
Trouble,j_f_miken_01_r,-0.001,,0.002,3.036,2.157,-0.695,,,
Trouble,j_f_miken_02_r,0.013,0.002,0.002,-5.371,31.183,-10.642,,,
Trouble,j_f_mmayu_l,-0.001,0.001,-0.001,-0.088,-0.355,2.7,,,
Trouble,j_f_mmayu_r,-0.001,0.001,0.001,0.088,0.355,2.7,,,
Serious,j_f_mayu_l,-0.001,0.001,,-0.006,-0.451,1.584,,,
Serious,j_f_mayu_r,-0.001,0.001,,0.006,0.451,1.584,,,
Serious,j_f_miken_01_l,-0.005,,,-2.722,-0.947,3.507,,,
Serious,j_f_miken_02_l,-0.007,-0.001,-0.001,-4.469,6.143,3.966,,,
Serious,j_f_miken_01_r,-0.005,,,2.722,0.947,3.507,,,
Serious,j_f_miken_02_r,-0.007,-0.001,0.001,4.469,-6.143,3.966,,,
Serious,j_f_mmayu_l,-0.002,0.001,,-0.35,2.876,3.418,,,
Serious,j_f_mmayu_r,-0.002,0.001,,0.35,-2.876,3.418,,,
Smily,j_f_mayu_l,,,,0.001,-1.693,-0.077,,,
Smily,j_f_mayu_r,,,,0.441,1.474,0.472,,,
Smily,j_f_miken_01_l,,,,-0.163,1.662,-0.319,,,
Smily,j_f_miken_02_l,0.003,0.001,-0.001,1.166,-4.49,-2.462,,,
Smily,j_f_miken_01_r,,,0.001,1.067,-2.495,0.096,,,
Smily,j_f_miken_02_r,0.003,0.001,,-1.166,4.49,-2.462,,,
Smily,j_f_mmayu_l,0.001,,,0.835,-1.353,-0.295,,,
Smily,j_f_mmayu_r,0.001,,,-0.355,0.431,0.199,,,
Wink,j_f_dmiken_l,0.001,,,-0.514,,,,,
Wink,j_f_eye_l,,,,,,,,,
Wink,j_f_eyepuru_l,,,,,,,,,
Wink,j_f_mab_l,,,,-0.902,-1.977,-16.41,,,
Wink,j_f_mabdn_01_l,,,,-4.271,-3.368,-5.742,,,
Wink,j_f_mabdn_02out_l,,,,-3.387,-5.971,0.329,,,
Wink,j_f_mabdn_03in_l,,,,-1,16.962,-0.265,,,
Wink,j_f_mabup_01_l,,,,-0.023,-4.972,31.499,,,
Wink,j_f_mabup_02out_l,,,,3.365,-0.473,-0.057,,,
Wink,j_f_mabup_03in_l,,,,1.003,6.978,9.894,,,
Wink-a,j_f_dmiken_r,0.001,,,0.514,,,,,
Wink-a,j_f_eye_r,,,,,,,,,
Wink-a,j_f_eyepuru_r,,,,,,,,,
Wink-a,j_f_mab_r,,,,0.902,1.977,-16.41,,,
Wink-a,j_f_mabdn_01_r,,,,4.271,3.368,-5.742,,,
Wink-a,j_f_mabdn_02out_r,,,,3.387,5.971,0.329,,,
Wink-a,j_f_mabdn_03in_r,,,,1,-16.962,-0.265,,,
Wink-a,j_f_mabup_01_r,,,,0.023,4.972,31.499,,,
Wink-a,j_f_mabup_02out_r,,,,-3.365,0.473,-0.057,,,
Wink-a,j_f_mabup_03in_r,,,,-1.003,-6.978,9.894,,,
Wink-b,j_f_dmiken_l,0.001,,,-0.514,,,,,
Wink-b,j_f_eye_l,,,,,,,,,
Wink-b,j_f_eyepuru_l,,,,,,,,,
Wink-b,j_f_mab_l,,,,-0.902,-1.977,-16.41,,,
Wink-b,j_f_mabdn_01_l,,,,-4.271,-3.368,-5.742,,,
Wink-b,j_f_mabdn_02out_l,,,,-3.387,-5.971,0.329,,,
Wink-b,j_f_mabdn_03in_l,,,,-1,16.962,-0.265,,,
Wink-b,j_f_mabup_01_l,,,,-0.023,-4.972,31.499,,,
Wink-b,j_f_mabup_02out_l,,,,3.365,-0.473,-0.057,,,
Wink-b,j_f_mabup_03in_l,,,,1.003,6.978,9.894,,,
Wink-c,j_f_dmiken_r,0.001,,,0.514,,,,,
Wink-c,j_f_eye_r,,,,,,,,,
Wink-c,j_f_eyepuru_r,,,,,,,,,
Wink-c,j_f_mab_r,,,,0.902,1.977,-16.41,,,
Wink-c,j_f_mabdn_01_r,,,,4.271,3.368,-5.742,,,
Wink-c,j_f_mabdn_02out_r,,,,3.387,5.971,0.329,,,
Wink-c,j_f_mabdn_03in_r,,,,1,-16.962,-0.265,,,
Wink-c,j_f_mabup_01_r,,,,0.023,4.972,31.499,,,
Wink-c,j_f_mabup_02out_r,,,,-3.365,0.473,-0.057,,,
Wink-c,j_f_mabup_03in_r,,,,-1.003,-6.978,9.894,,,
Blink,j_f_eye_l,,,,,,,,,
Blink,j_f_eyepuru_l,,,,,,,,,
Blink,j_f_eye_r,,,,,,,,,
Blink,j_f_eyepuru_r,,,,,,,,,
Blink,j_f_mab_l,,,,,,,,,
Blink,j_f_mabdn_01_l,,,,1.487,-2.316,-6.051,,,
Blink,j_f_mabdn_02out_l,,,,,,,,,
Blink,j_f_mabdn_03in_l,,,,,,,,,
Blink,j_f_mabup_01_l,,,,-0.023,-4.972,31.499,,,
Blink,j_f_mabup_02out_l,,,,,,,,,
Blink,j_f_mabup_03in_l,,,,,,,,,
Blink,j_f_mab_r,,,,,,,,,
Blink,j_f_mabdn_01_r,,,,-1.477,-1.576,-5.921,,,
Blink,j_f_mabdn_02out_r,,,,,,,,,
Blink,j_f_mabdn_03in_r,,,,,,,,,
Blink,j_f_mabup_01_r,,,,0.023,4.972,31.499,,,
Blink,j_f_mabup_02out_r,,,,,,,,,
Blink,j_f_mabup_03in_r,,,,,,,,,
EyeSmile,j_f_dmiken_l,0.001,,,-0.514,,,,,
EyeSmile,j_f_dmiken_r,0.001,,,0.514,,,,,
EyeSmile,j_f_eye_l,,,,,,,,,
EyeSmile,j_f_eyepuru_l,,,,,,,,,
EyeSmile,j_f_eye_r,,,,,,,,,
EyeSmile,j_f_eyepuru_r,,,,,,,,,
EyeSmile,j_f_mab_l,,,,-0.902,-1.977,-16.41,,,
EyeSmile,j_f_mabdn_01_l,,,,-4.271,-3.368,-5.742,,,
EyeSmile,j_f_mabdn_02out_l,,,,-3.387,-5.971,0.329,,,
EyeSmile,j_f_mabdn_03in_l,,,,-1,16.962,-0.265,,,
EyeSmile,j_f_mabup_01_l,,,,-0.023,-4.972,31.499,,,
EyeSmile,j_f_mabup_02out_l,,,,3.365,-0.473,-0.057,,,
EyeSmile,j_f_mabup_03in_l,,,,1.003,6.978,9.894,,,
EyeSmile,j_f_mab_r,,,,0.902,1.977,-16.41,,,
EyeSmile,j_f_mabdn_01_r,,,,4.271,3.368,-5.742,,,
EyeSmile,j_f_mabdn_02out_r,,,,3.387,5.971,0.329,,,
EyeSmile,j_f_mabdn_03in_r,,,,1,-16.962,-0.265,,,
EyeSmile,j_f_mabup_01_r,,,,0.023,4.972,31.499,,,
EyeSmile,j_f_mabup_02out_r,,,,-3.365,0.473,-0.057,,,
EyeSmile,j_f_mabup_03in_r,,,,-1.003,-6.978,9.894,,,
Ha!!!,j_f_dmiken_l,0.002,0.001,,0.35,1.457,2.618,,,
Ha!!!,j_f_dmiken_r,0.002,0.001,,-0.35,-1.457,2.618,,,
Ha!!!,j_f_eye_l,,,,,,,,,
Ha!!!,j_f_eyepuru_l,,,,,,,,,
Ha!!!,j_f_eye_r,,,,,,,,,
Ha!!!,j_f_eyepuru_r,,,,,,,,,
Ha!!!,j_f_mab_l,,,,0.38,-3.127,-0.66,,,
Ha!!!,j_f_mabdn_01_l,,,,1,3.39,1.851,,,
Ha!!!,j_f_mabdn_02out_l,,,,,,,,,
Ha!!!,j_f_mabdn_03in_l,,,,-0.121,0.855,-0.292,,,
Ha!!!,j_f_mabup_01_l,,,,0.635,0.066,-6.138,,,
Ha!!!,j_f_mabup_02out_l,,,,-0.001,-0.27,0.394,,,
Ha!!!,j_f_mabup_03in_l,,,,-0.27,1.547,-2.423,,,
Ha!!!,j_f_mab_r,,,,-0.38,3.127,-0.66,,,
Ha!!!,j_f_mabdn_01_r,,,,-1,-3.39,1.851,,,
Ha!!!,j_f_mabdn_02out_r,,,,,,,,,
Ha!!!,j_f_mabdn_03in_r,,,,0.121,-0.855,-0.292,,,
Ha!!!,j_f_mabup_01_r,,,,-0.635,-0.066,-6.138,,,
Ha!!!,j_f_mabup_02out_r,,,,0.001,0.27,0.394,,,
Ha!!!,j_f_mabup_03in_r,,,,0.27,-1.547,-2.423,,,
Jito-eye,j_f_mabup_01_l,-0.002,,,,,,,,
Jito-eye,j_f_mabup_01_r,-0.002,,,,,,,,
Wail,j_f_dmiken_l,0.004,0.002,-0.001,-0.895,1.81,3.55,,,
Wail,j_f_dmiken_r,0.004,0.002,0.001,0.895,-1.81,3.55,,,
Wail,j_f_eye_l,,,,,,,,,
Wail,j_f_eyepuru_l,,,,,,,,,
Wail,j_f_eye_r,,,,,,,,,
Wail,j_f_eyepuru_r,,,,,,,,,
Wail,j_f_mab_l,,,,-0.323,0.743,-10.868,,,
Wail,j_f_mabdn_01_l,,,,0.933,1.397,-2.562,,,
Wail,j_f_mabdn_02out_l,,,,,-2.532,-0.004,,,
Wail,j_f_mabdn_03in_l,,0.001,,0.243,-0.539,-1.262,,,
Wail,j_f_mabup_01_l,,,,0.013,-1.427,12.614,,,
Wail,j_f_mabup_02out_l,,,,-0.014,-1.043,1.585,,,
Wail,j_f_mabup_03in_l,,,,-0.85,5.414,-7.049,,,
Wail,j_f_mab_r,,,,0.323,-0.743,-10.868,,,
Wail,j_f_mabdn_01_r,,,,-0.933,-1.397,-2.562,,,
Wail,j_f_mabdn_02out_r,,,,,2.532,-0.004,,,
Wail,j_f_mabdn_03in_r,,0.001,,-0.243,0.539,-1.262,,,
Wail,j_f_mabup_01_r,,,,-0.013,1.427,12.614,,,
Wail,j_f_mabup_02out_r,,,,0.014,1.043,1.585,,,
Wail,j_f_mabup_03in_r,,,,0.94,-5.793,-8.36,,,
Hostility,j_f_dmiken_l,-0.002,,0.001,3.968,1.885,5.098,,,
Hostility,j_f_dmiken_r,-0.002,,-0.001,-3.968,-1.885,5.098,,,
Hostility,j_f_eye_l,,,,,,,,,
Hostility,j_f_eyepuru_l,,,,,,,,,
Hostility,j_f_eye_r,,,,,,,,,
Hostility,j_f_eyepuru_r,,,,,,,,,
Hostility,j_f_mab_l,,,,-0.689,5.17,-0.978,,,
Hostility,j_f_mabdn_01_l,,,,-1.436,-3.354,0.121,,,
Hostility,j_f_mabdn_02out_l,,,,,,,,,
Hostility,j_f_mabdn_03in_l,,,,-0.197,0.571,0.18,,,
Hostility,j_f_mabup_01_l,,,,,,-0.119,,,
Hostility,j_f_mabup_02out_l,,,,-0.002,-0.383,0.575,,,
Hostility,j_f_mabup_03in_l,,,,-0.372,0.904,-1.973,,,
Hostility,j_f_mab_r,,,,0.689,-5.17,-0.978,,,
Hostility,j_f_mabdn_01_r,,,,1.436,3.354,0.121,,,
Hostility,j_f_mabdn_02out_r,,,,,,,,,
Hostility,j_f_mabdn_03in_r,,,,0.197,-0.571,0.18,,,
Hostility,j_f_mabup_01_r,,,,,,-0.119,,,
Hostility,j_f_mabup_02out_r,,,,0.002,0.383,0.575,,,
Hostility,j_f_mabup_03in_r,,,,0.372,-0.904,-1.973,,,
a,j_ago,0.001,-0.001,,,,-9.154,,,
a,j_f_noanim_ago,,,,,,,,,
a,j_f_ago,-0.001,0.002,,,,7.448,,,
a,j_f_bero_01,,,,,,,,,
a,j_f_bero_02,,,,,,,,,
a,j_f_bero_03,,,,,,,,,
a,j_f_dago,,,,,,,,,
a,j_f_dlip_01_l,-0.002,,0.001,2.425,-0.016,-2.93,,,
a,j_f_dlip_02_l,0.001,,,-0.013,1.307,-4.593,,,
a,j_f_dlip_01_r,-0.002,,-0.001,-2.425,0.016,-2.93,,,
a,j_f_dlip_02_r,0.001,,,0.013,-1.307,-4.593,,,
a,j_f_dmlip_01_l,,,0.003,-0.814,2.164,0.167,,,
a,j_f_dmlip_02_l,-0.001,,,,-1.227,,,,
a,j_f_dmlip_01_r,,,-0.003,0.814,-2.164,0.167,,,
a,j_f_dmlip_02_r,-0.001,,,,1.227,,,,
a,j_f_hagukidn,,,,,,,,,
a,j_f_dslip_l,0.001,,0.006,12.898,18.09,-6.972,,,
a,j_f_dslip_r,0.001,,-0.006,-12.898,-18.09,-6.972,,,
a,j_f_eyeprm_01_l,0.002,0.005,0.001,,,,,,
a,j_f_eyeprm_02_l,0.001,,0.001,,,,,,
a,j_f_irisprm_l,,,,,,,,,
a,j_f_noanim_eyesize_l,,,,,,,,,
a,j_f_eyeprm_01_r,0.002,0.005,-0.001,,,,,,
a,j_f_eyeprm_02_r,0.001,,-0.001,,,,,,
a,j_f_irisprm_r,,,,,,,,,
a,j_f_noanim_eyesize_r,,,,,,,,,
a,j_f_hagukiup,,,,,,,,,
a,j_f_hana_l,0.001,,,-0.606,2.659,1.174,,,
a,j_f_hana_r,0.001,,,0.606,-2.659,1.174,,,
a,j_f_ulip_01_l,0.001,0.001,,3.058,1.53,-2.454,,,
a,j_f_ulip_02_l,0.001,-0.001,0.001,3.642,-6.939,-5.063,,,
a,j_f_ulip_01_r,0.001,0.001,,-3.058,-1.53,-2.454,,,
a,j_f_ulip_02_r,0.001,-0.001,-0.001,-3.642,6.939,-5.063,,,
a,j_f_umlip_01_l,0.004,0.002,0.002,-1.248,10.139,0.636,,,
a,j_f_umlip_02_l,,,,0.593,0.035,-6.811,,,
a,j_f_umlip_01_r,0.004,0.002,-0.002,1.248,-10.139,0.636,,,
a,j_f_umlip_02_r,,,,-0.593,-0.035,-6.811,,,
a,j_f_uslip_l,0.001,-0.001,0.005,12.546,14.628,-3.569,,,
a,j_f_uslip_r,0.001,-0.001,-0.005,-12.546,-14.628,-3.569,,,
a 2,j_ago,0.001,-0.001,,,,-9.154,,,
a 2,j_f_noanim_ago,,,,,,,,,
a 2,j_f_ago,-0.001,0.002,,,,9.154,,,
a 2,j_f_bero_01,,,,,,,,,
a 2,j_f_bero_02,,,,,,,,,
a 2,j_f_bero_03,,,,,,,,,
a 2,j_f_dago,,,,,,,,,
a 2,j_f_dlip_01_l,-0.002,,0.001,2.425,-0.016,-2.93,,,
a 2,j_f_dlip_02_l,0.001,,,-0.013,1.307,-4.593,,,
a 2,j_f_dlip_01_r,-0.002,,-0.001,-2.425,0.016,-2.93,,,
a 2,j_f_dlip_02_r,0.001,,,0.013,-1.307,-4.593,,,
a 2,j_f_dmlip_01_l,-0.001,,0.003,-0.814,2.164,0.167,,,
a 2,j_f_dmlip_02_l,-0.001,,,,-1.227,,,,
a 2,j_f_dmlip_01_r,-0.001,,-0.003,0.814,-2.164,0.167,,,
a 2,j_f_dmlip_02_r,-0.001,,,,1.227,,,,
a 2,j_f_hagukidn,,,,,,,,,
a 2,j_f_dslip_l,0.001,,0.006,12.898,18.09,-6.972,,,
a 2,j_f_dslip_r,0.001,,-0.006,-12.898,-18.09,-6.972,,,
a 2,j_f_eyeprm_01_l,0.002,0.005,0.001,,,,,,
a 2,j_f_eyeprm_02_l,0.001,,0.001,,,,,,
a 2,j_f_irisprm_l,,,,,,,,,
a 2,j_f_noanim_eyesize_l,,,,,,,,,
a 2,j_f_eyeprm_01_r,0.002,0.005,-0.001,,,,,,
a 2,j_f_eyeprm_02_r,0.001,,-0.001,,,,,,
a 2,j_f_irisprm_r,,,,,,,,,
a 2,j_f_noanim_eyesize_r,,,,,,,,,
a 2,j_f_hagukiup,,,,,,,,,
a 2,j_f_hana_l,0.001,,,-0.606,2.659,1.174,,,
a 2,j_f_hana_r,0.001,,,0.606,-2.659,1.174,,,
a 2,j_f_ulip_01_l,0.001,0.001,,3.058,1.53,-2.454,,,
a 2,j_f_ulip_02_l,0.001,-0.001,0.001,3.642,-6.939,-5.063,,,
a 2,j_f_ulip_01_r,0.001,0.001,,-3.058,-1.53,-2.454,,,
a 2,j_f_ulip_02_r,0.001,-0.001,-0.001,-3.642,6.939,-5.063,,,
a 2,j_f_umlip_01_l,0.004,0.002,0.002,-1.248,10.139,0.636,,,
a 2,j_f_umlip_02_l,,,,0.593,0.035,-6.812,,,
a 2,j_f_umlip_01_r,0.004,0.002,-0.002,1.248,-10.139,0.636,,,
a 2,j_f_umlip_02_r,,,,-0.593,-0.035,-6.812,,,
a 2,j_f_uslip_l,0.001,-0.001,0.005,12.546,14.628,-3.569,,,
a 2,j_f_uslip_r,0.001,-0.001,-0.005,-12.546,-14.628,-3.569,,,
e,j_ago,,-0.001,,,,-4.672,,,
e,j_f_noanim_ago,,,,,,,,,
e,j_f_ago,,,,,,5.901,,,
e,j_f_bero_01,,,,,,,,,
e,j_f_bero_02,,,,,,,,,
e,j_f_bero_03,,,,,,,,,
e,j_f_dago,,,,,,,,,
e,j_f_dlip_01_l,-0.001,,,0.404,-0.088,1.859,,,
e,j_f_dlip_02_l,,,,,0.039,-0.671,,,
e,j_f_dlip_01_r,-0.001,,,-0.404,0.088,1.859,,,
e,j_f_dlip_02_r,,,,,-0.039,-0.671,,,
e,j_f_dmlip_01_l,-0.001,,,-0.321,-2.885,0.516,,,
e,j_f_dmlip_02_l,,0.001,,1.032,0.304,1.388,,,
e,j_f_dmlip_01_r,-0.001,,,0.321,2.885,0.516,,,
e,j_f_dmlip_02_r,,0.001,,-1.032,-0.304,1.388,,,
e,j_f_hagukidn,,,,,,,,,
e,j_f_dslip_l,-0.001,,0.001,3.295,1.027,-3.537,,,
e,j_f_dslip_r,-0.001,,-0.001,-3.295,-1.027,-3.537,,,
e,j_f_eyeprm_01_l,,,,,,,,,
e,j_f_eyeprm_02_l,,,,,,,,,
e,j_f_irisprm_l,,,,,,,,,
e,j_f_noanim_eyesize_l,,,,,,,,,
e,j_f_eyeprm_01_r,,,,,,,,,
e,j_f_eyeprm_02_r,,,,,,,,,
e,j_f_irisprm_r,,,,,,,,,
e,j_f_noanim_eyesize_r,,,,,,,,,
e,j_f_hagukiup,,,,,,,,,
e,j_f_hana_l,,,,-0.355,0.278,0.355,,,
e,j_f_hana_r,,,,0.355,-0.278,0.355,,,
e,j_f_ulip_01_l,0.001,,,0.988,-0.07,-2.495,,,
e,j_f_ulip_02_l,,,,0.808,-1.893,-1.003,,,
e,j_f_ulip_01_r,0.001,,,-0.988,0.07,-2.495,,,
e,j_f_ulip_02_r,,,,-0.808,1.893,-1.003,,,
e,j_f_umlip_01_l,0.002,,0.001,-0.322,2.662,-0.132,,,
e,j_f_umlip_02_l,,,,0.356,0.004,-1.346,,,
e,j_f_umlip_01_r,0.002,,-0.001,0.322,-2.662,-0.132,,,
e,j_f_umlip_02_r,,,,-0.356,-0.004,-1.346,,,
e,j_f_uslip_l,-0.001,-0.001,0.001,1.624,-2.734,-1.681,,,
e,j_f_uslip_r,-0.001,-0.001,-0.001,-1.624,2.734,-1.681,,,
i,j_ago,,,,,,,,,
i,j_f_noanim_ago,,,,,,,,,
i,j_f_bero_01,,,,,,,,,
i,j_f_bero_02,,,,,,,,,
i,j_f_bero_03,,,,,,,,,
i,j_f_dago,,,,,,,,,
i,j_f_dlip_01_l,-0.003,0.001,,0.178,0.085,-0.949,,,
i,j_f_dlip_02_l,,0.001,,0.005,0.475,1.306,,,
i,j_f_dlip_01_r,-0.003,0.001,,-0.178,-0.085,-0.949,,,
i,j_f_dlip_02_r,,0.001,,-0.005,-0.475,1.306,,,
i,j_f_dmlip_01_l,-0.003,0.001,0.002,-0.658,1.314,-0.384,,,
i,j_f_dmlip_02_l,,0.001,,0.014,5.742,1.864,,,
i,j_f_dmlip_01_r,-0.003,0.001,-0.002,0.658,-1.314,-0.384,,,
i,j_f_dmlip_02_r,,0.001,,-0.014,-5.742,1.864,,,
i,j_f_hagukidn,,,,,,,,,
i,j_f_dhoho_l,0.001,,,0.386,-0.204,-0.589,,,
i,j_f_dhoho_r,0.001,,,-0.386,0.204,-0.589,,,
i,j_f_dmemoto_l,,0.001,,-0.092,1.625,2.185,,,
i,j_f_dmemoto_r,,0.001,,0.092,-1.625,2.185,,,
i,j_f_dslip_l,0.003,0.001,0.002,0.447,9.651,-1.287,,,
i,j_f_dslip_r,0.003,0.001,-0.002,-1.655,-9.642,-1.099,,,
i,j_f_eyeprm_01_l,,0.001,,,,,,,
i,j_f_eyeprm_02_l,,,,,,,,,
i,j_f_irisprm_l,,,,,,,,,
i,j_f_noanim_eyesize_l,,,,,,,,,
i,j_f_eyeprm_01_r,,0.001,,,,,,,
i,j_f_eyeprm_02_r,,,,,,,,,
i,j_f_irisprm_r,,,,,,,,,
i,j_f_noanim_eyesize_r,,,,,,,,,
i,j_f_eyeprmroll_l,,,,0.038,0.677,-7.05,,,
i,j_f_eyeprmroll_r,,,,-0.038,-0.677,-7.05,,,
i,j_f_hagukiup,,,,,,,,,
i,j_f_hana_l,,,,-1.051,1.438,1.412,,,
i,j_f_hana_r,,,,1.051,-1.438,1.412,,,
i,j_f_shoho_l,0.002,0.001,0.001,-1.953,-0.713,1.826,,,
i,j_f_shoho_r,0.002,0.001,-0.001,1.953,0.713,1.826,,,
i,j_f_ulip_01_l,0.001,,,0.192,0.583,0.634,,,
i,j_f_ulip_02_l,0.001,,,1.209,-5.475,-2.911,,,
i,j_f_ulip_01_r,0.001,,,-0.192,-0.583,0.634,,,
i,j_f_ulip_02_r,0.001,,,-1.21,5.476,-2.912,,,
i,j_f_umlip_01_l,0.003,0.001,-0.001,-1.005,4.94,0.611,,,
i,j_f_umlip_02_l,0.002,,,-0.031,1.187,-3.009,,,
i,j_f_umlip_01_r,0.003,0.001,0.001,1.005,-4.94,0.611,,,
i,j_f_umlip_02_r,0.002,,,0.031,-1.187,-3.009,,,
i,j_f_uslip_l,0.003,0.002,0.001,2.354,21.879,-0.337,,,
i,j_f_uslip_r,0.003,0.002,-0.001,-3.663,-21.867,0.173,,,
o,j_ago,0.001,-0.001,,,,-12.932,,,
o,j_f_noanim_ago,,,,,,,,,
o,j_f_ago,-0.001,0.003,,,,8.268,,,
o,j_f_bero_01,,,,,,,,,
o,j_f_bero_02,,,,,,,,,
o,j_f_bero_03,,,,,,,,,
o,j_f_dago,,,,,,,,,
o,j_f_dlip_01_l,-0.001,,,1.817,-2.38,0.913,,,
o,j_f_dlip_02_l,0.001,,,0.023,-0.752,-3.484,,,
o,j_f_dlip_01_r,-0.001,,,-1.817,2.38,0.913,,,
o,j_f_dlip_02_r,0.001,,,-0.023,0.752,-3.484,,,
o,j_f_dmlip_01_l,-0.001,,-0.001,-1.074,4.348,0.292,,,
o,j_f_dmlip_02_l,-0.001,0.001,,1.381,-0.259,1.818,,,
o,j_f_dmlip_01_r,-0.001,,0.001,1.074,-4.348,0.292,,,
o,j_f_dmlip_02_r,-0.001,0.001,,-1.381,0.259,1.818,,,
o,j_f_hagukidn,,,,,,,,,
o,j_f_dmemoto_l,,,,0.924,1.374,1.43,,,
o,j_f_dmemoto_r,,,,-0.924,-1.374,1.43,,,
o,j_f_dslip_l,-0.004,-0.002,-0.004,12.945,7.647,-10.651,,,
o,j_f_dslip_r,-0.004,-0.002,0.004,-12.945,-7.647,-10.651,,,
o,j_f_eyeprm_01_l,0.002,-0.003,0.001,,,,,,
o,j_f_eyeprm_02_l,,,,,,,,,
o,j_f_irisprm_l,,,,,,,,,
o,j_f_noanim_eyesize_l,,,,,,,,,
o,j_f_eyeprm_01_r,0.002,-0.003,-0.001,,,,,,
o,j_f_eyeprm_02_r,,,,,,,,,
o,j_f_irisprm_r,,,,,,,,,
o,j_f_noanim_eyesize_r,,,,,,,,,
o,j_f_eyeprmroll_l,,,,0.418,-3.481,-0.726,,,
o,j_f_eyeprmroll_r,,,,-0.418,3.481,-0.726,,,
o,j_f_hagukiup,,,,,,,,,
o,j_f_hana_l,,,,-1.409,1.323,1.369,,,
o,j_f_hana_r,,,,1.409,-1.323,1.369,,,
o,j_f_ulip_01_l,,0.001,,2.649,0.685,-6.521,,,
o,j_f_ulip_02_l,0.001,-0.001,,2.995,-6.278,-3.972,,,
o,j_f_ulip_01_r,,0.001,,-2.649,-0.685,-6.521,,,
o,j_f_ulip_02_r,0.001,-0.001,,-2.995,6.278,-3.972,,,
o,j_f_umlip_01_l,0.003,,,-1.145,2.172,0.881,,,
o,j_f_umlip_02_l,-0.001,,,1.109,0.011,-5.267,,,
o,j_f_umlip_01_r,0.003,,,1.145,-2.172,0.881,,,
o,j_f_umlip_02_r,-0.001,,,-1.109,-0.011,-5.267,,,
o,j_f_uslip_l,-0.003,-0.003,-0.004,8.534,-9.406,-8.285,,,
o,j_f_uslip_r,-0.003,-0.003,0.004,-8.534,9.406,-8.285,,,
u,j_ago,,-0.001,,,,-4.593,,,
u,j_f_noanim_ago,,,,,,,,,
u,j_f_ago,,,,,,4.593,,,
u,j_f_bero_01,,,,,,,,,
u,j_f_bero_02,,,,,,,,,
u,j_f_bero_03,,,,,,,,,
u,j_f_dago,,,,,,,,,
u,j_f_dlip_01_l,0.001,0.001,-0.001,-0.008,-0.088,7.526,,,
u,j_f_dlip_02_l,,0.001,,-0.004,-0.119,4.276,,,
u,j_f_dlip_01_r,0.001,0.001,0.001,0.008,0.088,7.526,,,
u,j_f_dlip_02_r,,0.001,,0.004,0.119,4.276,,,
u,j_f_dmlip_01_l,-0.001,,-0.003,-2.884,-0.356,1.44,,,
u,j_f_dmlip_02_l,,0.002,,1.906,3.961,13.526,,,
u,j_f_dmlip_01_r,-0.001,,0.003,2.884,0.356,1.44,,,
u,j_f_dmlip_02_r,,0.002,,-1.906,-3.961,13.526,,,
u,j_f_hagukidn,,,,,,,,,
u,j_f_dmemoto_l,,,,,,,,,
u,j_f_dmemoto_r,,,,,,,,,
u,j_f_dslip_l,-0.001,,-0.005,10.741,-1.366,-5.441,,,
u,j_f_dslip_r,-0.001,,0.005,-10.741,1.366,-5.441,,,
u,j_f_eyeprm_01_l,,,,,,,,,
u,j_f_eyeprm_02_l,,,,,,,,,
u,j_f_irisprm_l,,,,,,,,,
u,j_f_noanim_eyesize_l,,,,,,,,,
u,j_f_eyeprm_01_r,,,,,,,,,
u,j_f_eyeprm_02_r,,,,,,,,,
u,j_f_irisprm_r,,,,,,,,,
u,j_f_noanim_eyesize_r,,,,,,,,,
u,j_f_eyeprmroll_r,,,,,,,,,
u,j_f_hagukiup,,,,,,,,,
u,j_f_hana_l,,,,-0.473,0.437,0.473,,,
u,j_f_hana_r,,,,0.473,-0.437,0.473,,,
u,j_f_ulip_01_l,0.001,0.001,,0.602,-0.383,-8.441,,,
u,j_f_ulip_02_l,,0.001,,0.637,-2.045,-2.426,,,
u,j_f_ulip_01_r,0.001,0.001,,-0.602,0.383,-8.441,,,
u,j_f_ulip_02_r,,0.001,,-0.637,2.045,-2.426,,,
u,j_f_umlip_01_l,0.001,,-0.001,2.501,-0.464,-3.594,,,
u,j_f_umlip_02_l,,,,2.943,2.733,-4.565,,,
u,j_f_umlip_01_r,0.001,,0.001,-2.501,0.464,-3.594,,,
u,j_f_umlip_02_r,,,,-2.943,-2.733,-4.565,,,
u,j_f_uslip_l,-0.002,,-0.005,2.597,-3.313,-3.49,,,
u,j_f_uslip_r,-0.002,,0.005,-2.597,3.313,-3.49,,,
n,j_f_dlip_01_l,0.001,,,,,,,,
n,j_f_dlip_01_r,0.001,,,,,,,,
n,j_f_dslip_l,-0.001,,,,,,,,
n,j_f_dslip_r,-0.001,,,,,,,,
n,j_f_ulip_01_l,,,,,,,,,
n,j_f_ulip_01_r,,,,,,,,,
n,j_f_uslip_l,-0.001,,,,,,,,
n,j_f_uslip_r,-0.001,,,,,,,,
Mouse_1,j_ago,-0.004,-0.001,,,,-18.126,,,
Mouse_1,j_f_ago,-0.001,0.005,,,,10.857,,,
Mouse_1,j_f_dlip_01_l,-0.001,0.001,0.001,1.1,1.477,-3.945,,,
Mouse_1,j_f_dlip_02_l,0.001,,,-1.094,-0.658,-2.607,,,
Mouse_1,j_f_dlip_01_r,-0.001,0.001,-0.001,-1.1,-1.477,-3.945,,,
Mouse_1,j_f_dlip_02_r,0.001,,,1.094,0.658,-2.607,,,
Mouse_1,j_f_dmlip_01_l,,,0.001,0.758,-4.571,-1.091,,,
Mouse_1,j_f_dmlip_02_l,,,,-0.003,-0.435,0.709,,,
Mouse_1,j_f_dmlip_01_r,,,-0.001,-0.758,4.571,-1.091,,,
Mouse_1,j_f_dmlip_02_r,,,,0.003,0.435,0.709,,,
Mouse_1,j_f_dhoho_l,-0.002,-0.001,0.002,-8.017,-6.282,-2.893,,,
Mouse_1,j_f_dhoho_r,-0.002,-0.001,-0.002,8.017,6.282,-2.893,,,
Mouse_1,j_f_dmemoto_l,,,,0.46,0.472,0.452,,,
Mouse_1,j_f_dmemoto_r,,,,-0.46,-0.472,0.452,,,
Mouse_1,j_f_dslip_l,-0.008,-0.005,0.003,11.081,9.577,2.596,,,
Mouse_1,j_f_dslip_r,-0.008,-0.005,-0.003,-11.081,-9.577,2.596,,,
Mouse_1,j_f_eyeprm_01_l,,-0.004,,,,,,,
Mouse_1,j_f_eyeprm_01_r,,-0.004,,,,,,,
Mouse_1,j_f_eyeprmroll_l,,,,0.044,0.91,0.515,,,
Mouse_1,j_f_eyeprmroll_r,,,,-0.044,-0.91,0.515,,,
Mouse_1,j_f_hana_l,,,,-0.71,0.361,0.71,,,
Mouse_1,j_f_hana_r,,,,0.71,-0.361,0.71,,,
Mouse_1,j_f_shoho_l,-0.004,-0.005,0.004,2.746,-4.492,15.922,,,
Mouse_1,j_f_shoho_r,-0.004,-0.005,-0.004,-2.746,4.492,15.922,,,
Mouse_1,j_f_ulip_01_l,0.001,0.001,0.001,3.723,-4.495,-2.643,,,
Mouse_1,j_f_ulip_02_l,0.001,,,3.305,-4.594,-1.401,,,
Mouse_1,j_f_ulip_01_r,0.001,0.001,-0.001,-3.723,4.495,-2.643,,,
Mouse_1,j_f_ulip_02_r,0.001,,,-3.305,4.594,-1.401,,,
Mouse_1,j_f_umlip_01_l,,,,-1.071,-6.226,0.924,,,
Mouse_1,j_f_umlip_02_l,0.001,,,1.305,0.044,-0.395,,,
Mouse_1,j_f_umlip_01_r,,,,1.071,6.226,0.924,,,
Mouse_1,j_f_umlip_02_r,0.001,,,-1.306,-0.044,-0.395,,,
Mouse_1,j_f_uslip_l,-0.006,-0.005,0.003,11.086,-10.034,2.977,,,
Mouse_1,j_f_uslip_r,-0.006,-0.005,-0.003,-11.086,10.034,2.977,,,
Mouse_2,j_f_dlip_01_l,0.001,-0.001,,,,,,,
Mouse_2,j_f_dlip_01_r,0.001,-0.001,,,,,,,
Mouse_2,j_f_dslip_l,-0.003,,,,,,,,
Mouse_2,j_f_dslip_r,-0.003,,,,,,,,
Mouse_2,j_f_ulip_01_l,0.001,,,,,,,,
Mouse_2,j_f_ulip_01_r,0.001,,,,,,,,
Mouse_2,j_f_uslip_l,-0.003,,,,,,,,
Mouse_2,j_f_uslip_r,-0.003,,,,,,,,
Square,j_ago,0.001,-0.001,,,,-12.932,,,
Square,j_f_noanim_ago,,,,,,,,,
Square,j_f_ago,-0.001,0.003,,,,12.932,,,
Square,j_f_bero_01,,,,,,,,,
Square,j_f_bero_02,,,,,,,,,
Square,j_f_bero_03,,,,,,,,,
Square,j_f_dago,,,,,,,,,
Square,j_f_dlip_01_l,-0.001,,,1.817,-2.381,0.913,,,
Square,j_f_dlip_02_l,0.001,,,0.023,-0.752,-3.484,,,
Square,j_f_dlip_01_r,-0.001,,,-1.817,2.381,0.913,,,
Square,j_f_dlip_02_r,0.001,,,-0.023,0.752,-3.484,,,
Square,j_f_dmlip_01_l,-0.001,,,-1.074,4.348,0.292,,,
Square,j_f_dmlip_02_l,-0.001,0.001,,1.381,-0.259,1.818,,,
Square,j_f_dmlip_01_r,-0.001,,,1.074,-4.348,0.292,,,
Square,j_f_dmlip_02_r,-0.001,0.001,,-1.381,0.259,1.818,,,
Square,j_f_hagukidn,,,,,,,,,
Square,j_f_dhoho_l,-0.001,,0.002,-5.69,-6.259,-3.367,,,
Square,j_f_dhoho_r,-0.001,,-0.002,5.69,6.259,-3.367,,,
Square,j_f_dmemoto_l,,,,0.924,1.374,1.43,,,
Square,j_f_dmemoto_r,,,,-0.924,-1.374,1.43,,,
Square,j_f_dslip_l,-0.006,-0.003,0.002,12.945,7.647,-10.651,,,
Square,j_f_dslip_r,-0.006,-0.003,-0.002,-12.945,-7.647,-10.651,,,
Square,j_f_eyeprm_01_l,0.002,-0.003,0.001,,,,,,
Square,j_f_eyeprm_02_l,,,,,,,,,
Square,j_f_irisprm_l,,,,,,,,,
Square,j_f_noanim_eyesize_l,,,,,,,,,
Square,j_f_eyeprm_01_r,0.002,-0.003,-0.001,,,,,,
Square,j_f_eyeprm_02_r,,,,,,,,,
Square,j_f_irisprm_r,,,,,,,,,
Square,j_f_noanim_eyesize_r,,,,,,,,,
Square,j_f_eyeprmroll_l,,,,0.418,-3.481,-0.726,,,
Square,j_f_eyeprmroll_r,,,,-0.418,3.481,-0.726,,,
Square,j_f_hagukiup,,,,,,,,,
Square,j_f_hana_l,,,,-1.409,1.323,1.369,,,
Square,j_f_hana_r,,,,1.409,-1.323,1.369,,,
Square,j_f_shoho_l,-0.002,-0.003,0.004,-0.734,-2.729,10.247,,,
Square,j_f_shoho_r,-0.002,-0.003,-0.004,0.734,2.729,10.247,,,
Square,j_f_ulip_01_l,0.002,0.001,,2.649,0.685,-6.521,,,
Square,j_f_ulip_02_l,0.001,-0.001,,2.995,-6.278,-3.972,,,
Square,j_f_ulip_01_r,0.002,0.001,,-2.649,-0.685,-6.521,,,
Square,j_f_ulip_02_r,0.001,-0.001,,-2.995,6.278,-3.972,,,
Square,j_f_umlip_01_l,0.004,0.001,0.001,-1.145,2.172,0.881,,,
Square,j_f_umlip_02_l,-0.001,,,1.109,0.011,-5.267,,,
Square,j_f_umlip_01_r,0.004,0.001,-0.001,1.145,-2.172,0.881,,,
Square,j_f_umlip_02_r,-0.001,,,-1.109,-0.011,-5.267,,,
Square,j_f_uslip_l,-0.006,-0.004,0.002,8.534,-9.406,-8.285,,,
Square,j_f_uslip_r,-0.006,-0.004,-0.002,-8.534,9.406,-8.285,,,
Wa,j_ago,0.001,-0.001,,,,-9.154,,,
Wa,j_f_noanim_ago,,,,,,,,,
Wa,j_f_ago,-0.001,0.002,,,,9.154,,,
Wa,j_f_bero_01,,,,,,,,,
Wa,j_f_bero_02,,,,,,,,,
Wa,j_f_bero_03,,,,,,,,,
Wa,j_f_dago,,,,,,,,,
Wa,j_f_dlip_01_l,-0.002,,0.001,2.425,-0.016,-2.93,,,
Wa,j_f_dlip_02_l,0.001,,,-0.013,1.307,-4.593,,,
Wa,j_f_dlip_01_r,-0.002,,-0.001,-2.425,0.016,-2.93,,,
Wa,j_f_dlip_02_r,0.001,,,0.013,-1.307,-4.593,,,
Wa,j_f_dmlip_01_l,-0.002,0.001,0.002,-0.814,2.164,0.167,,,
Wa,j_f_dmlip_02_l,-0.001,,,,-1.227,,,,
Wa,j_f_dmlip_01_r,-0.002,0.001,-0.002,0.814,-2.164,0.167,,,
Wa,j_f_dmlip_02_r,-0.001,,,,1.227,,,,
Wa,j_f_hagukidn,,,,,,,,,
Wa,j_f_dmemoto_l,,0.001,,0.039,1.78,1.743,,,
Wa,j_f_dmemoto_r,,0.001,,-0.039,-1.78,1.743,,,
Wa,j_f_dslip_l,0.001,,0.006,12.898,18.09,-6.972,,,
Wa,j_f_dslip_r,0.001,,-0.006,-12.898,-18.09,-6.972,,,
Wa,j_f_eyeprm_01_l,0.002,0.005,0.001,,,,,,
Wa,j_f_eyeprm_02_l,0.001,,0.001,,,,,,
Wa,j_f_irisprm_l,,,,,,,,,
Wa,j_f_noanim_eyesize_l,,,,,,,,,
Wa,j_f_eyeprm_01_r,0.002,0.005,-0.001,,,,,,
Wa,j_f_eyeprm_02_r,0.001,,-0.001,,,,,,
Wa,j_f_irisprm_r,,,,,,,,,
Wa,j_f_noanim_eyesize_r,,,,,,,,,
Wa,j_f_eyeprmroll_l,,,,-0.564,1.623,-8.964,,,
Wa,j_f_eyeprmroll_r,,,,0.564,-1.623,-8.964,,,
Wa,j_f_hagukiup,,,,,,,,,
Wa,j_f_hana_l,0.001,,,-0.606,2.659,1.174,,,
Wa,j_f_hana_r,0.001,,,0.606,-2.659,1.174,,,
Wa,j_f_ulip_01_l,0.002,0.001,,3.058,1.53,-2.454,,,
Wa,j_f_ulip_02_l,0.001,-0.001,0.001,3.642,-6.939,-5.063,,,
Wa,j_f_ulip_01_r,0.002,0.001,,-3.058,-1.53,-2.454,,,
Wa,j_f_ulip_02_r,0.001,-0.001,-0.001,-3.642,6.939,-5.063,,,
Wa,j_f_umlip_01_l,0.004,0.002,0.002,-1.248,10.139,0.636,,,
Wa,j_f_umlip_02_l,,,,0.593,0.035,-6.812,,,
Wa,j_f_umlip_01_r,0.004,0.002,-0.002,1.248,-10.139,0.636,,,
Wa,j_f_umlip_02_r,,,,-0.593,-0.035,-6.812,,,
Wa,j_f_uslip_l,0.001,-0.001,0.005,12.546,14.628,-3.569,,,
Wa,j_f_uslip_r,0.001,-0.001,-0.005,-12.546,-14.628,-3.569,,,
Omega,j_f_dlip_01_l,0.002,-0.001,,,,,,,
Omega,j_f_dlip_01_r,0.002,-0.001,,,,,,,
Omega,j_f_dslip_l,0.002,,,,,,,,
Omega,j_f_dslip_r,0.002,,,,,,,,
Omega,j_f_ulip_01_l,-0.001,,,,,,,,
Omega,j_f_ulip_01_r,-0.001,,,,,,,,
Omega,j_f_uslip_l,0.002,,,,,,,,
Omega,j_f_uslip_r,0.002,,,,,,,,
Niyari,j_ago,,,,,,,,,
Niyari,j_f_noanim_ago,,,,,,,,,
Niyari,j_f_bero_01,,,,,,,,,
Niyari,j_f_bero_02,,,,,,,,,
Niyari,j_f_bero_03,,,,,,,,,
Niyari,j_f_dago,0.001,,,,,,,,
Niyari,j_f_dlip_01_l,0.001,,,0.035,-0.018,-1.385,,,
Niyari,j_f_dlip_02_l,,,,,,-0.119,,,
Niyari,j_f_dlip_01_r,0.001,,,-0.035,0.018,-1.385,,,
Niyari,j_f_dlip_02_r,,,,,,-0.119,,,
Niyari,j_f_dmlip_01_l,0.001,0.001,0.001,-0.621,2.265,-0.91,,,
Niyari,j_f_dmlip_02_l,,,,,,,,,
Niyari,j_f_dmlip_01_r,0.001,0.001,-0.001,0.621,-2.265,-0.91,,,
Niyari,j_f_dmlip_02_r,,,,,,,,,
Niyari,j_f_hagukidn,,,,,,,,,
Niyari,j_f_dhoho_l,0.001,,,0.138,-0.066,-0.51,,,
Niyari,j_f_dhoho_r,0.001,,,-0.138,0.066,-0.51,,,
Niyari,j_f_dmemoto_l,,,,0.002,0.317,0.753,,,
Niyari,j_f_dmemoto_r,,,,-0.002,-0.317,0.753,,,
Niyari,j_f_dslip_l,0.004,0.001,0.001,0.529,15.956,-1.642,,,
Niyari,j_f_dslip_r,0.004,0.001,-0.001,-1.944,-15.96,-1.244,,,
Niyari,j_f_eyeprm_01_l,-0.001,0.024,-0.004,,,,,,
Niyari,j_f_eyeprm_02_l,0.001,,0.001,,,,,,
Niyari,j_f_irisprm_l,,,,,,,,,
Niyari,j_f_noanim_eyesize_l,,,,,,,,,
Niyari,j_f_eyeprm_01_r,-0.001,0.024,0.004,,,,,,
Niyari,j_f_eyeprm_02_r,0.001,,-0.001,,,,,,
Niyari,j_f_irisprm_r,,,,,,,,,
Niyari,j_f_noanim_eyesize_r,,,,,,,,,
Niyari,j_f_eyeprmroll_l,,,,-0.969,-2.201,-18.272,,,
Niyari,j_f_eyeprmroll_r,,,,0.969,2.201,-18.272,,,
Niyari,j_f_hagukiup,,,,,,,,,
Niyari,j_f_hana_l,,,,-0.155,0.594,0.593,,,
Niyari,j_f_hana_r,,,,0.155,-0.594,0.593,,,
Niyari,j_f_hoho_l,,,,0.004,0.895,-1.357,,,
Niyari,j_f_hoho_r,,,,-0.004,-0.896,-1.358,,,
Niyari,j_f_shoho_l,0.002,,,-1.889,-1.051,1.112,,,
Niyari,j_f_shoho_r,0.002,,,1.889,1.051,1.112,,,
Niyari,j_f_ulip_01_l,0.001,,,0.044,0.077,0.592,,,
Niyari,j_f_ulip_02_l,,,,0.245,-0.988,-0.833,,,
Niyari,j_f_ulip_01_r,0.001,,,-0.044,-0.077,0.592,,,
Niyari,j_f_ulip_02_r,,,,-0.245,0.988,-0.833,,,
Niyari,j_f_umlip_01_l,0.002,,,-0.189,6.837,-0.254,,,
Niyari,j_f_umlip_02_l,,,,-0.003,0.356,-0.909,,,
Niyari,j_f_umlip_01_r,0.002,,,0.189,-6.837,-0.254,,,
Niyari,j_f_umlip_02_r,,,,0.003,-0.356,-0.909,,,
Niyari,j_f_uslip_l,0.003,0.002,,2.586,21.22,-1.248,,,
Niyari,j_f_uslip_r,0.003,0.002,,-4.019,-21.248,-0.695,,,
Niyari2,j_f_dago,0.001,,,,,,,,
Niyari2,j_f_dlip_01_l,0.001,,,0.035,-0.018,-1.385,,,
Niyari2,j_f_dlip_02_l,,,,,,-0.119,,,
Niyari2,j_f_dlip_01_r,,,-0.001,-1.887,-3.265,0.054,,,
Niyari2,j_f_dmlip_01_l,0.002,0.001,0.001,-0.621,2.265,-0.91,,,
Niyari2,j_f_dmlip_02_l,,,,,,,,,
Niyari2,j_f_dmlip_01_r,0.001,,-0.001,-1.551,-2.983,-1.669,,,
Niyari2,j_f_dhoho_l,0.001,,,0.138,-0.066,-0.51,,,
Niyari2,j_f_dmemoto_l,,,,0.002,0.317,0.753,,,
Niyari2,j_f_dslip_l,0.005,0.001,0.001,0.529,15.956,-1.642,,,
Niyari2,j_f_dslip_r,0.001,,,0.062,-2.665,-2.668,,,
Niyari2,j_f_eyeprm_01_l,,0.02,-0.001,,,,,,
Niyari2,j_f_eyeprm_02_l,0.001,,0.001,,,,,,
Niyari2,j_f_eyeprm_01_r,-0.001,0.024,0.004,,,,,,
Niyari2,j_f_eyeprm_02_r,0.001,,-0.001,,,,,,
Niyari2,j_f_irisprm_r,,,,,,,,,
Niyari2,j_f_noanim_eyesize_r,,,,,,,,,
Niyari2,j_f_eyeprmroll_l,,,,-0.969,-2.201,-18.272,,,
Niyari2,j_f_hana_l,,,,-0.155,0.594,0.593,,,
Niyari2,j_f_hoho_l,,,,0.004,0.895,-1.357,,,
Niyari2,j_f_shoho_l,0.002,,,-1.889,-1.051,1.112,,,
Niyari2,j_f_ulip_01_l,0.001,,,0.044,0.077,0.592,,,
Niyari2,j_f_ulip_02_l,,,,0.245,-0.988,-0.833,,,
Niyari2,j_f_ulip_01_r,,,0.001,-0.656,-3.713,0.021,,,
Niyari2,j_f_umlip_01_l,0.002,,,-0.189,6.837,-0.254,,,
Niyari2,j_f_umlip_02_l,,,,-0.003,0.356,-0.909,,,
Niyari2,j_f_umlip_01_r,0.001,,,-0.504,-3.224,-1.875,,,
Niyari2,j_f_uslip_l,0.004,0.002,,2.586,21.22,-1.248,,,
Niyari2,j_f_uslip_r,0.001,,,0.062,-2.665,-2.668,,,
Smile,j_ago,,,,,,,,,
Smile,j_f_noanim_ago,,,,,,,,,
Smile,j_f_bero_01,,,,,,,,,
Smile,j_f_bero_02,,,,,,,,,
Smile,j_f_bero_03,,,,,,,,,
Smile,j_f_dago,0.001,,,,,,,,
Smile,j_f_dlip_01_l,0.001,,,0.035,-0.018,-1.385,,,
Smile,j_f_dlip_02_l,,,,,,-0.119,,,
Smile,j_f_dlip_01_r,0.001,,,-0.035,0.018,-1.385,,,
Smile,j_f_dlip_02_r,,,,,,-0.119,,,
Smile,j_f_dmlip_01_l,0.002,0.001,0.001,-0.621,2.265,-0.91,,,
Smile,j_f_dmlip_02_l,,,,,,,,,
Smile,j_f_dmlip_01_r,0.002,0.001,-0.001,0.621,-2.265,-0.91,,,
Smile,j_f_dmlip_02_r,,,,,,,,,
Smile,j_f_hagukidn,,,,,,,,,
Smile,j_f_dhoho_l,0.001,,,0.138,-0.066,-0.51,,,
Smile,j_f_dhoho_r,0.001,,,-0.138,0.066,-0.51,,,
Smile,j_f_dmemoto_l,,,,0.002,0.317,0.753,,,
Smile,j_f_dmemoto_r,,,,-0.002,-0.317,0.753,,,
Smile,j_f_dslip_l,0.005,0.001,0.001,0.529,15.956,-1.642,,,
Smile,j_f_dslip_r,0.005,0.001,-0.001,-1.944,-15.96,-1.244,,,
Smile,j_f_eyeprm_01_l,-0.001,0.024,-0.004,,,,,,
Smile,j_f_eyeprm_02_l,0.001,,0.001,,,,,,
Smile,j_f_irisprm_l,,,,,,,,,
Smile,j_f_noanim_eyesize_l,,,,,,,,,
Smile,j_f_eyeprm_01_r,-0.001,0.024,0.004,,,,,,
Smile,j_f_eyeprm_02_r,0.001,,-0.001,,,,,,
Smile,j_f_irisprm_r,,,,,,,,,
Smile,j_f_noanim_eyesize_r,,,,,,,,,
Smile,j_f_eyeprmroll_l,,,,-0.969,-2.201,-18.272,,,
Smile,j_f_eyeprmroll_r,,,,0.969,2.201,-18.272,,,
Smile,j_f_hagukiup,,,,,,,,,
Smile,j_f_hana_l,,,,-0.155,0.594,0.593,,,
Smile,j_f_hana_r,,,,0.155,-0.594,0.593,,,
Smile,j_f_hoho_l,,,,0.004,0.895,-1.357,,,
Smile,j_f_hoho_r,,,,-0.004,-0.896,-1.358,,,
Smile,j_f_shoho_l,0.002,,,-1.889,-1.051,1.113,,,
Smile,j_f_shoho_r,0.002,,,1.889,1.051,1.113,,,
Smile,j_f_ulip_01_l,0.001,,,0.044,0.077,0.592,,,
Smile,j_f_ulip_02_l,,,,0.245,-0.988,-0.833,,,
Smile,j_f_ulip_01_r,0.001,,,-0.044,-0.077,0.592,,,
Smile,j_f_ulip_02_r,,,,-0.245,0.988,-0.833,,,
Smile,j_f_umlip_01_l,0.002,,,-0.189,6.837,-0.254,,,
Smile,j_f_umlip_02_l,,,,-0.003,0.356,-0.909,,,
Smile,j_f_umlip_01_r,0.002,,,0.189,-6.837,-0.254,,,
Smile,j_f_umlip_02_r,,,,0.003,-0.356,-0.909,,,
Smile,j_f_uslip_l,0.004,0.002,,2.586,21.22,-1.248,,,
Smile,j_f_uslip_r,0.004,0.002,,-4.019,-21.248,-0.695,,,
