bone_morph,bone_name,locationX,locationY,locationZ,rotateX,rotateY,rotateZ,scaleX,scaleY,scaleZ
UP,j_f_dmiken_l,0.005,0.001,,-2.211,-0.848,-0.855,,,
UP,j_f_dmiken_r,0.005,0.001,,2.211,0.848,-0.855,,,
UP,j_f_mayu_l,0.003,0.001,,,-5.349,-6.793,,,
UP,j_f_mayu_r,0.003,0.001,,,5.349,-6.793,,,
UP,j_f_miken_01_l,0.006,,0.002,5.42,9.446,-1.739,,,
UP,j_f_miken_02_l,0.009,,,0.903,-2.908,-2.795,,,
UP,j_f_miken_01_r,0.006,,-0.002,-5.42,-9.446,-1.739,,,
UP,j_f_miken_02_r,0.009,,,-0.903,2.908,-2.795,,,
UP,j_f_mmayu_l,0.006,,0.001,1.718,-0.26,-6.002,,,
UP,j_f_mmayu_r,0.006,,-0.001,-1.718,0.26,-6.002,,,
Down,j_f_mayu_l,-0.001,,,0.138,5.254,3.007,,,
Down,j_f_mayu_r,-0.001,,,-0.138,-5.254,3.006,,,
Down,j_f_miken_01_l,-0.003,,,,,6.051,,,
Down,j_f_miken_01_r,-0.003,,,,,6.051,,,
Down,j_f_mmayu_l,-0.003,,,0.122,2.553,5.488,,,
Down,j_f_mmayu_r,-0.003,,,-0.122,-2.553,5.488,,,
Trouble,j_f_dmiken_l,0.003,0.002,-0.001,-1.551,-3.145,1.666,,,
Trouble,j_f_dmiken_r,0.003,0.002,0.001,1.551,3.145,1.666,,,
Trouble,j_f_mayu_l,-0.002,,,-0.02,-2.325,4.875,,,
Trouble,j_f_mayu_r,-0.002,,,0.02,2.325,4.875,,,
Trouble,j_f_miken_01_l,,,,,-0.119,,,,
Trouble,j_f_miken_02_l,0.014,,-0.001,1.598,-27.049,-4.946,,,
Trouble,j_f_miken_01_r,,,,,0.119,,,,
Trouble,j_f_miken_02_r,0.014,,0.001,-1.598,27.049,-4.946,,,
Trouble,j_f_mmayu_l,-0.002,,,0.472,-1.005,4.911,,,
Trouble,j_f_mmayu_r,-0.002,,,-0.472,1.005,4.911,,,
Serious,j_f_dmiken_l,-0.003,,,2.717,1.21,5.812,,,
Serious,j_f_dmiken_r,-0.003,,,-2.717,-1.21,5.812,,,
Serious,j_f_mayu_l,-0.002,,,-0.037,-0.909,4.632,,,
Serious,j_f_mayu_r,-0.002,,,0.037,0.909,4.632,,,
Serious,j_f_miken_01_l,-0.002,,-0.001,-2.137,0.018,0.95,,,
Serious,j_f_miken_02_l,-0.001,,,-3.131,-18.345,4.478,,,
Serious,j_f_miken_01_r,-0.002,,0.001,2.137,-0.018,0.95,,,
Serious,j_f_miken_02_r,-0.001,,,3.131,18.345,4.478,,,
Serious,j_f_mmayu_l,-0.002,,,0.169,0.242,5.127,,,
Serious,j_f_mmayu_r,-0.002,,,-0.169,-0.242,5.127,,,
Smily,j_f_dmiken_l,0.002,0.001,,-0.639,-0.946,0.718,,,
Smily,j_f_dmiken_r,0.002,0.001,,0.639,0.946,0.718,,,
Smily,j_f_mayu_l,,,,0.016,-3.035,-0.592,,,
Smily,j_f_mayu_r,,,,-0.016,3.035,-0.592,,,
Smily,j_f_miken_01_l,0.002,,,0.168,4.123,-3.044,,,
Smily,j_f_miken_02_l,0.004,,,0.449,-4.35,-1.404,,,
Smily,j_f_miken_01_r,0.002,,,-0.168,-4.123,-3.044,,,
Smily,j_f_miken_02_r,0.004,,,-0.449,4.35,-1.404,,,
Smily,j_f_mmayu_l,0.002,,,0.949,-0.111,0.138,,,
Smily,j_f_mmayu_r,0.002,,,-0.949,0.111,0.138,,,
Wink,j_f_eye_l,,,,,,,,,
Wink,j_f_eyepuru_l,,,,,,,,,
Wink,j_f_mab_l,,,,0.012,0.89,-11.682,,,
Wink,j_f_mabdn_01_l,,,,1.025,3.537,-6.467,,,
Wink,j_f_mabdn_02out_l,,,,-4.89,-6.947,-19.368,,,
Wink,j_f_mabdn_03in_l,,,,-2.231,12.222,-10.725,,,
Wink,j_f_mabup_01_l,,,,-0.002,2.97,36.864,,,
Wink,j_f_mabup_02out_l,,,,-3.08,-14.954,-21.169,,,
Wink,j_f_mabup_03in_l,,,,-0.018,15.495,-12.491,,,
Wink-a,j_f_eye_r,,,,,,,,,
Wink-a,j_f_eyepuru_r,,,,,,,,,
Wink-a,j_f_mab_r,,,,-0.012,-0.89,-11.682,,,
Wink-a,j_f_mabdn_01_r,,,,-1.025,-3.537,-6.467,,,
Wink-a,j_f_mabdn_02out_r,,,,4.89,6.947,-19.368,,,
Wink-a,j_f_mabdn_03in_r,,,,2.231,-12.222,-10.725,,,
Wink-a,j_f_mabup_01_r,,,,0.002,-2.97,36.864,,,
Wink-a,j_f_mabup_02out_r,,,,3.08,14.954,-21.169,,,
Wink-a,j_f_mabup_03in_r,,,,0.018,-15.495,-12.491,,,
Wink-b,j_f_eye_l,,,,,,,,,
Wink-b,j_f_eyepuru_l,,,,,,,,,
Wink-b,j_f_mab_l,,,,0.012,0.89,-11.682,,,
Wink-b,j_f_mabdn_01_l,,,,1.025,3.537,-6.467,,,
Wink-b,j_f_mabdn_02out_l,,,,-4.89,-6.947,-19.368,,,
Wink-b,j_f_mabdn_03in_l,,,,-2.231,12.222,-10.725,,,
Wink-b,j_f_mabup_01_l,,,,-0.002,2.97,36.864,,,
Wink-b,j_f_mabup_02out_l,,,,-3.08,-14.954,-21.169,,,
Wink-b,j_f_mabup_03in_l,,,,-0.018,15.495,-12.491,,,
Wink-c,j_f_eye_r,,,,,,,,,
Wink-c,j_f_eyepuru_r,,,,,,,,,
Wink-c,j_f_mab_r,,,,-0.012,-0.89,-11.682,,,
Wink-c,j_f_mabdn_01_r,,,,-1.025,-3.537,-6.467,,,
Wink-c,j_f_mabdn_02out_r,,,,4.89,6.947,-19.368,,,
Wink-c,j_f_mabdn_03in_r,,,,2.231,-12.222,-10.725,,,
Wink-c,j_f_mabup_01_r,,,,0.002,-2.97,36.864,,,
Wink-c,j_f_mabup_02out_r,,,,3.08,14.954,-21.169,,,
Wink-c,j_f_mabup_03in_r,,,,0.018,-15.495,-12.491,,,
Blink,j_f_eye_l,,,,,,,,,
Blink,j_f_eyepuru_l,,,,,,,,,
Blink,j_f_eye_r,,,,,,,,,
Blink,j_f_eyepuru_r,,,,,,,,,
Blink,j_f_mab_l,,,,,,,,,
Blink,j_f_mabdn_01_l,,,,0.989,1.569,-7.792,,,
Blink,j_f_mabdn_02out_l,,,,,,,,,
Blink,j_f_mabdn_03in_l,,,,,,,,,
Blink,j_f_mabup_01_l,,,,0.027,2.97,44.083,,,
Blink,j_f_mabup_02out_l,,,,,,,,,
Blink,j_f_mabup_03in_l,,,,,,,,,
Blink,j_f_mab_r,,,,,,,,,
Blink,j_f_mabdn_01_r,,,,-0.989,-1.569,-7.792,,,
Blink,j_f_mabdn_02out_r,,,,,,,,,
Blink,j_f_mabdn_03in_r,,,,,,,,,
Blink,j_f_mabup_01_r,,,,-0.027,-2.97,44.083,,,
Blink,j_f_mabup_02out_r,,,,,,,,,
Blink,j_f_mabup_03in_r,,,,,,,,,
EyeSmile,j_f_eye_l,,,,,,,,,
EyeSmile,j_f_eyepuru_l,,,,,,,,,
EyeSmile,j_f_eye_r,,,,,,,,,
EyeSmile,j_f_eyepuru_r,,,,,,,,,
EyeSmile,j_f_mab_l,,,,0.012,0.89,-11.682,,,
EyeSmile,j_f_mabdn_01_l,,,,1.025,3.537,-6.467,,,
EyeSmile,j_f_mabdn_02out_l,,,,-4.89,-6.947,-19.368,,,
EyeSmile,j_f_mabdn_03in_l,,,,-2.231,12.222,-10.725,,,
EyeSmile,j_f_mabup_01_l,,,,-0.002,2.97,36.864,,,
EyeSmile,j_f_mabup_02out_l,,,,-3.08,-14.954,-21.169,,,
EyeSmile,j_f_mabup_03in_l,,,,-0.018,15.495,-12.491,,,
EyeSmile,j_f_mab_r,,,,-0.012,-0.89,-11.682,,,
EyeSmile,j_f_mabdn_01_r,,,,-1.025,-3.537,-6.467,,,
EyeSmile,j_f_mabdn_02out_r,,,,4.89,6.947,-19.368,,,
EyeSmile,j_f_mabdn_03in_r,,,,2.231,-12.222,-10.725,,,
EyeSmile,j_f_mabup_01_r,,,,0.002,-2.97,36.864,,,
EyeSmile,j_f_mabup_02out_r,,,,3.08,14.954,-21.169,,,
EyeSmile,j_f_mabup_03in_r,,,,0.018,-15.495,-12.491,,,
Ha!!!,j_f_eye_l,,,,,,,,,
Ha!!!,j_f_eyepuru_l,,,,,,,,,
Ha!!!,j_f_eye_r,,,,,,,,,
Ha!!!,j_f_eyepuru_r,,,,,,,,,
Ha!!!,j_f_mab_l,,,,-0.188,-0.003,0.942,,,
Ha!!!,j_f_mabdn_01_l,,,,-0.012,-0.676,3.167,,,
Ha!!!,j_f_mabdn_02out_l,,,,,,,,,
Ha!!!,j_f_mabdn_03in_l,,,,-0.008,0.95,-0.95,,,
Ha!!!,j_f_mabup_01_l,,,,-0.161,-0.025,-6.019,,,
Ha!!!,j_f_mabup_02out_l,,,,,,,,,
Ha!!!,j_f_mabup_03in_l,,,,-0.032,1.9,-1.901,,,
Ha!!!,j_f_mab_r,,,,0.188,0.003,0.942,,,
Ha!!!,j_f_mabdn_01_r,,,,0.012,0.676,3.167,,,
Ha!!!,j_f_mabdn_02out_r,,,,,,,,,
Ha!!!,j_f_mabdn_03in_r,,,,0.008,-0.95,-0.95,,,
Ha!!!,j_f_mabup_01_r,,,,0.161,0.025,-6.019,,,
Ha!!!,j_f_mabup_02out_r,,,,,,,,,
Ha!!!,j_f_mabup_03in_r,,,,0.032,-1.9,-1.901,,,
Jito-eye,j_f_mabup_01_l,,,,0.075,3.269,14.963,,,
Jito-eye,j_f_mabup_01_r,,,,-0.075,-3.269,14.963,,,
Wail,j_f_eye_l,,,,,,,,,
Wail,j_f_eyepuru_l,,,,,,,,,
Wail,j_f_eye_r,,,,,,,,,
Wail,j_f_eyepuru_r,,,,,,,,,
Wail,j_f_mab_l,,,,-1.961,-1.577,-5.512,,,
Wail,j_f_mabdn_01_l,,,,0.331,2.65,-1.814,,,
Wail,j_f_mabdn_02out_l,,,,,,,,,
Wail,j_f_mabdn_03in_l,,0.001,,-0.021,1.543,-1.544,,,
Wail,j_f_mabup_01_l,,,,-0.019,0.201,6.416,,,
Wail,j_f_mabup_02out_l,,,,,,,,,
Wail,j_f_mabup_03in_l,,,,-0.006,3.128,-3.128,,,
Wail,j_f_mab_r,,,,1.961,1.577,-5.512,,,
Wail,j_f_mabdn_01_r,,,,-0.319,-2.613,-1.774,,,
Wail,j_f_mabdn_02out_r,,,,,,,,,
Wail,j_f_mabdn_03in_r,,0.001,,0.021,-1.543,-1.544,,,
Wail,j_f_mabup_01_r,,,,0.02,-0.201,6.217,,,
Wail,j_f_mabup_02out_r,,,,,,,,,
Wail,j_f_mabup_03in_r,,,,0.006,-3.128,-3.128,,,
Hostility,j_f_eye_l,,,,,,,,,
Hostility,j_f_eyepuru_l,,,,,,,,,
Hostility,j_f_eye_r,,,,,,,,,
Hostility,j_f_eyepuru_r,,,,,,,,,
Hostility,j_f_mab_l,,,,-0.012,-0.31,-1.838,,,
Hostility,j_f_mabdn_01_l,,,,0.064,0.9,-1.345,,,
Hostility,j_f_mabdn_02out_l,,,,,,,,,
Hostility,j_f_mabdn_03in_l,,,,,,,,,
Hostility,j_f_mabup_01_l,,,,0.001,0.125,4.474,,,
Hostility,j_f_mabup_02out_l,,,,,,,,,
Hostility,j_f_mabup_03in_l,,,,,,,,,
Hostility,j_f_mab_r,,,,0.012,0.31,-1.838,,,
Hostility,j_f_mabdn_01_r,,,,-0.064,-0.9,-1.345,,,
Hostility,j_f_mabdn_02out_r,,,,,,,,,
Hostility,j_f_mabdn_03in_r,,,,,,,,,
Hostility,j_f_mabup_01_r,,,,-0.001,-0.125,4.474,,,
Hostility,j_f_mabup_02out_r,,,,,,,,,
Hostility,j_f_mabup_03in_r,,,,,,,,,
a,j_ago,0.001,-0.002,,,,-8.677,,,
a,j_f_face,,,,,,,,,
a,j_f_ago,,0.001,,,,6.677,,,
a,j_f_bero_01,,,,,,,,,
a,j_f_bero_02,,,,,,,,,
a,j_f_bero_03,,,,,,,,,
a,j_f_dago,,,,,,,,,
a,j_f_dlip_01_l,-0.002,0.001,0.001,2.026,4.594,-1.107,,,
a,j_f_dlip_02_l,0.001,-0.001,,-2.101,-2.096,-2.021,,,
a,j_f_dlip_01_r,-0.002,0.001,-0.001,-2.026,-4.594,-1.107,,,
a,j_f_dlip_02_r,0.001,-0.001,,2.101,2.096,-2.021,,,
a,j_f_dmlip_01_l,-0.004,0.001,0.002,1.463,1.019,-2.195,,,
a,j_f_dmlip_02_l,,,,,,2.415,,,
a,j_f_dmlip_01_r,-0.004,0.001,-0.002,-1.463,-1.019,-2.195,,,
a,j_f_dmlip_02_r,,,,,,2.415,,,
a,j_f_hagukidn,,,,,,,,,
a,j_f_dmemoto_l,0.001,0.001,,0.101,2.017,2.576,,,
a,j_f_dmemoto_r,0.001,0.001,,-0.101,-2.017,2.576,,,
a,j_f_dslip_l,0.002,-0.005,0.006,17.75,12.313,1.496,,,
a,j_f_dslip_r,0.002,-0.005,-0.006,-17.75,-12.313,1.496,,,
a,j_f_eyeprm_01_l,0.001,0.004,-0.002,,,,,,
a,j_f_eyeprm_02_l,,,,,,,,,
a,j_f_irisprm_l,,,,,,,,,
a,j_f_noanim_eyesize_l,,,,,,,,,
a,j_f_eyeprm_01_r,0.001,0.004,0.002,,,,,,
a,j_f_eyeprm_02_r,,,,,,,,,
a,j_f_irisprm_r,,,,,,,,,
a,j_f_noanim_eyesize_r,,,,,,,,,
a,j_f_eyeprmroll_l,,,,-0.433,1.345,-13.057,,,
a,j_f_eyeprmroll_r,,,,0.433,-1.345,-13.057,,,
a,j_f_hagukiup,,,,,,,,,
a,j_f_hana_l,0.001,,,-0.493,2.577,0.979,,,
a,j_f_hana_r,0.001,,,0.493,-2.577,0.979,,,
a,j_f_ulip_01_l,,0.001,0.001,2.811,0.861,4.219,,,
a,j_f_ulip_02_l,0.001,-0.001,0.001,3.393,-5.454,-4.603,,,
a,j_f_ulip_01_r,,0.001,-0.001,-2.811,-0.861,4.219,,,
a,j_f_ulip_02_r,0.001,-0.001,-0.001,-3.393,5.454,-4.603,,,
a,j_f_umlip_01_l,0.003,0.002,0.002,2.154,3.418,3.747,,,
a,j_f_umlip_02_l,,,,-0.011,2.414,-2.415,,,
a,j_f_umlip_01_r,0.003,0.002,-0.002,-2.154,-3.418,3.747,,,
a,j_f_umlip_02_r,,,,0.011,-2.414,-2.415,,,
a,j_f_uslip_l,0.001,-0.004,0.006,17.372,2.376,-1.847,,,
a,j_f_uslip_r,0.001,-0.004,-0.006,-17.372,-2.376,-1.847,,,
a 2,j_ago,0.001,-0.002,,,,-8.677,,,
a 2,j_f_face,,,,,,,,,
a 2,j_f_ago,,0.001,,,,8.677,,,
a 2,j_f_bero_01,,,,,,,,,
a 2,j_f_bero_02,,,,,,,,,
a 2,j_f_bero_03,,,,,,,,,
a 2,j_f_dago,,,,,,,,,
a 2,j_f_dlip_01_l,-0.002,0.001,0.001,2.026,4.594,-1.107,,,
a 2,j_f_dlip_02_l,0.001,-0.001,,-2.101,-2.096,-2.021,,,
a 2,j_f_dlip_01_r,-0.002,0.001,-0.001,-2.026,-4.594,-1.107,,,
a 2,j_f_dlip_02_r,0.001,-0.001,,2.101,2.096,-2.021,,,
a 2,j_f_dmlip_01_l,-0.004,0.001,0.002,1.463,1.019,-2.195,,,
a 2,j_f_dmlip_02_l,,,,,,2.415,,,
a 2,j_f_dmlip_01_r,-0.004,0.001,-0.002,-1.463,-1.019,-2.195,,,
a 2,j_f_dmlip_02_r,,,,,,2.415,,,
a 2,j_f_hagukidn,,,,,,,,,
a 2,j_f_dmemoto_l,0.001,0.001,,0.101,2.017,2.576,,,
a 2,j_f_dmemoto_r,0.001,0.001,,-0.101,-2.017,2.576,,,
a 2,j_f_dslip_l,0.002,-0.005,0.006,17.75,12.313,1.496,,,
a 2,j_f_dslip_r,0.002,-0.005,-0.006,-17.75,-12.313,1.496,,,
a 2,j_f_eyeprm_01_l,0.001,0.004,-0.002,,,,,,
a 2,j_f_eyeprm_02_l,,,,,,,,,
a 2,j_f_irisprm_l,,,,,,,,,
a 2,j_f_noanim_eyesize_l,,,,,,,,,
a 2,j_f_eyeprm_01_r,0.001,0.004,0.002,,,,,,
a 2,j_f_eyeprm_02_r,,,,,,,,,
a 2,j_f_irisprm_r,,,,,,,,,
a 2,j_f_noanim_eyesize_r,,,,,,,,,
a 2,j_f_eyeprmroll_l,,,,-0.433,1.345,-13.057,,,
a 2,j_f_eyeprmroll_r,,,,0.433,-1.345,-13.057,,,
a 2,j_f_hagukiup,,,,,,,,,
a 2,j_f_hana_l,0.001,,,-0.493,2.577,0.979,,,
a 2,j_f_hana_r,0.001,,,0.493,-2.577,0.979,,,
a 2,j_f_ulip_01_l,,0.001,0.001,2.811,0.861,4.219,,,
a 2,j_f_ulip_02_l,0.001,-0.001,0.001,3.393,-5.454,-4.603,,,
a 2,j_f_ulip_01_r,,0.001,-0.001,-2.811,-0.861,4.219,,,
a 2,j_f_ulip_02_r,0.001,-0.001,-0.001,-3.393,5.454,-4.603,,,
a 2,j_f_umlip_01_l,0.003,0.002,0.002,2.154,3.418,3.747,,,
a 2,j_f_umlip_02_l,,,,-0.011,2.415,-2.415,,,
a 2,j_f_umlip_01_r,0.003,0.002,-0.002,-2.154,-3.418,3.747,,,
a 2,j_f_umlip_02_r,,,,0.011,-2.415,-2.415,,,
a 2,j_f_uslip_l,0.001,-0.004,0.006,17.372,2.376,-1.847,,,
a 2,j_f_uslip_r,0.001,-0.004,-0.006,-17.372,-2.376,-1.847,,,
e,j_ago,0.001,-0.001,,,,-6.376,,,
e,j_f_face,,,,,,,,,
e,j_f_ago,,0.001,,,,6.376,,,
e,j_f_bero_01,,,,,,,,,
e,j_f_bero_02,,,,,,,,,
e,j_f_bero_03,,,,,,,,,
e,j_f_dago,,,,,,,,,
e,j_f_dlip_01_l,,0.001,,0.757,1.418,0.366,,,
e,j_f_dlip_02_l,,,,-0.787,-1.072,-0.507,,,
e,j_f_dlip_01_r,,0.001,,-0.757,-1.418,0.366,,,
e,j_f_dlip_02_r,,,,0.787,1.072,-0.507,,,
e,j_f_dmlip_01_l,-0.001,,,0.776,0.3,-0.272,,,
e,j_f_dmlip_02_l,,,,,,1.346,,,
e,j_f_dmlip_01_r,-0.001,,,-0.776,-0.3,-0.272,,,
e,j_f_dmlip_02_r,,,,,,1.345,,,
e,j_f_hagukidn,,,,,,,,,
e,j_f_dmemoto_l,,,,,,,,,
e,j_f_dmemoto_r,,,,,,,,,
e,j_f_dslip_l,-0.002,-0.002,0.002,8.045,6.701,-1.562,,,
e,j_f_dslip_r,-0.002,-0.002,-0.002,-8.073,-6.714,-1.758,,,
e,j_f_eyeprm_01_l,,,,,,,,,
e,j_f_eyeprm_02_l,,,,,,,,,
e,j_f_irisprm_l,,,,,,,,,
e,j_f_noanim_eyesize_l,,,,,,,,,
e,j_f_eyeprm_01_r,,,,,,,,,
e,j_f_eyeprm_02_r,,,,,,,,,
e,j_f_irisprm_r,,,,,,,,,
e,j_f_noanim_eyesize_r,,,,,,,,,
e,j_f_eyeprmroll_l,,,,,,,,,
e,j_f_eyeprmroll_r,,,,,,,,,
e,j_f_hagukiup,,,,,,,,,
e,j_f_hana_l,,,,-0.435,-0.353,0.435,,,
e,j_f_hana_r,,,,0.435,0.353,0.435,,,
e,j_f_ulip_01_l,0.001,,,1.227,-0.392,1.421,,,
e,j_f_ulip_02_l,,,,1.34,-2.157,-1.767,,,
e,j_f_ulip_01_r,0.001,,,-1.227,0.392,1.421,,,
e,j_f_ulip_02_r,,,,-1.34,2.157,-1.767,,,
e,j_f_umlip_01_l,0.002,,,1.028,-0.919,1.108,,,
e,j_f_umlip_02_l,,,,0.073,0.753,-0.989,,,
e,j_f_umlip_01_r,0.002,,,-1.028,0.919,1.108,,,
e,j_f_umlip_02_r,,,,-0.073,-0.753,-0.989,,,
e,j_f_uslip_l,-0.003,-0.002,0.003,8.056,-7.762,-1.675,,,
e,j_f_uslip_r,-0.003,-0.002,-0.003,-8.034,7.777,-1.927,,,
i,j_ago,,,,,,,,,
i,j_f_face,,,,,,,,,
i,j_f_ago,,,,,,,,,
i,j_f_bero_01,,,,,,,,,
i,j_f_bero_02,,,,,,,,,
i,j_f_bero_03,,,,,,,,,
i,j_f_dago,0.001,,,,,,,,
i,j_f_dlip_01_l,-0.003,0.001,0.001,1.721,3.646,-0.143,,,
i,j_f_dlip_02_l,,-0.001,,-1.444,-1.792,-3.898,,,
i,j_f_dlip_01_r,-0.003,0.001,-0.001,-1.721,-3.646,-0.143,,,
i,j_f_dlip_02_r,,-0.001,,1.444,1.792,-3.898,,,
i,j_f_dmlip_01_l,,0.001,0.001,2.33,1.119,-0.33,,,
i,j_f_dmlip_02_l,,,,,,-0.633,,,
i,j_f_dmlip_01_r,,0.001,-0.001,-2.33,-1.119,-0.33,,,
i,j_f_dmlip_02_r,,,,,,-0.633,,,
i,j_f_hagukidn,,,,,,,,,
i,j_f_dhoho_l,0.002,0.001,0.001,3.525,-1.772,-2.63,,,
i,j_f_dhoho_r,0.002,0.001,-0.001,-3.525,1.772,-2.63,,,
i,j_f_dmemoto_l,,0.001,,0.718,2.081,2.872,,,
i,j_f_dmemoto_r,,0.001,,-0.718,-2.081,2.872,,,
i,j_f_dslip_l,0.002,-0.003,0.006,14.846,18.735,4.592,,,
i,j_f_dslip_r,0.002,-0.003,-0.006,-14.846,-18.735,4.592,,,
i,j_f_eyeprm_01_l,0.001,0.003,,,,,,,
i,j_f_eyeprm_02_l,,,,,,,,,
i,j_f_irisprm_l,,,,,,,,,
i,j_f_noanim_eyesize_l,,,,,,,,,
i,j_f_eyeprm_01_r,0.001,0.003,,,,,,,
i,j_f_eyeprm_02_r,,,,,,,,,
i,j_f_irisprm_r,,,,,,,,,
i,j_f_noanim_eyesize_r,,,,,,,,,
i,j_f_eyeprmroll_l,,,,-0.024,0.316,-8.518,,,
i,j_f_eyeprmroll_r,,,,0.024,-0.316,-8.518,,,
i,j_f_hagukiup,,,,,,,,,
i,j_f_hana_l,0.001,,,-1.654,2.41,2.341,,,
i,j_f_hana_r,0.001,,,1.654,-2.41,2.341,,,
i,j_f_shoho_l,0.003,,0.003,0.19,0.937,3.205,,,
i,j_f_shoho_r,0.003,,-0.003,-0.19,-0.937,3.205,,,
i,j_f_ulip_01_l,,0.001,0.001,1.724,1.34,1.485,,,
i,j_f_ulip_02_l,0.002,-0.001,,3.017,-6.419,-1.478,,,
i,j_f_ulip_01_r,,0.001,-0.001,-1.724,-1.34,1.485,,,
i,j_f_ulip_02_r,0.002,-0.001,,-3.017,6.419,-1.478,,,
i,j_f_umlip_01_l,0.005,0.001,0.001,1.241,-0.394,3.205,,,
i,j_f_umlip_02_l,,,,-0.024,1.662,-1.663,,,
i,j_f_umlip_01_r,0.005,0.001,-0.001,-1.241,0.394,3.205,,,
i,j_f_umlip_02_r,,,,0.024,-1.662,-1.663,,,
i,j_f_uslip_l,0.003,-0.001,0.005,14.04,21.982,0.274,,,
i,j_f_uslip_r,0.003,-0.001,-0.005,-14.04,-21.982,0.274,,,
o,j_ago,0.002,-0.001,,,,-14.846,,,
o,j_f_face,,,,,,,,,
o,j_f_ago,-0.001,0.005,,,,11.666,,,
o,j_f_bero_01,,,,,,,,,
o,j_f_bero_02,,,,,,,,,
o,j_f_bero_03,,,,,,,,,
o,j_f_dago,,,,,,,,,
o,j_f_dlip_01_l,-0.001,0.002,,1.045,3.033,-0.804,,,
o,j_f_dlip_02_l,,,,-1.177,-1.434,-0.856,,,
o,j_f_dlip_01_r,-0.001,0.002,,-1.045,-3.033,-0.804,,,
o,j_f_dlip_02_r,,,,1.177,1.434,-0.856,,,
o,j_f_dmlip_01_l,-0.002,-0.001,0.001,0.81,-1.992,-1.968,,,
o,j_f_dmlip_02_l,,,,,,1.742,,,
o,j_f_dmlip_01_r,-0.002,-0.001,-0.001,-0.81,1.992,-1.968,,,
o,j_f_dmlip_02_r,,,,,,1.742,,,
o,j_f_hagukidn,,,,,,,,,
o,j_f_dmemoto_l,-0.001,-0.001,-0.001,-1.102,-0.758,-0.726,,,
o,j_f_dmemoto_r,-0.001,-0.001,0.001,1.102,0.758,-0.726,,,
o,j_f_dslip_l,-0.005,-0.004,-0.002,12.835,9.539,-2.207,,,
o,j_f_dslip_r,-0.005,-0.004,0.002,-12.819,-9.559,-2.406,,,
o,j_f_eyeprm_01_l,,-0.003,,,,,,,
o,j_f_eyeprm_02_l,,,,,,,,,
o,j_f_irisprm_l,,,,,,,,,
o,j_f_noanim_eyesize_l,,,,,,,,,
o,j_f_eyeprm_01_r,,-0.003,,,,,,,
o,j_f_eyeprm_02_r,,,,,,,,,
o,j_f_irisprm_r,,,,,,,,,
o,j_f_noanim_eyesize_r,,,,,,,,,
o,j_f_eyeprmroll_l,,,,-0.198,0.002,1.068,,,
o,j_f_eyeprmroll_r,,,,0.198,-0.002,1.068,,,
o,j_f_hagukiup,,,,,,,,,
o,j_f_hana_l,,,,-2.882,-1.525,2.335,,,
o,j_f_hana_r,,,,2.882,1.525,2.335,,,
o,j_f_ulip_01_l,,0.001,,3.003,-1.231,0.641,,,
o,j_f_ulip_02_l,0.001,,,2.753,-3.865,-4.056,,,
o,j_f_ulip_01_r,,0.001,,-3.003,1.231,0.641,,,
o,j_f_ulip_02_r,0.001,,,-2.753,3.865,-4.056,,,
o,j_f_umlip_01_l,0.002,0.001,-0.001,0.8,1.954,0.444,,,
o,j_f_umlip_02_l,,,,0.542,0.605,-2.332,,,
o,j_f_umlip_01_r,0.002,0.001,0.001,-0.8,-1.954,0.444,,,
o,j_f_umlip_02_r,,,,-0.542,-0.605,-2.332,,,
o,j_f_uslip_l,-0.006,-0.004,-0.002,12.866,-11.633,-4.12,,,
o,j_f_uslip_r,-0.006,-0.004,0.002,-12.888,11.642,-4.321,,,
u,j_ago,0.001,-0.001,,,,-7.05,,,
u,j_f_face,,,,,,,,,
u,j_f_ago,,0.001,,,,7.05,,,
u,j_f_bero_01,,,,,,,,,
u,j_f_bero_02,,,,,,,,,
u,j_f_bero_03,,,,,,,,,
u,j_f_dago,,,,,,,,,
u,j_f_dlip_01_l,,0.001,,0.007,-0.213,4.038,,,
u,j_f_dlip_02_l,,,,0.515,-0.513,-0.24,,,
u,j_f_dlip_01_r,,0.001,,-0.007,0.213,4.038,,,
u,j_f_dlip_02_r,,,,-0.515,0.513,-0.24,,,
u,j_f_dmlip_01_l,-0.001,,-0.001,-0.103,-0.934,2.982,,,
u,j_f_dmlip_02_l,,,,,,1.068,,,
u,j_f_dmlip_01_r,-0.001,,0.001,0.103,0.934,2.982,,,
u,j_f_dmlip_02_r,,,,,,1.068,,,
u,j_f_hagukidn,,,,,,,,,
u,j_f_dmemoto_l,,,,,,,,,
u,j_f_dmemoto_r,,,,,,,,,
u,j_f_dslip_l,-0.003,-0.002,-0.003,1.264,3.623,-1.368,,,
u,j_f_dslip_r,-0.003,-0.002,0.003,-1.246,-3.671,-1.899,,,
u,j_f_eyeprm_01_l,,,,,,,,,
u,j_f_eyeprm_02_l,,,,,,,,,
u,j_f_irisprm_l,,,,,,,,,
u,j_f_noanim_eyesize_l,,,,,,,,,
u,j_f_eyeprm_01_r,,,,,,,,,
u,j_f_eyeprm_02_r,,,,,,,,,
u,j_f_irisprm_r,,,,,,,,,
u,j_f_noanim_eyesize_r,,,,,,,,,
u,j_f_eyeprmroll_l,,,,,,,,,
u,j_f_eyeprmroll_r,,,,,,,,,
u,j_f_hagukiup,,,,,,,,,
u,j_f_hana_l,,,,-0.556,-0.472,0.556,,,
u,j_f_hana_r,,,,0.556,0.472,0.556,,,
u,j_f_ulip_01_l,0.001,0.001,,0.554,-0.961,-3.092,,,
u,j_f_ulip_02_l,,0.001,,1.69,-1.352,-2.316,,,
u,j_f_ulip_01_r,0.001,0.001,,-0.554,0.961,-3.092,,,
u,j_f_ulip_02_r,,0.001,,-1.69,1.352,-2.316,,,
u,j_f_umlip_01_l,0.001,,-0.002,-0.462,0.472,-2.81,,,
u,j_f_umlip_02_l,,,,0.64,-0.466,-1.585,,,
u,j_f_umlip_01_r,0.001,,0.002,0.462,-0.472,-2.81,,,
u,j_f_umlip_02_r,,,,-0.64,0.466,-1.585,,,
u,j_f_uslip_l,-0.004,-0.003,-0.003,1.193,-7.086,-0.059,,,
u,j_f_uslip_r,-0.004,-0.003,0.003,-1.185,7.144,-0.563,,,
n,j_f_dlip_01_l,0.001,,,,,,,,
n,j_f_dlip_01_r,0.001,,,,,,,,
n,j_f_dslip_l,-0.001,,,,,,,,
n,j_f_dslip_r,-0.001,,,,,,,,
n,j_f_ulip_01_l,-0.001,,,,,,,,
n,j_f_ulip_01_r,-0.001,,,,,,,,
n,j_f_uslip_l,-0.001,,,,,,,,
n,j_f_uslip_r,-0.001,,,,,,,,
Mouse_1,j_ago,0.002,-0.001,,,,-14.846,,,
Mouse_1,j_f_face,,,,,,,,,
Mouse_1,j_f_ago,-0.001,0.005,,,,12.846,,,
Mouse_1,j_f_bero_01,,,,,,,,,
Mouse_1,j_f_bero_02,,,,,,,,,
Mouse_1,j_f_bero_03,,,,,,,,,
Mouse_1,j_f_dago,,,,,,,,,
Mouse_1,j_f_dlip_01_l,0.001,0.001,,1.045,3.033,-0.804,,,
Mouse_1,j_f_dlip_02_l,,,,-1.177,-1.434,-0.856,,,
Mouse_1,j_f_dlip_01_r,0.001,0.001,,-1.045,-3.033,-0.804,,,
Mouse_1,j_f_dlip_02_r,,,,1.177,1.434,-0.856,,,
Mouse_1,j_f_dmlip_01_l,-0.003,,,0.81,-1.992,-1.968,,,
Mouse_1,j_f_dmlip_02_l,,,,,,1.742,,,
Mouse_1,j_f_dmlip_01_r,-0.003,,,-0.81,1.992,-1.968,,,
Mouse_1,j_f_dmlip_02_r,,,,,,1.742,,,
Mouse_1,j_f_hagukidn,,,,,,,,,
Mouse_1,j_f_dhoho_l,-0.001,-0.001,0.002,-6.382,-5.271,-2.634,,,
Mouse_1,j_f_dhoho_r,-0.001,-0.001,-0.002,6.382,5.271,-2.634,,,
Mouse_1,j_f_dmemoto_l,-0.001,-0.001,-0.001,-1.102,-0.758,-0.726,,,
Mouse_1,j_f_dmemoto_r,-0.001,-0.001,0.001,1.102,0.758,-0.726,,,
Mouse_1,j_f_dslip_l,-0.009,-0.006,0.003,12.835,9.539,-2.207,,,
Mouse_1,j_f_dslip_r,-0.009,-0.006,-0.003,-12.819,-9.559,-2.406,,,
Mouse_1,j_f_eyeprm_01_l,,-0.003,,,,,,,
Mouse_1,j_f_eyeprm_02_l,,,,,,,,,
Mouse_1,j_f_irisprm_l,,,,,,,,,
Mouse_1,j_f_noanim_eyesize_l,,,,,,,,,
Mouse_1,j_f_eyeprm_01_r,,-0.003,,,,,,,
Mouse_1,j_f_eyeprm_02_r,,,,,,,,,
Mouse_1,j_f_irisprm_r,,,,,,,,,
Mouse_1,j_f_noanim_eyesize_r,,,,,,,,,
Mouse_1,j_f_eyeprmroll_l,,,,-0.198,0.002,1.068,,,
Mouse_1,j_f_eyeprmroll_r,,,,0.198,-0.002,1.068,,,
Mouse_1,j_f_hagukiup,,,,,,,,,
Mouse_1,j_f_hana_l,,,,-2.882,-1.525,2.335,,,
Mouse_1,j_f_hana_r,,,,2.882,1.525,2.335,,,
Mouse_1,j_f_shoho_l,-0.003,-0.004,0.003,4.878,2.5,4.771,,,
Mouse_1,j_f_shoho_r,-0.003,-0.004,-0.003,-4.878,-2.5,4.771,,,
Mouse_1,j_f_ulip_01_l,,0.001,,3.004,-1.231,0.641,,,
Mouse_1,j_f_ulip_02_l,0.001,,,2.753,-3.865,-4.056,,,
Mouse_1,j_f_ulip_01_r,,0.001,,-3.004,1.231,0.641,,,
Mouse_1,j_f_ulip_02_r,0.001,,,-2.753,3.865,-4.056,,,
Mouse_1,j_f_umlip_01_l,0.001,0.001,-0.001,0.8,1.954,0.444,,,
Mouse_1,j_f_umlip_02_l,,,,0.542,0.605,-2.332,,,
Mouse_1,j_f_umlip_01_r,0.001,0.001,0.001,-0.8,-1.954,0.444,,,
Mouse_1,j_f_umlip_02_r,,,,-0.542,-0.605,-2.332,,,
Mouse_1,j_f_uslip_l,-0.01,-0.005,0.003,12.866,-11.633,-4.12,,,
Mouse_1,j_f_uslip_r,-0.01,-0.005,-0.003,-12.888,11.642,-4.321,,,
Mouse_2,j_f_dmlip_01_l,-0.001,,,,,,,,
Mouse_2,j_f_dmlip_01_r,-0.001,,,,,,,,
Mouse_2,j_f_dslip_l,-0.005,,,,,,,,
Mouse_2,j_f_dslip_r,-0.005,,,,,,,,
Mouse_2,j_f_umlip_01_l,-0.001,,,,,,,,
Mouse_2,j_f_umlip_01_r,-0.001,,,,,,,,
Mouse_2,j_f_uslip_l,-0.005,,,,,,,,
Mouse_2,j_f_uslip_r,-0.005,,,,,,,,
Square,j_ago,0.002,-0.001,,,,-14.846,,,
Square,j_f_face,,,,,,,,,
Square,j_f_ago,-0.001,0.005,,,,14.846,,,
Square,j_f_bero_01,,,,,,,,,
Square,j_f_bero_02,,,,,,,,,
Square,j_f_bero_03,,,,,,,,,
Square,j_f_dago,,,,,,,,,
Square,j_f_dlip_01_l,-0.001,0.001,,1.045,3.033,-0.804,,,
Square,j_f_dlip_02_l,,,,-1.177,-1.434,-0.856,,,
Square,j_f_dlip_01_r,-0.001,0.001,,-1.045,-3.033,-0.804,,,
Square,j_f_dlip_02_r,,,,1.177,1.434,-0.856,,,
Square,j_f_dmlip_01_l,-0.004,,,0.811,-1.992,-1.968,,,
Square,j_f_dmlip_02_l,,,,,,1.742,,,
Square,j_f_dmlip_01_r,-0.004,,,-0.811,1.992,-1.968,,,
Square,j_f_dmlip_02_r,,,,,,1.742,,,
Square,j_f_hagukidn,,,,,,,,,
Square,j_f_dhoho_l,-0.001,-0.001,0.002,-6.382,-5.271,-2.634,,,
Square,j_f_dhoho_r,-0.001,-0.001,-0.002,6.382,5.271,-2.634,,,
Square,j_f_dmemoto_l,-0.001,-0.001,-0.001,-1.104,-0.759,-0.727,,,
Square,j_f_dmemoto_r,-0.001,-0.001,0.001,1.104,0.759,-0.727,,,
Square,j_f_dslip_l,-0.007,-0.006,0.003,12.835,9.539,-2.207,,,
Square,j_f_dslip_r,-0.007,-0.006,-0.003,-12.819,-9.559,-2.406,,,
Square,j_f_eyeprm_01_l,,-0.003,,,,,,,
Square,j_f_eyeprm_02_l,,,,,,,,,
Square,j_f_irisprm_l,,,,,,,,,
Square,j_f_noanim_eyesize_l,,,,,,,,,
Square,j_f_eyeprm_01_r,,-0.003,,,,,,,
Square,j_f_eyeprm_02_r,,,,,,,,,
Square,j_f_irisprm_r,,,,,,,,,
Square,j_f_noanim_eyesize_r,,,,,,,,,
Square,j_f_eyeprmroll_l,,,,-0.198,0.002,1.068,,,
Square,j_f_eyeprmroll_r,,,,0.198,-0.002,1.068,,,
Square,j_f_hagukiup,,,,,,,,,
Square,j_f_hana_l,,,,-2.882,-1.525,2.335,,,
Square,j_f_hana_r,,,,2.882,1.525,2.335,,,
Square,j_f_shoho_l,-0.003,-0.004,0.003,4.878,2.5,4.771,,,
Square,j_f_shoho_r,-0.003,-0.004,-0.003,-4.878,-2.5,4.771,,,
Square,j_f_ulip_01_l,,0.001,,3.004,-1.231,0.641,,,
Square,j_f_ulip_02_l,0.001,,,2.753,-3.865,-4.056,,,
Square,j_f_ulip_01_r,,0.001,,-3.004,1.231,0.641,,,
Square,j_f_ulip_02_r,0.001,,,-2.753,3.865,-4.056,,,
Square,j_f_umlip_01_l,0.003,0.001,-0.001,0.8,1.954,0.444,,,
Square,j_f_umlip_02_l,,,,0.542,0.605,-2.333,,,
Square,j_f_umlip_01_r,0.003,0.001,0.001,-0.8,-1.954,0.444,,,
Square,j_f_umlip_02_r,,,,-0.542,-0.605,-2.333,,,
Square,j_f_uslip_l,-0.007,-0.005,0.003,12.866,-11.633,-4.12,,,
Square,j_f_uslip_r,-0.007,-0.005,-0.003,-12.888,11.642,-4.321,,,
Wa,j_ago,0.001,-0.002,,,,-8.677,,,
Wa,j_f_face,,,,,,,,,
Wa,j_f_ago,,0.001,,,,11.677,,,
Wa,j_f_bero_01,,,,,,,,,
Wa,j_f_bero_02,,,,,,,,,
Wa,j_f_bero_03,,,,,,,,,
Wa,j_f_dago,,,,,,,,,
Wa,j_f_dlip_01_l,-0.002,0.001,0.001,2.026,4.594,-1.107,,,
Wa,j_f_dlip_02_l,0.001,-0.001,,-2.101,-2.096,-2.021,,,
Wa,j_f_dlip_01_r,-0.002,0.001,-0.001,-2.026,-4.594,-1.107,,,
Wa,j_f_dlip_02_r,0.001,-0.001,,2.101,2.096,-2.021,,,
Wa,j_f_dmlip_01_l,-0.004,0.001,0.002,1.463,1.019,-2.195,,,
Wa,j_f_dmlip_02_l,,,,,,2.415,,,
Wa,j_f_dmlip_01_r,-0.004,0.001,-0.002,-1.463,-1.019,-2.195,,,
Wa,j_f_dmlip_02_r,,,,,,2.415,,,
Wa,j_f_hagukidn,,,,,,,,,
Wa,j_f_dhoho_l,,0.001,0.002,-1.141,-4.321,-3.381,,,
Wa,j_f_dhoho_r,,0.001,-0.002,1.141,4.321,-3.381,,,
Wa,j_f_dmemoto_l,0.001,0.001,,0.101,2.017,2.576,,,
Wa,j_f_dmemoto_r,0.001,0.001,,-0.101,-2.017,2.576,,,
Wa,j_f_dslip_l,0.002,-0.004,0.008,17.75,12.313,1.496,,,
Wa,j_f_dslip_r,0.002,-0.004,-0.008,-17.75,-12.313,1.496,,,
Wa,j_f_eyeprm_01_l,0.001,0.004,-0.002,,,,,,
Wa,j_f_eyeprm_02_l,,,,,,,,,
Wa,j_f_irisprm_l,,,,,,,,,
Wa,j_f_noanim_eyesize_l,,,,,,,,,
Wa,j_f_eyeprm_01_r,0.001,0.004,0.002,,,,,,
Wa,j_f_eyeprm_02_r,,,,,,,,,
Wa,j_f_irisprm_r,,,,,,,,,
Wa,j_f_noanim_eyesize_r,,,,,,,,,
Wa,j_f_eyeprmroll_l,,,,-0.433,1.345,-13.057,,,
Wa,j_f_eyeprmroll_r,,,,0.433,-1.345,-13.057,,,
Wa,j_f_hagukiup,,,,,,,,,
Wa,j_f_hana_l,0.001,,,-0.493,2.577,0.979,,,
Wa,j_f_hana_r,0.001,,,0.493,-2.577,0.979,,,
Wa,j_f_shoho_l,0.001,,0.004,1.686,1.711,5.697,,,
Wa,j_f_shoho_r,0.001,,-0.004,-1.686,-1.711,5.697,,,
Wa,j_f_ulip_01_l,,0.001,0.001,2.811,0.861,4.219,,,
Wa,j_f_ulip_02_l,0.001,-0.001,0.001,3.393,-5.454,-4.603,,,
Wa,j_f_ulip_01_r,,0.001,-0.001,-2.811,-0.861,4.219,,,
Wa,j_f_ulip_02_r,0.001,-0.001,-0.001,-3.393,5.454,-4.603,,,
Wa,j_f_umlip_01_l,0.003,0.002,0.002,2.154,3.418,3.747,,,
Wa,j_f_umlip_02_l,,,,-0.011,2.414,-2.415,,,
Wa,j_f_umlip_01_r,0.003,0.002,-0.002,-2.154,-3.418,3.747,,,
Wa,j_f_umlip_02_r,,,,0.011,-2.415,-2.415,,,
Wa,j_f_uslip_l,0.001,-0.002,0.008,17.372,2.376,-1.847,,,
Wa,j_f_uslip_r,0.001,-0.002,-0.008,-17.372,-2.376,-1.847,,,
Omega,j_f_dmlip_01_l,0.002,-0.001,,,,,,,
Omega,j_f_dmlip_01_r,0.002,-0.001,,,,,,,
Omega,j_f_dslip_l,0.002,,,,,,,,
Omega,j_f_dslip_r,0.002,,,,,,,,
Omega,j_f_ulip_01_l,-0.001,,,,,,,,
Omega,j_f_ulip_01_r,-0.001,,,,,,,,
Omega,j_f_uslip_l,0.002,,,,,,,,
Omega,j_f_uslip_r,0.002,,,,,,,,
Niyari,j_ago,,,,,,,,,
Niyari,j_f_face,,,,,,,,,
Niyari,j_f_ago,,,,,,,,,
Niyari,j_f_bero_01,,,,,,,,,
Niyari,j_f_bero_02,,,,,,,,,
Niyari,j_f_bero_03,,,,,,,,,
Niyari,j_f_dago,0.001,,,,,,,,
Niyari,j_f_dlip_01_l,0.002,,,1.014,2.054,-3.348,,,
Niyari,j_f_dlip_02_l,,,,-1.057,-1.077,-1.057,,,
Niyari,j_f_dlip_01_r,0.002,,,-1.014,-2.054,-3.348,,,
Niyari,j_f_dlip_02_r,,,,1.057,1.077,-1.057,,,
Niyari,j_f_dmlip_01_l,0.002,0.001,0.001,1.921,2.447,-2.559,,,
Niyari,j_f_dmlip_02_l,,,,,,1.068,,,
Niyari,j_f_dmlip_01_r,0.002,0.001,-0.001,-1.921,-2.447,-2.559,,,
Niyari,j_f_dmlip_02_r,,,,,,1.068,,,
Niyari,j_f_hagukidn,,,,,,,,,
Niyari,j_f_dhoho_l,0.001,0.001,0.001,2.048,-1.008,-1.726,,,
Niyari,j_f_dhoho_r,0.001,0.001,-0.001,-2.048,1.008,-1.726,,,
Niyari,j_f_dmemoto_l,,,,-1.016,1.404,2.064,,,
Niyari,j_f_dmemoto_r,,,,1.016,-1.404,2.064,,,
Niyari,j_f_dslip_l,0.004,-0.001,0.004,10.003,11.379,-1.154,,,
Niyari,j_f_dslip_r,0.004,-0.001,-0.004,-10.003,-11.379,-1.154,,,
Niyari,j_f_eyeprm_01_l,,0.02,,,,,,,
Niyari,j_f_eyeprm_02_l,0.001,,0.001,,,,,,
Niyari,j_f_irisprm_l,,,,,,,,,
Niyari,j_f_noanim_eyesize_l,,,,,,,,,
Niyari,j_f_eyeprm_01_r,,0.02,,,,,,,
Niyari,j_f_eyeprm_02_r,0.001,,-0.001,,,,,,
Niyari,j_f_irisprm_r,,,,,,,,,
Niyari,j_f_noanim_eyesize_r,,,,,,,,,
Niyari,j_f_eyeprmroll_l,,,,-0.033,0.992,-12.972,,,
Niyari,j_f_eyeprmroll_r,,,,0.033,-0.992,-12.972,,,
Niyari,j_f_hagukiup,,,,,,,,,
Niyari,j_f_hana_l,,,,0.007,1.187,0.633,,,
Niyari,j_f_hana_r,,,,-0.007,-1.187,0.633,,,
Niyari,j_f_hoho_l,0.001,,,,0.675,-2.343,,,
Niyari,j_f_hoho_r,0.001,,,,-0.675,-2.343,,,
Niyari,j_f_shoho_l,0.003,0.001,0.001,-1.981,-0.536,1.384,,,
Niyari,j_f_shoho_r,0.003,0.001,-0.001,1.981,0.536,1.384,,,
Niyari,j_f_ulip_01_l,,,,1.016,1.154,0.881,,,
Niyari,j_f_ulip_02_l,,,,1.284,-2.883,-0.666,,,
Niyari,j_f_ulip_01_r,,,,-1.016,-1.154,0.881,,,
Niyari,j_f_ulip_02_r,,,,-1.284,2.883,-0.666,,,
Niyari,j_f_umlip_01_l,0.002,,,1.593,-0.466,-0.437,,,
Niyari,j_f_umlip_02_l,,,,-0.009,1.029,-1.029,,,
Niyari,j_f_umlip_01_r,0.002,,,-1.593,0.466,-0.437,,,
Niyari,j_f_umlip_02_r,,,,0.009,-1.029,-1.029,,,
Niyari,j_f_uslip_l,0.003,0.001,0.003,11.124,15.761,2.285,,,
Niyari,j_f_uslip_r,0.003,0.001,-0.003,-11.124,-15.761,2.285,,,
Niyari2,j_f_dago,0.001,,,,,,,,
Niyari2,j_f_dlip_01_l,0.002,,,1.014,2.054,-3.348,,,
Niyari2,j_f_dlip_02_l,,,,-1.058,-1.078,-1.058,,,
Niyari2,j_f_dlip_01_r,,0.001,,,,-2.534,,,
Niyari2,j_f_dmlip_01_l,0.002,0.001,0.001,1.921,2.447,-2.559,,,
Niyari2,j_f_dmlip_02_l,,,,,,1.068,,,
Niyari2,j_f_dmlip_01_r,0.001,,,-0.133,1.279,-2.185,,,
Niyari2,j_f_dhoho_l,0.001,0.001,0.001,2.048,-1.008,-1.726,,,
Niyari2,j_f_dmemoto_l,,,,-1.016,1.404,2.064,,,
Niyari2,j_f_dslip_l,0.005,-0.001,0.004,10.003,11.379,-1.154,,,
Niyari2,j_f_dslip_r,0.001,,,-0.027,1.537,-2.015,,,
Niyari2,j_f_eyeprm_01_l,,0.02,-0.001,,,,,,
Niyari2,j_f_eyeprm_02_l,0.001,,0.001,,,,,,
Niyari2,j_f_eyeprm_01_r,,0.02,0.001,,,,,,
Niyari2,j_f_eyeprm_02_r,0.001,,-0.001,,,,,,
Niyari2,j_f_eyeprmroll_l,,,,-0.033,0.992,-12.972,,,
Niyari2,j_f_hana_l,,,,0.007,1.187,0.633,,,
Niyari2,j_f_hoho_l,0.001,,,,0.675,-2.343,,,
Niyari2,j_f_shoho_l,0.003,0.001,0.001,-1.981,-0.536,1.384,,,
Niyari2,j_f_ulip_01_l,,,,1.016,1.154,0.881,,,
Niyari2,j_f_ulip_02_l,,,,1.284,-2.883,-0.666,,,
Niyari2,j_f_ulip_01_r,,-0.001,,,,-2.534,,,
Niyari2,j_f_umlip_01_l,0.002,,,1.593,-0.466,-0.437,,,
Niyari2,j_f_umlip_02_l,,,,-0.009,1.029,-1.029,,,
Niyari2,j_f_umlip_01_r,0.001,,,0.076,1.392,-2.116,,,
Niyari2,j_f_uslip_l,0.004,0.001,0.003,11.124,15.761,2.285,,,
Niyari2,j_f_uslip_r,0.001,,,-0.028,1.817,-1.768,,,
Smile,j_ago,,,,,,,,,
Smile,j_f_face,,,,,,,,,
Smile,j_f_ago,,,,,,,,,
Smile,j_f_bero_01,,,,,,,,,
Smile,j_f_bero_02,,,,,,,,,
Smile,j_f_bero_03,,,,,,,,,
Smile,j_f_dago,0.001,,,,,,,,
Smile,j_f_dlip_01_l,0.002,,,1.014,2.054,-3.348,,,
Smile,j_f_dlip_02_l,,,,-1.058,-1.078,-1.058,,,
Smile,j_f_dlip_01_r,0.002,,,-1.014,-2.054,-3.348,,,
Smile,j_f_dlip_02_r,,,,1.058,1.078,-1.058,,,
Smile,j_f_dmlip_01_l,0.002,0.001,0.001,1.921,2.447,-2.559,,,
Smile,j_f_dmlip_02_l,,,,,,1.068,,,
Smile,j_f_dmlip_01_r,0.002,0.001,-0.001,-1.921,-2.447,-2.559,,,
Smile,j_f_dmlip_02_r,,,,,,1.068,,,
Smile,j_f_hagukidn,,,,,,,,,
Smile,j_f_dhoho_l,0.001,0.001,0.001,2.048,-1.008,-1.726,,,
Smile,j_f_dhoho_r,0.001,0.001,-0.001,-2.048,1.008,-1.726,,,
Smile,j_f_dmemoto_l,,,,-1.016,1.404,2.064,,,
Smile,j_f_dmemoto_r,,,,1.016,-1.404,2.064,,,
Smile,j_f_dslip_l,0.005,-0.001,0.004,10.003,11.379,-1.154,,,
Smile,j_f_dslip_r,0.005,-0.001,-0.004,-10.003,-11.379,-1.154,,,
Smile,j_f_eyeprm_01_l,,0.02,,,,,,,
Smile,j_f_eyeprm_02_l,0.001,,0.001,,,,,,
Smile,j_f_irisprm_l,,,,,,,,,
Smile,j_f_noanim_eyesize_l,,,,,,,,,
Smile,j_f_eyeprm_01_r,,0.02,,,,,,,
Smile,j_f_eyeprm_02_r,0.001,,-0.001,,,,,,
Smile,j_f_irisprm_r,,,,,,,,,
Smile,j_f_noanim_eyesize_r,,,,,,,,,
Smile,j_f_eyeprmroll_l,,,,-0.033,0.992,-12.972,,,
Smile,j_f_eyeprmroll_r,,,,0.033,-0.992,-12.972,,,
Smile,j_f_hagukiup,,,,,,,,,
Smile,j_f_hana_l,,,,0.007,1.187,0.633,,,
Smile,j_f_hana_r,,,,-0.007,-1.187,0.633,,,
Smile,j_f_hoho_l,0.001,,,,0.675,-2.344,,,
Smile,j_f_hoho_r,0.001,,,,-0.675,-2.344,,,
Smile,j_f_shoho_l,0.003,0.001,0.001,-1.981,-0.536,1.384,,,
Smile,j_f_shoho_r,0.003,0.001,-0.001,1.981,0.536,1.384,,,
Smile,j_f_ulip_01_l,,,,1.016,1.154,0.881,,,
Smile,j_f_ulip_02_l,,,,1.284,-2.883,-0.666,,,
Smile,j_f_ulip_01_r,,,,-1.016,-1.154,0.881,,,
Smile,j_f_ulip_02_r,,,,-1.284,2.883,-0.666,,,
Smile,j_f_umlip_01_l,0.002,,,1.593,-0.466,-0.437,,,
Smile,j_f_umlip_02_l,,,,-0.009,1.029,-1.029,,,
Smile,j_f_umlip_01_r,0.002,,,-1.593,0.466,-0.437,,,
Smile,j_f_umlip_02_r,,,,0.009,-1.029,-1.029,,,
Smile,j_f_uslip_l,0.004,0.001,0.003,11.124,15.761,2.285,,,
Smile,j_f_uslip_r,0.004,0.001,-0.003,-11.124,-15.761,2.285,,,
