bone_morph,bone_name,locationX,locationY,locationZ,rotateX,rotateY,rotateZ,scaleX,scaleY,scaleZ
UP,j_f_dmiken_l,-0.001,,,1.319,2.792,5.34,,,
UP,j_f_dmiken_r,-0.001,,,-1.319,-2.792,5.34,,,
UP,j_f_mayu_l,0.005,0.001,-0.001,-2.476,4.504,-5.482,,,
UP,j_f_mayu_r,0.005,0.001,0.001,2.491,-4.533,-6.783,,,
UP,j_f_miken_01_l,0.007,-0.001,,1.33,-4.307,2.565,,,
UP,j_f_miken_02_l,0.001,-0.001,-0.002,-9.641,-13.556,7.753,,,
UP,j_f_miken_01_r,0.007,-0.001,,-1.33,4.307,2.565,,,
UP,j_f_miken_02_r,0.001,-0.001,0.002,9.641,13.556,7.753,,,
UP,j_f_mmayu_l,0.004,,,-1.798,5.317,-4.565,,,
UP,j_f_mmayu_r,0.004,,,1.772,-5.299,-5.699,,,
Down,j_f_mayu_l,-0.001,,,0.061,2.888,2.426,,,
Down,j_f_mayu_r,-0.001,,,-0.061,-2.888,2.426,,,
Down,j_f_miken_01_l,-0.002,,,,,3.771,,,
Down,j_f_miken_01_r,-0.002,,,,,3.771,,,
Down,j_f_mmayu_l,-0.002,,,0.048,1.593,3.419,,,
Down,j_f_mmayu_r,-0.002,,,-0.048,-1.593,3.419,,,
Trouble,j_f_dmiken_l,,,,0.362,0.551,1.15,,,
Trouble,j_f_dmiken_r,,,,-0.362,-0.551,1.15,,,
Trouble,j_f_mayu_l,-0.001,,-0.001,0.221,2.239,3.181,,,
Trouble,j_f_mayu_r,-0.001,,0.001,-0.221,-2.239,3.181,,,
Trouble,j_f_miken_01_l,0.007,-0.001,-0.002,-0.453,-17.893,-1.451,,,
Trouble,j_f_miken_02_l,0.007,-0.002,-0.001,0.01,-17.886,-1.084,,,
Trouble,j_f_miken_01_r,0.007,-0.001,0.002,0.453,17.893,-1.451,,,
Trouble,j_f_miken_02_r,0.007,-0.002,0.001,-0.01,17.886,-1.084,,,
Trouble,j_f_mmayu_l,-0.001,0.001,-0.001,-0.247,1.651,4.825,,,
Trouble,j_f_mmayu_r,-0.001,0.001,0.001,0.247,-1.651,4.825,,,
Serious,j_f_dmiken_l,-0.002,,,1.423,-0.102,1.82,,,
Serious,j_f_dmiken_r,-0.002,,,-1.423,0.102,1.82,,,
Serious,j_f_mayu_l,-0.002,,,-0.006,-0.198,3.193,,,
Serious,j_f_mayu_r,-0.002,,,0.006,0.198,3.193,,,
Serious,j_f_miken_01_l,-0.003,,-0.001,-2.107,-0.474,2.226,,,
Serious,j_f_miken_02_l,,,,-0.397,-0.593,0.2,,,
Serious,j_f_miken_01_r,-0.003,,0.001,2.107,0.474,2.226,,,
Serious,j_f_miken_02_r,,,,0.397,0.593,0.2,,,
Serious,j_f_mmayu_l,-0.002,,,0.018,0.534,3.77,,,
Serious,j_f_mmayu_r,-0.002,,,-0.018,-0.534,3.769,,,
Smily,j_f_dmiken_l,0.001,,,-0.238,-0.118,0.317,,,
Smily,j_f_dmiken_r,0.001,,,0.238,0.118,0.317,,,
Smily,j_f_mayu_l,0.001,,,0.006,-0.425,-1.649,,,
Smily,j_f_mayu_r,0.001,,,-0.006,0.425,-1.649,,,
Smily,j_f_miken_01_l,0.002,,,-0.612,-1.238,-1.973,,,
Smily,j_f_miken_02_l,0.001,,,0.001,-1.781,-0.079,,,
Smily,j_f_miken_01_r,0.002,,,0.612,1.238,-1.973,,,
Smily,j_f_miken_02_r,0.001,,,-0.001,1.781,-0.079,,,
Smily,j_f_mmayu_l,0.001,,,-0.003,0.249,-1.339,,,
Smily,j_f_mmayu_r,0.001,,,0.003,-0.249,-1.339,,,
Wink,j_f_eye_l,,,,,,,,,
Wink,j_f_eyepuru_l,,,,,,,,,
Wink,j_f_mab_l,,,,0.036,-0.018,-13.469,,,
Wink,j_f_mabdn_01_l,,,,1.477,1.576,-5.921,,,
Wink,j_f_mabdn_02out_l,,,,,-11.976,,,,
Wink,j_f_mabdn_03in_l,,,,-0.008,6.812,-0.794,,,
Wink,j_f_mabup_01_l,,,,-0.015,-4.992,23.988,,,
Wink,j_f_mabup_02out_l,,,,,-11.976,,,,
Wink,j_f_mabup_03in_l,,,,-0.029,7.646,-1.629,,,
Wink-a,j_f_eye_r,,,,,,,,,
Wink-a,j_f_eyepuru_r,,,,,,,,,
Wink-a,j_f_mab_r,,,,-0.036,0.018,-13.469,,,
Wink-a,j_f_mabdn_01_r,,,,-1.477,-1.576,-5.921,,,
Wink-a,j_f_mabdn_02out_r,,,,,11.976,,,,
Wink-a,j_f_mabdn_03in_r,,,,0.008,-6.812,-0.794,,,
Wink-a,j_f_mabup_01_r,,,,0.015,4.992,23.988,,,
Wink-a,j_f_mabup_02out_r,,,,,11.976,,,,
Wink-a,j_f_mabup_03in_r,,,,0.029,-7.646,-1.629,,,
Wink-b,j_f_eye_l,,,,,,,,,
Wink-b,j_f_eyepuru_l,,,,,,,,,
Wink-b,j_f_mab_l,,,,0.036,-0.018,-13.469,,,
Wink-b,j_f_mabdn_01_l,,,,1.477,1.576,-5.921,,,
Wink-b,j_f_mabdn_02out_l,,,,,-11.976,,,,
Wink-b,j_f_mabdn_03in_l,,,,-0.008,6.812,-0.794,,,
Wink-b,j_f_mabup_01_l,,,,-0.015,-4.992,23.988,,,
Wink-b,j_f_mabup_02out_l,,,,,-11.976,,,,
Wink-b,j_f_mabup_03in_l,,,,-0.029,7.646,-1.629,,,
Wink-c,j_f_eye_r,,,,,,,,,
Wink-c,j_f_eyepuru_r,,,,,,,,,
Wink-c,j_f_mab_r,,,,-0.036,0.018,-13.469,,,
Wink-c,j_f_mabdn_01_r,,,,-1.477,-1.576,-5.921,,,
Wink-c,j_f_mabdn_02out_r,,,,,11.976,,,,
Wink-c,j_f_mabdn_03in_r,,,,0.008,-6.812,-0.794,,,
Wink-c,j_f_mabup_01_r,,,,0.015,4.992,23.988,,,
Wink-c,j_f_mabup_02out_r,,,,,11.976,,,,
Wink-c,j_f_mabup_03in_r,,,,0.029,-7.646,-1.629,,,
Blink,j_f_eye_l,,,,,,,,,
Blink,j_f_eyepuru_l,,,,,,,,,
Blink,j_f_eye_r,,,,,,,,,
Blink,j_f_eyepuru_r,,,,,,,,,
Blink,j_f_mab_l,,,,,,,,,
Blink,j_f_mabdn_01_l,,,,1.533,7.529,-5.773,,,
Blink,j_f_mabdn_02out_l,,,,,,,,,
Blink,j_f_mabdn_03in_l,,,,,,,,,
Blink,j_f_mabup_01_l,,,,-0.015,-4.992,23.988,,,
Blink,j_f_mabup_02out_l,,,,,,,,,
Blink,j_f_mabup_03in_l,,,,,,,,,
Blink,j_f_mab_r,,,,,,,,,
Blink,j_f_mabdn_01_r,,,,-1.533,-7.529,-5.773,,,
Blink,j_f_mabdn_02out_r,,,,,,,,,
Blink,j_f_mabdn_03in_r,,,,,,,,,
Blink,j_f_mabup_01_r,,,,0.015,4.992,23.988,,,
Blink,j_f_mabup_02out_r,,,,,,,,,
Blink,j_f_mabup_03in_r,,,,,,,,,
EyeSmile,j_f_eye_l,,,,,,,,,
EyeSmile,j_f_eyepuru_l,,,,,,,,,
EyeSmile,j_f_eye_r,,,,,,,,,
EyeSmile,j_f_eyepuru_r,,,,,,,,,
EyeSmile,j_f_mab_l,,,,0.036,-0.018,-13.469,,,
EyeSmile,j_f_mabdn_01_l,,,,1.477,1.576,-5.921,,,
EyeSmile,j_f_mabdn_02out_l,,,,,-11.976,,,,
EyeSmile,j_f_mabdn_03in_l,,,,-0.008,6.813,-0.794,,,
EyeSmile,j_f_mabup_01_l,,,,-0.015,-4.992,23.988,,,
EyeSmile,j_f_mabup_02out_l,,,,,-11.976,,,,
EyeSmile,j_f_mabup_03in_l,,,,-0.029,7.646,-1.629,,,
EyeSmile,j_f_mab_r,,,,-0.036,0.018,-13.469,,,
EyeSmile,j_f_mabdn_01_r,,,,-1.477,-1.576,-5.921,,,
EyeSmile,j_f_mabdn_02out_r,,,,,11.976,,,,
EyeSmile,j_f_mabdn_03in_r,,,,0.008,-6.813,-0.794,,,
EyeSmile,j_f_mabup_01_r,,,,0.015,4.992,23.988,,,
EyeSmile,j_f_mabup_02out_r,,,,,11.976,,,,
EyeSmile,j_f_mabup_03in_r,,,,0.029,-7.646,-1.629,,,
Ha!!!,j_f_eye_l,,,,,,,,,
Ha!!!,j_f_eyepuru_l,,,,,,,,,
Ha!!!,j_f_eye_r,,,,,,,,,
Ha!!!,j_f_eyepuru_r,,,,,,,,,
Ha!!!,j_f_mab_l,,,,-0.238,4.032,0.098,,,
Ha!!!,j_f_mabdn_01_l,,,,-1.375,-3.798,2.026,,,
Ha!!!,j_f_mabdn_02out_l,,,,,,,,,
Ha!!!,j_f_mabdn_03in_l,,,,,2.85,,,,
Ha!!!,j_f_mabup_01_l,,,,0.72,0.056,-7.764,,,
Ha!!!,j_f_mabup_02out_l,,,,,,,,,
Ha!!!,j_f_mabup_03in_l,,,-0.001,-0.008,1.904,-7.607,,,
Ha!!!,j_f_mab_r,,,,0.238,-4.032,0.098,,,
Ha!!!,j_f_mabdn_01_r,,,,1.375,3.798,2.026,,,
Ha!!!,j_f_mabdn_02out_r,,,,,,,,,
Ha!!!,j_f_mabdn_03in_r,,,,,-2.85,,,,
Ha!!!,j_f_mabup_01_r,,,,-0.72,-0.056,-7.764,,,
Ha!!!,j_f_mabup_02out_r,,,,,,,,,
Ha!!!,j_f_mabup_03in_r,,,0.001,0.008,-1.904,-7.607,,,
Jito-eye,j_f_mabup_01_l,,,,-0.497,1.88,9.025,,,
Jito-eye,j_f_mabup_01_r,,,,0.497,-1.88,9.025,,,
Wail,j_f_eye_l,,,,,,,,,
Wail,j_f_eyepuru_l,,,,,,,,,
Wail,j_f_eye_r,,,,,,,,,
Wail,j_f_eyepuru_r,,,,,,,,,
Wail,j_f_mab_l,,,,-1.881,-3.65,-9.906,,,
Wail,j_f_mabdn_01_l,,,,1.603,1.374,-2,,,
Wail,j_f_mabdn_02out_l,,,,,,,,,
Wail,j_f_mabdn_03in_l,,,,,2.969,,,,
Wail,j_f_mabup_01_l,,,,0.019,-0.953,8.161,,,
Wail,j_f_mabup_02out_l,,,,,,,,,
Wail,j_f_mabup_03in_l,,,-0.001,-0.019,1.983,-7.964,,,
Wail,j_f_mab_r,,,,1.881,3.65,-9.906,,,
Wail,j_f_mabdn_01_r,,,,-1.603,-1.374,-2,,,
Wail,j_f_mabdn_02out_r,,,,,,,,,
Wail,j_f_mabdn_03in_r,,,,,-2.969,,,,
Wail,j_f_mabup_01_r,,,,-0.019,0.953,8.161,,,
Wail,j_f_mabup_02out_r,,,,,,,,,
Wail,j_f_mabup_03in_r,,,0.001,0.019,-1.983,-7.964,,,
Hostility,j_f_eye_l,,,,,,,,,
Hostility,j_f_eyepuru_l,,,,,,,,,
Hostility,j_f_eye_r,,,,,,,,,
Hostility,j_f_eyepuru_r,,,,,,,,,
Hostility,j_f_mab_l,,,,-0.591,1.687,-2.131,,,
Hostility,j_f_mabdn_01_l,,,,-0.711,-2.352,-0.817,,,
Hostility,j_f_mabdn_02out_l,,,,,,,,,
Hostility,j_f_mabdn_03in_l,,,,,,,,,
Hostility,j_f_mabup_01_l,,,,0.028,-0.196,3.523,,,
Hostility,j_f_mabup_02out_l,,,,,,,,,
Hostility,j_f_mabup_03in_l,,,,,,,,,
Hostility,j_f_mab_r,,,,0.591,-1.687,-2.131,,,
Hostility,j_f_mabdn_01_r,,,,0.711,2.352,-0.817,,,
Hostility,j_f_mabdn_02out_r,,,,,,,,,
Hostility,j_f_mabdn_03in_r,,,,,,,,,
Hostility,j_f_mabup_01_r,,,,-0.028,0.196,3.523,,,
Hostility,j_f_mabup_02out_r,,,,,,,,,
Hostility,j_f_mabup_03in_r,,,,,,,,,
a,j_ago,-0.001,,,,,-10.385,,,
a,j_f_face,,,,,,,,,
a,j_f_ago,,0.002,,,,8.385,,,
a,j_f_bero_01,,,,,,,,,
a,j_f_bero_02,,,,,,,,,
a,j_f_bero_03,,,,,,,,,
a,j_f_dago,,,,,,,,,
a,j_f_dlip_01_l,-0.003,,0.001,1.843,1.841,-6.626,,,
a,j_f_dlip_02_l,,,,-0.433,0.477,0.473,,,
a,j_f_dlip_01_r,-0.003,,-0.001,-1.843,-1.841,-6.626,,,
a,j_f_dlip_02_r,,,,0.433,-0.477,0.473,,,
a,j_f_dmlip_01_l,-0.004,,0.002,-2.569,-0.309,-2.762,,,
a,j_f_dmlip_02_l,,,,0.017,3.167,2.06,,,
a,j_f_dmlip_01_r,-0.004,,-0.002,2.569,0.309,-2.762,,,
a,j_f_dmlip_02_r,,,,-0.017,-3.167,2.06,,,
a,j_f_hagukidn,,,,,,,,,
a,j_f_dmemoto_l,0.001,0.001,0.001,-0.981,2.237,2.334,,,
a,j_f_dmemoto_r,0.001,0.001,-0.001,0.981,-2.237,2.334,,,
a,j_f_dslip_l,0.001,-0.003,0.002,8.631,11.391,0.706,,,
a,j_f_dslip_r,0.001,-0.003,-0.002,-8.631,-11.391,0.706,,,
a,j_f_eyeprm_01_l,,0.005,,,,,,,
a,j_f_eyeprm_02_l,,,,,,,,,
a,j_f_eyeprm_01_r,,0.005,,,,,,,
a,j_f_eyeprm_02_r,,,,,,,,,
a,j_f_irisprm_r,,,,,,,,,
a,j_f_noanim_eyesize_r,,,,,,,,,
a,j_f_eyeprmroll_l,,,,-0.528,1.218,-12.182,,,
a,j_f_eyeprmroll_r,,,,0.528,-1.218,-12.182,,,
a,j_f_hagukiup,,,,,,,,,
a,j_f_hana_l,,,,0.011,2.058,0.594,,,
a,j_f_hana_r,,,,-0.011,-2.058,0.594,,,
a,j_f_ulip_01_l,0.001,,,1.095,1.091,4.564,,,
a,j_f_ulip_02_l,0.001,,,1.83,-3.439,-2.907,,,
a,j_f_ulip_01_r,0.001,,,-1.095,-1.091,4.564,,,
a,j_f_ulip_02_r,0.001,,,-1.83,3.439,-2.907,,,
a,j_f_umlip_01_l,0.002,0.001,0.001,0.036,2.567,0.957,,,
a,j_f_umlip_02_l,,,,-0.021,1.266,-1.9,,,
a,j_f_umlip_01_r,0.002,0.001,-0.001,-0.036,-2.567,0.957,,,
a,j_f_umlip_02_r,,,,0.021,-1.267,-1.901,,,
a,j_f_uslip_l,,-0.003,0.002,7.94,2.261,0.754,,,
a,j_f_uslip_r,,-0.003,-0.002,-7.94,-2.261,0.754,,,
a 2,j_ago,-0.001,,,,,-10.385,,,
a 2,j_f_face,,,,,,,,,
a 2,j_f_ago,,0.002,,,,10.385,,,
a 2,j_f_bero_01,,,,,,,,,
a 2,j_f_bero_02,,,,,,,,,
a 2,j_f_bero_03,,,,,,,,,
a 2,j_f_dago,,,,,,,,,
a 2,j_f_dlip_01_l,-0.003,,0.001,1.843,1.841,-6.626,,,
a 2,j_f_dlip_02_l,,,,-0.433,0.477,0.473,,,
a 2,j_f_dlip_01_r,-0.003,,-0.001,-1.843,-1.841,-6.626,,,
a 2,j_f_dlip_02_r,,,,0.433,-0.477,0.473,,,
a 2,j_f_dmlip_01_l,-0.004,,0.002,-2.569,-0.309,-2.762,,,
a 2,j_f_dmlip_02_l,,,,0.017,3.167,2.06,,,
a 2,j_f_dmlip_01_r,-0.004,,-0.002,2.569,0.309,-2.762,,,
a 2,j_f_dmlip_02_r,,,,-0.017,-3.167,2.06,,,
a 2,j_f_hagukidn,,,,,,,,,
a 2,j_f_dmemoto_l,0.001,0.001,0.001,-0.981,2.237,2.334,,,
a 2,j_f_dmemoto_r,0.001,0.001,-0.001,0.981,-2.237,2.334,,,
a 2,j_f_dslip_l,0.001,-0.003,0.002,8.631,11.391,0.706,,,
a 2,j_f_dslip_r,0.001,-0.003,-0.002,-8.631,-11.391,0.706,,,
a 2,j_f_eyeprm_01_l,,0.005,,,,,,,
a 2,j_f_eyeprm_02_l,,,,,,,,,
a 2,j_f_eyeprm_01_r,,0.005,,,,,,,
a 2,j_f_eyeprm_02_r,,,,,,,,,
a 2,j_f_irisprm_r,,,,,,,,,
a 2,j_f_noanim_eyesize_r,,,,,,,,,
a 2,j_f_eyeprmroll_l,,,,-0.528,1.218,-12.182,,,
a 2,j_f_eyeprmroll_r,,,,0.528,-1.218,-12.182,,,
a 2,j_f_hagukiup,,,,,,,,,
a 2,j_f_hana_l,,,,0.011,2.058,0.594,,,
a 2,j_f_hana_r,,,,-0.011,-2.058,0.594,,,
a 2,j_f_ulip_01_l,0.001,,,1.095,1.091,4.564,,,
a 2,j_f_ulip_02_l,0.001,,,1.83,-3.439,-2.907,,,
a 2,j_f_ulip_01_r,0.001,,,-1.095,-1.091,4.564,,,
a 2,j_f_ulip_02_r,0.001,,,-1.83,3.439,-2.907,,,
a 2,j_f_umlip_01_l,0.002,0.001,0.001,0.036,2.567,0.957,,,
a 2,j_f_umlip_02_l,,,,-0.021,1.266,-1.9,,,
a 2,j_f_umlip_01_r,0.002,0.001,-0.001,-0.036,-2.567,0.957,,,
a 2,j_f_umlip_02_r,,,,0.021,-1.267,-1.901,,,
a 2,j_f_uslip_l,,-0.003,0.002,7.94,2.261,0.754,,,
a 2,j_f_uslip_r,,-0.003,-0.002,-7.94,-2.261,0.754,,,
e,j_ago,-0.001,,,,,-7.526,,,
e,j_f_face,,,,,,,,,
e,j_f_ago,,0.001,,,,7.526,,,
e,j_f_bero_01,,,,,,,,,
e,j_f_bero_02,,,,,,,,,
e,j_f_bero_03,,,,,,,,,
e,j_f_dlip_01_l,,,,0.385,0.33,-2.414,,,
e,j_f_dlip_02_l,,,,0.088,1.028,1.03,,,
e,j_f_dlip_01_r,,,,-0.385,-0.33,-2.414,,,
e,j_f_dlip_02_r,,,,-0.088,-1.028,1.03,,,
e,j_f_dmlip_01_l,-0.002,,,-1.508,-1.755,-1.795,,,
e,j_f_dmlip_02_l,,,,0.005,0.633,0.909,,,
e,j_f_dmlip_01_r,-0.002,,,1.508,1.755,-1.795,,,
e,j_f_dmlip_02_r,,,,-0.005,-0.633,0.909,,,
e,j_f_hagukidn,,,,,,,,,
e,j_f_dmemoto_l,,,,,,,,,
e,j_f_dmemoto_r,,,,,,,,,
e,j_f_dslip_l,-0.002,-0.001,-0.001,1.772,2.661,-0.429,,,
e,j_f_dslip_r,-0.002,-0.001,0.001,-1.772,-2.661,-0.429,,,
e,j_f_eyeprm_01_l,,,,,,,,,
e,j_f_eyeprm_01_r,,,,,,,,,
e,j_f_eyeprm_02_r,,,,,,,,,
e,j_f_irisprm_r,,,,,,,,,
e,j_f_noanim_eyesize_r,,,,,,,,,
e,j_f_eyeprmroll_l,,,,,,,,,
e,j_f_eyeprmroll_r,,,,,,,,,
e,j_f_hagukiup,,,,,,,,,
e,j_f_hana_l,,,,,-0.396,,,,
e,j_f_hana_r,,,,,0.396,,,,
e,j_f_ulip_01_l,,,,-0.034,-0.672,-0.158,,,
e,j_f_ulip_02_l,,,,0.236,-0.117,-0.276,,,
e,j_f_ulip_01_r,,,,0.034,0.672,-0.158,,,
e,j_f_ulip_02_r,,,,-0.236,0.117,-0.276,,,
e,j_f_umlip_01_l,,,,-0.008,-0.2,-0.972,,,
e,j_f_umlip_02_l,,,,0.119,-0.119,-0.119,,,
e,j_f_umlip_01_r,,,,0.008,0.2,-0.971,,,
e,j_f_umlip_02_r,,,,-0.119,0.119,-0.119,,,
e,j_f_uslip_l,-0.004,-0.001,,0.98,-9.604,0.627,,,
e,j_f_uslip_r,-0.004,-0.001,,-0.98,9.604,0.627,,,
i,j_ago,,,,,,,,,
i,j_f_face,,,,,,,,,
i,j_f_ago,,,,,,,,,
i,j_f_bero_01,,,,,,,,,
i,j_f_bero_02,,,,,,,,,
i,j_f_bero_03,,,,,,,,,
i,j_f_dago,0.001,,,,,,,,
i,j_f_dlip_01_l,-0.004,,,0.295,0.751,-3.68,,,
i,j_f_dlip_02_l,,,,0.065,0.832,-1.979,,,
i,j_f_dlip_01_r,-0.004,,,-0.295,-0.751,-3.68,,,
i,j_f_dlip_02_r,,,,-0.065,-0.832,-1.979,,,
i,j_f_dmlip_01_l,-0.001,,0.001,-1.277,-1.559,-1.779,,,
i,j_f_dmlip_02_l,,,,-0.028,1.781,-1.782,,,
i,j_f_dmlip_01_r,-0.001,,-0.001,1.277,1.559,-1.779,,,
i,j_f_dmlip_02_r,,,,0.028,-1.781,-1.782,,,
i,j_f_hagukidn,,,,,,,,,
i,j_f_dhoho_l,0.001,,,0.643,-0.323,-1.249,,,
i,j_f_dhoho_r,0.001,,,-0.643,0.323,-1.25,,,
i,j_f_dmemoto_l,,0.001,,0.265,0.352,1.929,,,
i,j_f_dmemoto_r,,0.001,,-0.265,-0.352,1.929,,,
i,j_f_dslip_l,0.004,-0.001,0.001,4.841,25.578,1.651,,,
i,j_f_dslip_r,0.004,-0.001,-0.001,-4.841,-25.578,1.651,,,
i,j_f_eyeprm_01_l,0.001,0.001,0.001,,,,,,
i,j_f_eyeprm_01_r,0.001,0.001,-0.001,,,,,,
i,j_f_eyeprm_02_r,,,,,,,,,
i,j_f_irisprm_r,,,,,,,,,
i,j_f_noanim_eyesize_r,,,,,,,,,
i,j_f_eyeprmroll_l,,,,-0.01,0.872,-6.535,,,
i,j_f_eyeprmroll_r,,,,0.01,-0.872,-6.535,,,
i,j_f_hagukiup,,,,,,,,,
i,j_f_hana_l,0.001,,0.001,-0.344,2.456,0.586,,,
i,j_f_hana_r,0.001,,-0.001,0.344,-2.456,0.586,,,
i,j_f_shoho_l,0.003,,,-2.475,-0.597,-1.442,,,
i,j_f_shoho_r,0.003,,,2.475,0.597,-1.442,,,
i,j_f_ulip_01_l,0.001,0.001,,0.315,0.682,6.735,,,
i,j_f_ulip_02_l,0.001,,,0.84,-3.194,-1.726,,,
i,j_f_ulip_01_r,0.001,0.001,,-0.315,-0.682,6.735,,,
i,j_f_ulip_02_r,0.001,,,-0.84,3.194,-1.726,,,
i,j_f_umlip_01_l,0.002,,,0.018,0.718,2.739,,,
i,j_f_umlip_02_l,,,,-0.009,0.317,-3.325,,,
i,j_f_umlip_01_r,0.002,,,-0.018,-0.718,2.739,,,
i,j_f_umlip_02_r,,,,0.009,-0.317,-3.325,,,
i,j_f_uslip_l,0.001,,,3.745,3.622,-0.579,,,
i,j_f_uslip_r,0.001,,,-3.745,-3.622,-0.579,,,
o,j_ago,-0.002,0.002,,,,-14.726,,,
o,j_f_face,,,,,,,,,
o,j_f_ago,-0.001,0.004,,,,11.726,,,
o,j_f_bero_01,,,,,,,,,
o,j_f_bero_02,,,,,,,,,
o,j_f_bero_03,,,,,,,,,
o,j_f_dlip_01_l,-0.001,-0.002,,1.468,1.499,1.049,,,
o,j_f_dlip_02_l,,,,-0.119,-0.119,0.158,,,
o,j_f_dlip_01_r,-0.001,-0.002,,-1.468,-1.499,1.049,,,
o,j_f_dlip_02_r,,,,0.119,0.119,0.158,,,
o,j_f_dmlip_01_l,-0.005,-0.002,-0.003,-1.429,-0.807,0.798,,,
o,j_f_dmlip_02_l,,,,0.003,0.632,0.553,,,
o,j_f_dmlip_01_r,-0.005,-0.002,0.003,1.429,0.807,0.798,,,
o,j_f_dmlip_02_r,,,,-0.003,-0.632,0.553,,,
o,j_f_hagukidn,,,,,,,,,
o,j_f_dmemoto_l,-0.001,-0.002,-0.001,-1.727,-1.647,-1.588,,,
o,j_f_dmemoto_r,-0.001,-0.002,0.001,1.727,1.647,-1.588,,,
o,j_f_dslip_l,-0.005,-0.004,-0.009,4.325,1.398,-2.589,,,
o,j_f_dslip_r,-0.005,-0.004,0.009,-4.325,-1.398,-2.589,,,
o,j_f_eyeprm_01_l,-0.003,-0.003,-0.001,,,,,,
o,j_f_eyeprm_01_r,-0.003,-0.003,0.001,,,,,,
o,j_f_eyeprm_02_r,,,,,,,,,
o,j_f_irisprm_r,,,,,,,,,
o,j_f_noanim_eyesize_r,,,,,,,,,
o,j_f_eyeprmroll_l,,,,-0.273,4.474,0.108,,,
o,j_f_eyeprmroll_r,,,,0.273,-4.474,0.108,,,
o,j_f_hagukiup,,,,,,,,,
o,j_f_hana_l,-0.001,,,-1.691,-2.555,1.265,,,
o,j_f_hana_r,-0.001,,,1.691,2.555,1.265,,,
o,j_f_ulip_01_l,0.001,-0.001,,0.191,-2.029,-1.151,,,
o,j_f_ulip_02_l,0.001,,,1.592,-0.854,-1.239,,,
o,j_f_ulip_01_r,0.001,-0.001,,-0.191,2.029,-1.151,,,
o,j_f_ulip_02_r,0.001,,,-1.592,0.854,-1.239,,,
o,j_f_umlip_01_l,-0.003,-0.003,-0.003,-0.028,-4.51,-5.934,,,
o,j_f_umlip_02_l,,,,0.957,-0.703,-1.194,,,
o,j_f_umlip_01_r,-0.003,-0.003,0.003,0.028,4.51,-5.934,,,
o,j_f_umlip_02_r,,,,-0.957,0.703,-1.194,,,
o,j_f_uslip_l,-0.005,-0.004,-0.009,3.479,-24.695,0.585,,,
o,j_f_uslip_r,-0.005,-0.004,0.009,-3.479,24.695,0.585,,,
u,j_ago,,,,,,-5.98,,,
u,j_f_face,,,,,,,,,
u,j_f_ago,,0.001,,,,5.98,,,
u,j_f_bero_01,,,,,,,,,
u,j_f_bero_02,,,,,,,,,
u,j_f_bero_03,,,,,,,,,
u,j_f_dlip_01_l,0.001,0.001,,0.256,-0.467,2.414,,,
u,j_f_dlip_02_l,,0.001,,-0.365,-0.629,1.506,,,
u,j_f_dlip_01_r,0.001,0.001,,-0.256,0.467,2.414,,,
u,j_f_dlip_02_r,,0.001,,0.365,0.629,1.506,,,
u,j_f_dmlip_01_l,,0.001,-0.003,-0.267,1.072,1.507,,,
u,j_f_dmlip_02_l,,,,0.017,1.266,1.504,,,
u,j_f_dmlip_01_r,,0.001,0.003,0.267,-1.073,1.507,,,
u,j_f_dmlip_02_r,,,,-0.017,-1.266,1.504,,,
u,j_f_hagukidn,,,,,,,,,
u,j_f_dmemoto_l,,,,,,,,,
u,j_f_dmemoto_r,,,,,,,,,
u,j_f_dslip_l,-0.001,,-0.009,-1.435,1.841,-0.592,,,
u,j_f_dslip_r,-0.001,,0.009,1.435,-1.841,-0.592,,,
u,j_f_eyeprm_01_l,,,,,,,,,
u,j_f_eyeprm_01_r,,,,,,,,,
u,j_f_eyeprm_02_r,,,,,,,,,
u,j_f_irisprm_r,,,,,,,,,
u,j_f_noanim_eyesize_r,,,,,,,,,
u,j_f_eyeprmroll_l,,,,,,,,,
u,j_f_eyeprmroll_r,,,,,,,,,
u,j_f_hagukiup,,,,,,,,,
u,j_f_hana_l,,,,,-0.475,,,,
u,j_f_hana_r,,,,,0.475,,,,
u,j_f_ulip_01_l,,0.001,-0.001,-0.023,-0.593,-1.543,,,
u,j_f_ulip_02_l,,0.001,,0.04,0.001,-2.256,,,
u,j_f_ulip_01_r,,0.001,0.001,0.023,0.593,-1.543,,,
u,j_f_ulip_02_r,,0.001,,-0.04,-0.001,-2.256,,,
u,j_f_umlip_01_l,-0.001,0.001,-0.005,0.321,-0.075,-1.172,,,
u,j_f_umlip_02_l,,0.001,,0.003,1.426,-2.969,,,
u,j_f_umlip_01_r,-0.001,0.001,0.005,-0.321,0.075,-1.172,,,
u,j_f_umlip_02_r,,0.001,,-0.003,-1.426,-2.969,,,
u,j_f_uslip_l,-0.005,,-0.009,-1.52,-8.339,0.703,,,
u,j_f_uslip_r,-0.005,,0.009,1.52,8.339,0.703,,,
n,j_f_dlip_01_l,0.001,,,,,,,,
n,j_f_dlip_01_r,0.001,,,,,,,,
n,j_f_dslip_l,-0.001,,,,,,,,
n,j_f_dslip_r,-0.001,,,,,,,,
n,j_f_ulip_01_l,,,,,,,,,
n,j_f_ulip_01_r,,,,,,,,,
n,j_f_uslip_l,-0.001,,,,,,,,
n,j_f_uslip_r,-0.001,,,,,,,,
Mouse_1,j_ago,-0.002,0.002,,,,-14.726,,,
Mouse_1,j_f_face,,,,,,,,,
Mouse_1,j_f_ago,-0.001,0.004,,,,12.726,,,
Mouse_1,j_f_bero_01,,,,,,,,,
Mouse_1,j_f_bero_02,,,,,,,,,
Mouse_1,j_f_bero_03,,,,,,,,,
Mouse_1,j_f_dlip_01_l,-0.001,-0.002,,1.468,1.499,1.049,,,
Mouse_1,j_f_dlip_02_l,,,,-0.119,-0.119,0.158,,,
Mouse_1,j_f_dlip_01_r,-0.001,-0.002,,-1.468,-1.499,1.049,,,
Mouse_1,j_f_dlip_02_r,,,,0.119,0.119,0.158,,,
Mouse_1,j_f_dmlip_01_l,-0.005,-0.001,-0.001,-1.429,-0.807,0.798,,,
Mouse_1,j_f_dmlip_02_l,,,,0.003,0.632,0.553,,,
Mouse_1,j_f_dmlip_01_r,-0.005,-0.001,0.001,1.429,0.807,0.798,,,
Mouse_1,j_f_dmlip_02_r,,,,-0.003,-0.632,0.553,,,
Mouse_1,j_f_hagukidn,,,,,,,,,
Mouse_1,j_f_dhoho_l,-0.002,-0.001,0.001,-7.956,-4.358,-1.726,,,
Mouse_1,j_f_dhoho_r,-0.002,-0.001,-0.001,7.956,4.358,-1.726,,,
Mouse_1,j_f_dmemoto_l,-0.001,-0.002,-0.001,-1.727,-1.647,-1.588,,,
Mouse_1,j_f_dmemoto_r,-0.001,-0.002,0.001,1.727,1.647,-1.588,,,
Mouse_1,j_f_dslip_l,-0.01,-0.006,-0.002,4.325,1.398,-2.589,,,
Mouse_1,j_f_dslip_r,-0.01,-0.006,0.002,-4.325,-1.398,-2.589,,,
Mouse_1,j_f_eyeprm_01_l,-0.003,-0.003,-0.001,,,,,,
Mouse_1,j_f_eyeprm_01_r,-0.003,-0.003,0.001,,,,,,
Mouse_1,j_f_eyeprm_02_r,,,,,,,,,
Mouse_1,j_f_irisprm_r,,,,,,,,,
Mouse_1,j_f_noanim_eyesize_r,,,,,,,,,
Mouse_1,j_f_eyeprmroll_l,,,,-0.273,4.474,0.108,,,
Mouse_1,j_f_eyeprmroll_r,,,,0.273,-4.474,0.108,,,
Mouse_1,j_f_hagukiup,,,,,,,,,
Mouse_1,j_f_hana_l,-0.001,,,-1.691,-2.555,1.265,,,
Mouse_1,j_f_hana_r,-0.001,,,1.691,2.555,1.265,,,
Mouse_1,j_f_shoho_l,-0.006,-0.003,,3.381,0.043,3.508,,,
Mouse_1,j_f_shoho_r,-0.006,-0.003,,-3.381,-0.043,3.508,,,
Mouse_1,j_f_ulip_01_l,0.001,-0.001,,0.191,-2.029,-1.151,,,
Mouse_1,j_f_ulip_02_l,0.001,,,1.592,-0.854,-1.239,,,
Mouse_1,j_f_ulip_01_r,0.001,-0.001,,-0.191,2.029,-1.151,,,
Mouse_1,j_f_ulip_02_r,0.001,,,-1.592,0.854,-1.239,,,
Mouse_1,j_f_umlip_01_l,-0.005,-0.001,-0.002,-0.028,-4.51,-5.934,,,
Mouse_1,j_f_umlip_02_l,,,,0.957,-0.703,-1.194,,,
Mouse_1,j_f_umlip_01_r,-0.005,-0.001,0.002,0.028,4.51,-5.934,,,
Mouse_1,j_f_umlip_02_r,,,,-0.957,0.703,-1.194,,,
Mouse_1,j_f_uslip_l,-0.01,-0.006,-0.002,3.479,-24.695,0.585,,,
Mouse_1,j_f_uslip_r,-0.01,-0.006,0.002,-3.479,24.695,0.585,,,
Mouse_2,j_f_dmlip_01_l,0.002,,,,,,,,
Mouse_2,j_f_dmlip_01_r,0.002,,,,,,,,
Mouse_2,j_f_dslip_l,-0.006,,,,,,,,
Mouse_2,j_f_dslip_r,-0.006,,,,,,,,
Mouse_2,j_f_umlip_01_l,-0.002,,,,,,,,
Mouse_2,j_f_umlip_01_r,-0.002,,,,,,,,
Mouse_2,j_f_uslip_l,-0.006,,,,,,,,
Mouse_2,j_f_uslip_r,-0.006,,,,,,,,
Square,j_ago,-0.002,0.002,,,,-14.726,,,
Square,j_f_face,,,,,,,,,
Square,j_f_ago,-0.001,0.004,,,,14.726,,,
Square,j_f_bero_01,,,,,,,,,
Square,j_f_bero_02,,,,,,,,,
Square,j_f_bero_03,,,,,,,,,
Square,j_f_dlip_01_l,-0.001,-0.002,,1.468,1.499,1.049,,,
Square,j_f_dlip_02_l,,,,-0.119,-0.119,0.158,,,
Square,j_f_dlip_01_r,-0.001,-0.002,,-1.468,-1.499,1.049,,,
Square,j_f_dlip_02_r,,,,0.119,0.119,0.158,,,
Square,j_f_dmlip_01_l,-0.005,-0.001,-0.001,-1.429,-0.807,0.798,,,
Square,j_f_dmlip_02_l,,,,0.003,0.632,0.553,,,
Square,j_f_dmlip_01_r,-0.005,-0.001,0.001,1.429,0.807,0.798,,,
Square,j_f_dmlip_02_r,,,,-0.003,-0.632,0.553,,,
Square,j_f_hagukidn,,,,,,,,,
Square,j_f_dhoho_l,-0.002,-0.001,0.001,-7.956,-4.358,-1.726,,,
Square,j_f_dhoho_r,-0.002,-0.001,-0.001,7.956,4.358,-1.726,,,
Square,j_f_dmemoto_l,-0.001,-0.002,-0.001,-1.727,-1.647,-1.588,,,
Square,j_f_dmemoto_r,-0.001,-0.002,0.001,1.727,1.647,-1.588,,,
Square,j_f_dslip_l,-0.008,-0.006,-0.002,4.325,1.398,-2.589,,,
Square,j_f_dslip_r,-0.008,-0.006,0.002,-4.325,-1.398,-2.589,,,
Square,j_f_eyeprm_01_l,-0.003,-0.003,-0.001,,,,,,
Square,j_f_eyeprm_01_r,-0.003,-0.003,0.001,,,,,,
Square,j_f_eyeprm_02_r,,,,,,,,,
Square,j_f_irisprm_r,,,,,,,,,
Square,j_f_noanim_eyesize_r,,,,,,,,,
Square,j_f_eyeprmroll_l,,,,-0.273,4.474,0.108,,,
Square,j_f_eyeprmroll_r,,,,0.273,-4.474,0.108,,,
Square,j_f_hagukiup,,,,,,,,,
Square,j_f_hana_l,-0.001,,,-1.691,-2.555,1.265,,,
Square,j_f_hana_r,-0.001,,,1.691,2.555,1.265,,,
Square,j_f_shoho_l,-0.006,-0.003,,3.381,0.043,3.508,,,
Square,j_f_shoho_r,-0.006,-0.003,,-3.381,-0.043,3.508,,,
Square,j_f_ulip_01_l,0.001,-0.001,,0.191,-2.029,-1.151,,,
Square,j_f_ulip_02_l,0.001,,,1.592,-0.854,-1.239,,,
Square,j_f_ulip_01_r,0.001,-0.001,,-0.191,2.029,-1.151,,,
Square,j_f_ulip_02_r,0.001,,,-1.592,0.854,-1.239,,,
Square,j_f_umlip_01_l,-0.003,-0.001,-0.001,-0.028,-4.51,-5.934,,,
Square,j_f_umlip_02_l,,,,0.957,-0.703,-1.194,,,
Square,j_f_umlip_01_r,-0.003,-0.001,0.001,0.028,4.51,-5.934,,,
Square,j_f_umlip_02_r,,,,-0.957,0.703,-1.194,,,
Square,j_f_uslip_l,-0.008,-0.006,-0.002,3.479,-24.695,0.585,,,
Square,j_f_uslip_r,-0.008,-0.006,0.002,-3.479,24.695,0.585,,,
Wa,j_ago,-0.001,,,,,-10.385,,,
Wa,j_f_face,,,,,,,,,
Wa,j_f_ago,,0.002,,,,13.385,,,
Wa,j_f_bero_01,,,,,,,,,
Wa,j_f_bero_02,,,,,,,,,
Wa,j_f_bero_03,,,,,,,,,
Wa,j_f_dago,,,,,,,,,
Wa,j_f_dlip_01_l,-0.003,,0.001,1.843,1.841,-6.626,,,
Wa,j_f_dlip_02_l,,,,-0.433,0.477,0.473,,,
Wa,j_f_dlip_01_r,-0.003,,-0.001,-1.843,-1.841,-6.626,,,
Wa,j_f_dlip_02_r,,,,0.433,-0.477,0.473,,,
Wa,j_f_dmlip_01_l,-0.004,,0.002,-2.569,-0.309,-2.762,,,
Wa,j_f_dmlip_02_l,,,,0.017,3.167,2.06,,,
Wa,j_f_dmlip_01_r,-0.004,,-0.002,2.569,0.309,-2.762,,,
Wa,j_f_dmlip_02_r,,,,-0.017,-3.167,2.06,,,
Wa,j_f_hagukidn,,,,,,,,,
Wa,j_f_dmemoto_l,0.001,0.001,0.001,-0.981,2.237,2.334,,,
Wa,j_f_dmemoto_r,0.001,0.001,-0.001,0.981,-2.237,2.334,,,
Wa,j_f_dslip_l,0.002,-0.002,0.004,8.631,11.391,0.706,,,
Wa,j_f_dslip_r,0.002,-0.002,-0.004,-8.631,-11.391,0.706,,,
Wa,j_f_eyeprm_01_l,,0.005,,,,,,,
Wa,j_f_eyeprm_02_l,,,,,,,,,
Wa,j_f_eyeprm_01_r,,0.005,,,,,,,
Wa,j_f_eyeprm_02_r,,,,,,,,,
Wa,j_f_irisprm_r,,,,,,,,,
Wa,j_f_noanim_eyesize_r,,,,,,,,,
Wa,j_f_eyeprmroll_l,,,,-0.528,1.218,-12.182,,,
Wa,j_f_eyeprmroll_r,,,,0.528,-1.218,-12.182,,,
Wa,j_f_hagukiup,,,,,,,,,
Wa,j_f_hana_l,,,,0.011,2.058,0.594,,,
Wa,j_f_hana_r,,,,-0.011,-2.058,0.594,,,
Wa,j_f_ulip_01_l,0.002,,,1.095,1.091,4.564,,,
Wa,j_f_ulip_02_l,0.001,,,1.83,-3.439,-2.907,,,
Wa,j_f_ulip_01_r,0.002,,,-1.095,-1.091,4.564,,,
Wa,j_f_ulip_02_r,0.001,,,-1.83,3.439,-2.907,,,
Wa,j_f_umlip_01_l,0.003,0.001,0.001,0.036,2.568,0.957,,,
Wa,j_f_umlip_02_l,,,,-0.021,1.266,-1.9,,,
Wa,j_f_umlip_01_r,0.003,0.001,-0.001,-0.036,-2.568,0.957,,,
Wa,j_f_umlip_02_r,,,,0.021,-1.267,-1.901,,,
Wa,j_f_uslip_l,0.001,-0.002,0.004,7.94,2.261,0.754,,,
Wa,j_f_uslip_r,0.001,-0.002,-0.004,-7.94,-2.261,0.754,,,
Omega,j_f_dmlip_01_l,0.002,,,,,,,,
Omega,j_f_dmlip_01_r,0.002,,,,,,,,
Omega,j_f_dslip_l,0.001,,,,,,,,
Omega,j_f_dslip_r,0.001,,,,,,,,
Omega,j_f_ulip_01_l,-0.001,,,,,,,,
Omega,j_f_ulip_01_r,-0.001,,,,,,,,
Omega,j_f_uslip_l,0.001,,,,,,,,
Omega,j_f_uslip_r,0.001,,,,,,,,
Niyari,j_ago,,,,,,0.514,,,
Niyari,j_f_face,,,,,,,,,
Niyari,j_f_ago,,,,,,-0.514,,,
Niyari,j_f_bero_01,,,,,,,,,
Niyari,j_f_bero_02,,,,,,,,,
Niyari,j_f_bero_03,,,,,,,,,
Niyari,j_f_dago,0.001,,,,,,,,
Niyari,j_f_dlip_01_l,0.002,,0.001,1.074,1.054,-3.672,,,
Niyari,j_f_dlip_02_l,,,,-1.137,-1.119,-1.097,,,
Niyari,j_f_dlip_01_r,0.002,,-0.001,-1.074,-1.054,-3.672,,,
Niyari,j_f_dlip_02_r,,,,1.137,1.119,-1.097,,,
Niyari,j_f_dmlip_01_l,0.004,0.002,0.002,0.013,3.377,-2.46,,,
Niyari,j_f_dmlip_02_l,,,,,,1.148,,,
Niyari,j_f_dmlip_01_r,0.004,0.002,-0.002,-0.013,-3.377,-2.46,,,
Niyari,j_f_dmlip_02_r,,,,,,1.148,,,
Niyari,j_f_hagukidn,,,,,,,,,
Niyari,j_f_dhoho_l,0.002,0.001,0.001,2.108,-1.048,-2.097,,,
Niyari,j_f_dhoho_r,0.002,0.001,-0.001,-2.108,1.048,-2.097,,,
Niyari,j_f_dmemoto_l,,0.001,,-1.343,0.895,2.043,,,
Niyari,j_f_dmemoto_r,,0.001,,1.343,-0.895,2.043,,,
Niyari,j_f_dslip_l,0.007,-0.001,0.004,6.715,3.278,-6.683,,,
Niyari,j_f_dslip_r,0.007,-0.001,-0.004,-6.715,-3.278,-6.683,,,
Niyari,j_f_eyeprm_01_l,,0.01,,,,,,,
Niyari,j_f_eyeprm_02_l,0.001,,0.001,,,,,,
Niyari,j_f_eyeprm_01_r,,0.01,,,,,,,
Niyari,j_f_eyeprm_02_r,0.001,,-0.001,,,,,,
Niyari,j_f_irisprm_r,,,,,,,,,
Niyari,j_f_noanim_eyesize_r,,,,,,,,,
Niyari,j_f_eyeprmroll_l,,,,,,-14.966,,,
Niyari,j_f_eyeprmroll_r,,,,,,-14.966,,,
Niyari,j_f_hagukiup,,,,,,,,,
Niyari,j_f_hana_l,,,,-0.031,1.82,0.553,,,
Niyari,j_f_hana_r,,,,0.031,-1.82,0.553,,,
Niyari,j_f_hoho_l,0.001,0.001,,0.032,1.008,-2.088,,,
Niyari,j_f_hoho_r,0.001,0.001,,-0.032,-1.008,-2.088,,,
Niyari,j_f_shoho_l,0.004,0.002,0.001,-7.032,-1.559,-2.354,,,
Niyari,j_f_shoho_r,0.004,0.002,-0.001,7.032,1.559,-2.354,,,
Niyari,j_f_ulip_01_l,0.002,,,1.064,2.09,4.376,,,
Niyari,j_f_ulip_02_l,,,,1.233,-3.23,-1.579,,,
Niyari,j_f_ulip_01_r,0.002,,,-1.064,-2.09,4.376,,,
Niyari,j_f_ulip_02_r,,,,-1.233,3.23,-1.579,,,
Niyari,j_f_umlip_01_l,0.004,0.001,0.001,-0.001,-0.139,-1.161,,,
Niyari,j_f_umlip_02_l,,,,-0.024,1.108,-2.454,,,
Niyari,j_f_umlip_01_r,0.004,0.001,-0.001,0.001,0.139,-1.161,,,
Niyari,j_f_umlip_02_r,,,,0.024,-1.108,-2.454,,,
Niyari,j_f_uslip_l,0.005,0.001,0.002,9.825,6.277,5.282,,,
Niyari,j_f_uslip_r,0.005,0.001,-0.002,-9.825,-6.277,5.282,,,
Niyari2,j_ago,,,,,,0.514,,,
Niyari2,j_f_bero_01,,,,,,,,,
Niyari2,j_f_bero_02,,,,,,,,,
Niyari2,j_f_bero_03,,,,,,,,,
Niyari2,j_f_dago,0.001,,,,,,,,
Niyari2,j_f_dlip_01_l,0.002,,0.001,1.074,1.054,-3.672,,,
Niyari2,j_f_dlip_02_l,,,,-1.137,-1.119,-1.097,,,
Niyari2,j_f_dlip_01_r,0.001,,,,,,,,
Niyari2,j_f_dmlip_01_l,0.004,0.002,0.002,0.013,3.377,-2.46,,,
Niyari2,j_f_dmlip_02_l,,,,,,1.148,,,
Niyari2,j_f_dmlip_01_r,0.001,,,,,,,,
Niyari2,j_f_dhoho_l,0.002,0.001,0.001,2.108,-1.048,-2.097,,,
Niyari2,j_f_dmemoto_l,,0.001,,-1.343,0.895,2.043,,,
Niyari2,j_f_dslip_l,0.009,-0.001,0.004,6.715,3.278,-6.683,,,
Niyari2,j_f_dslip_r,0.001,,,,,,,,
Niyari2,j_f_eyeprm_01_l,,0.01,,,,,,,
Niyari2,j_f_eyeprm_02_l,0.001,,0.001,,,,,,
Niyari2,j_f_eyeprm_01_r,,0.01,,,,,,,
Niyari2,j_f_eyeprm_02_r,0.001,,-0.001,,,,,,
Niyari2,j_f_irisprm_r,,,,,,,,,
Niyari2,j_f_noanim_eyesize_r,,,,,,,,,
Niyari2,j_f_eyeprmroll_l,,,,,,-14.966,,,
Niyari2,j_f_hana_l,,,,-0.031,1.82,0.553,,,
Niyari2,j_f_hoho_l,0.001,0.001,,0.032,1.008,-2.088,,,
Niyari2,j_f_shoho_l,0.004,0.002,0.001,-7.032,-1.559,-2.354,,,
Niyari2,j_f_ulip_01_l,0.002,,,1.064,2.09,4.376,,,
Niyari2,j_f_ulip_02_l,,,,1.233,-3.23,-1.579,,,
Niyari2,j_f_ulip_01_r,0.001,,,,,,,,
Niyari2,j_f_umlip_01_l,0.004,0.001,0.001,-0.001,-0.139,-1.161,,,
Niyari2,j_f_umlip_02_l,,,,-0.024,1.108,-2.454,,,
Niyari2,j_f_umlip_01_r,0.001,,,,,,,,
Niyari2,j_f_uslip_l,0.007,0.001,0.002,9.825,6.277,5.282,,,
Niyari2,j_f_uslip_r,0.001,,,,,,,,
Smile,j_ago,,,,,,0.514,,,
Smile,j_f_face,,,,,,,,,
Smile,j_f_ago,,,,,,-0.514,,,
Smile,j_f_bero_01,,,,,,,,,
Smile,j_f_bero_02,,,,,,,,,
Smile,j_f_bero_03,,,,,,,,,
Smile,j_f_dago,0.001,,,,,,,,
Smile,j_f_dlip_01_l,0.002,,0.001,1.074,1.054,-3.672,,,
Smile,j_f_dlip_02_l,,,,-1.137,-1.119,-1.097,,,
Smile,j_f_dlip_01_r,0.002,,-0.001,-1.074,-1.054,-3.672,,,
Smile,j_f_dlip_02_r,,,,1.137,1.119,-1.097,,,
Smile,j_f_dmlip_01_l,0.004,0.002,0.002,0.013,3.378,-2.46,,,
Smile,j_f_dmlip_02_l,,,,,,1.148,,,
Smile,j_f_dmlip_01_r,0.004,0.002,-0.002,-0.013,-3.378,-2.46,,,
Smile,j_f_dmlip_02_r,,,,,,1.148,,,
Smile,j_f_hagukidn,,,,,,,,,
Smile,j_f_dhoho_l,0.002,0.001,0.001,2.108,-1.048,-2.097,,,
Smile,j_f_dhoho_r,0.002,0.001,-0.001,-2.108,1.048,-2.097,,,
Smile,j_f_dmemoto_l,,0.001,,-1.343,0.895,2.043,,,
Smile,j_f_dmemoto_r,,0.001,,1.343,-0.895,2.043,,,
Smile,j_f_dslip_l,0.009,-0.001,0.004,6.715,3.278,-6.683,,,
Smile,j_f_dslip_r,0.009,-0.001,-0.004,-6.715,-3.278,-6.683,,,
Smile,j_f_eyeprm_01_l,,0.01,,,,,,,
Smile,j_f_eyeprm_02_l,0.001,,0.001,,,,,,
Smile,j_f_eyeprm_01_r,,0.01,,,,,,,
Smile,j_f_eyeprm_02_r,0.001,,-0.001,,,,,,
Smile,j_f_irisprm_r,,,,,,,,,
Smile,j_f_noanim_eyesize_r,,,,,,,,,
Smile,j_f_eyeprmroll_l,,,,,,-14.966,,,
Smile,j_f_eyeprmroll_r,,,,,,-14.966,,,
Smile,j_f_hagukiup,,,,,,,,,
Smile,j_f_hana_l,,,,-0.031,1.821,0.554,,,
Smile,j_f_hana_r,,,,0.031,-1.821,0.554,,,
Smile,j_f_hoho_l,0.001,0.001,,0.032,1.008,-2.089,,,
Smile,j_f_hoho_r,0.001,0.001,,-0.032,-1.008,-2.089,,,
Smile,j_f_shoho_l,0.004,0.002,0.001,-7.032,-1.559,-2.354,,,
Smile,j_f_shoho_r,0.004,0.002,-0.001,7.032,1.559,-2.354,,,
Smile,j_f_ulip_01_l,0.002,,,1.064,2.09,4.376,,,
Smile,j_f_ulip_02_l,,,,1.233,-3.23,-1.579,,,
Smile,j_f_ulip_01_r,0.002,,,-1.064,-2.09,4.376,,,
Smile,j_f_ulip_02_r,,,,-1.233,3.23,-1.579,,,
Smile,j_f_umlip_01_l,0.004,0.001,0.001,-0.001,-0.139,-1.161,,,
Smile,j_f_umlip_02_l,,,,-0.024,1.108,-2.455,,,
Smile,j_f_umlip_01_r,0.004,0.001,-0.001,0.001,0.139,-1.161,,,
Smile,j_f_umlip_02_r,,,,0.024,-1.108,-2.455,,,
Smile,j_f_uslip_l,0.007,0.001,0.002,9.825,6.277,5.282,,,
Smile,j_f_uslip_r,0.007,0.001,-0.002,-9.825,-6.277,5.282,,,
