bone_morph,bone_name,locationX,locationY,locationZ,rotateX,rotateY,rotateZ,scaleX,scaleY,scaleZ
UP,j_f_dmiken_l,0.003,,,-0.198,0.079,-0.317,,,
UP,j_f_dmiken_r,0.003,,,0.198,-0.079,-0.317,,,
UP,j_f_mayu_l,0.003,,-0.002,-0.91,-5.337,-4.305,,,
UP,j_f_mayu_r,0.003,,0.002,0.91,5.337,-4.305,,,
UP,j_f_miken_01_l,0.004,0.001,,2.63,4.342,-2.753,,,
UP,j_f_miken_02_l,0.002,,,0.369,-1.263,-1.152,,,
UP,j_f_miken_01_r,0.004,0.001,,-2.63,-4.342,-2.753,,,
UP,j_f_miken_02_r,0.002,,,-0.369,1.263,-1.152,,,
UP,j_f_mmayu_l,0.006,0.001,-0.001,2.522,-5.09,-5.86,,,
UP,j_f_mmayu_r,0.006,0.001,0.001,-2.531,5.976,-5.906,,,
Down,j_f_mayu_l,-0.001,,,0.058,2.804,2.355,,,
Down,j_f_mayu_r,-0.001,,,-0.058,-2.804,2.355,,,
Down,j_f_miken_01_l,-0.002,,,,,3.662,,,
Down,j_f_miken_01_r,-0.002,,,,,3.662,,,
Down,j_f_mmayu_l,-0.002,,,0.045,1.547,3.319,,,
Down,j_f_mmayu_r,-0.002,,,-0.045,-1.547,3.319,,,
Trouble,j_f_dmiken_l,0.001,,,0.468,1.19,-0.668,,,
Trouble,j_f_dmiken_r,0.001,,,-0.468,-1.19,-0.668,,,
Trouble,j_f_mayu_l,-0.004,-0.001,-0.001,-0.951,-0.012,3.685,,,
Trouble,j_f_mayu_r,-0.004,-0.001,0.001,0.951,0.012,3.685,,,
Trouble,j_f_miken_01_l,0.004,,,-0.328,-5.343,1.085,,,
Trouble,j_f_miken_02_l,0.006,,,1.604,-5.877,-4.96,,,
Trouble,j_f_miken_01_r,0.004,,,0.328,5.343,1.085,,,
Trouble,j_f_miken_02_r,0.006,,,-1.604,5.877,-4.96,,,
Trouble,j_f_mmayu_l,-0.002,,-0.001,0.469,-6.176,3.07,,,
Trouble,j_f_mmayu_r,-0.002,,0.001,-0.469,6.176,3.07,,,
Serious,j_f_dmiken_l,-0.003,0.001,,0.355,-0.16,0.514,,,
Serious,j_f_dmiken_r,-0.003,0.001,,-0.355,0.16,0.514,,,
Serious,j_f_mayu_l,-0.001,,,-0.139,5.093,1.32,,,
Serious,j_f_mayu_r,-0.001,,,0.098,-5.123,1.347,,,
Serious,j_f_miken_01_l,-0.004,,,-2.408,-5.362,3.165,,,
Serious,j_f_miken_02_l,0.001,,-0.001,0.296,-12.494,0.207,,,
Serious,j_f_miken_01_r,-0.004,,,2.408,5.362,3.165,,,
Serious,j_f_miken_02_r,0.001,,0.001,-0.296,12.494,0.207,,,
Serious,j_f_mmayu_l,-0.004,,,-0.223,-0.646,4.5,,,
Serious,j_f_mmayu_r,-0.004,,,0.342,0.641,4.501,,,
Smily,j_f_dmiken_l,0.001,,,0.198,-0.08,0.277,,,
Smily,j_f_dmiken_r,0.001,,,-0.198,0.08,0.277,,,
Smily,j_f_mayu_l,-0.001,,,-0.012,-2.338,0.57,,,
Smily,j_f_mayu_r,-0.001,,,0.012,2.339,0.57,,,
Smily,j_f_miken_01_l,0.001,,,0.15,4.24,-2.371,,,
Smily,j_f_miken_02_l,-0.001,,,,2.85,,,,
Smily,j_f_miken_01_r,0.001,,,-0.15,-4.24,-2.371,,,
Smily,j_f_miken_02_r,-0.001,,,,-2.85,,,,
Smily,j_f_mmayu_l,0.002,,,0.71,-2.43,0.113,,,
Smily,j_f_mmayu_r,0.002,,,-0.71,2.43,0.113,,,
Wink,j_f_eye_l,,,,,,,,,
Wink,j_f_eyepuru_l,,,,,,,,,
Wink,j_f_mab_l,,,,-0.871,0.875,-9.965,,,
Wink,j_f_mabdn_01_l,,,,1.472,-0.978,-4.012,,,
Wink,j_f_mabdn_02out_l,,,,0.036,-8.997,-2.981,,,
Wink,j_f_mabdn_03in_l,,,,-0.035,12.294,-0.322,,,
Wink,j_f_mabup_01_l,,,,0.004,5.963,29.99,,,
Wink,j_f_mabup_02out_l,,,,0.036,-8.997,-2.981,,,
Wink,j_f_mabup_03in_l,,,,-0.029,12.295,-0.64,,,
Wink-a,j_f_eye_r,,,,,,,,,
Wink-a,j_f_eyepuru_r,,,,,,,,,
Wink-a,j_f_mab_r,,,,0.871,-0.875,-9.965,,,
Wink-a,j_f_mabdn_01_r,,,,-1.472,0.978,-4.012,,,
Wink-a,j_f_mabdn_02out_r,,,,-0.036,8.997,-2.981,,,
Wink-a,j_f_mabdn_03in_r,,,,0.035,-12.294,-0.322,,,
Wink-a,j_f_mabup_01_r,,,,-0.004,-5.963,29.99,,,
Wink-a,j_f_mabup_02out_r,,,,-0.036,8.997,-2.981,,,
Wink-a,j_f_mabup_03in_r,,,,0.029,-12.295,-0.64,,,
Wink-b,j_f_eye_l,,,,,,,,,
Wink-b,j_f_eyepuru_l,,,,,,,,,
Wink-b,j_f_mab_l,,,,-0.871,0.875,-9.965,,,
Wink-b,j_f_mabdn_01_l,,,,1.472,-0.978,-4.012,,,
Wink-b,j_f_mabdn_02out_l,,,,0.036,-8.997,-2.981,,,
Wink-b,j_f_mabdn_03in_l,,,,-0.035,12.294,-0.322,,,
Wink-b,j_f_mabup_01_l,,,,0.004,5.963,29.99,,,
Wink-b,j_f_mabup_02out_l,,,,0.036,-8.997,-2.981,,,
Wink-b,j_f_mabup_03in_l,,,,-0.029,12.295,-0.64,,,
Wink-c,j_f_eye_r,,,,,,,,,
Wink-c,j_f_eyepuru_r,,,,,,,,,
Wink-c,j_f_mab_r,,,,0.871,-0.875,-9.965,,,
Wink-c,j_f_mabdn_01_r,,,,-1.472,0.978,-4.012,,,
Wink-c,j_f_mabdn_02out_r,,,,-0.036,8.997,-2.981,,,
Wink-c,j_f_mabdn_03in_r,,,,0.035,-12.294,-0.322,,,
Wink-c,j_f_mabup_01_r,,,,-0.004,-5.963,29.99,,,
Wink-c,j_f_mabup_02out_r,,,,-0.036,8.997,-2.981,,,
Wink-c,j_f_mabup_03in_r,,,,0.029,-12.295,-0.64,,,
Blink,j_f_eye_l,,,,,,,,,
Blink,j_f_eyepuru_l,,,,,,,,,
Blink,j_f_eye_r,,,,,,,,,
Blink,j_f_eyepuru_r,,,,,,,,,
Blink,j_f_mab_l,,,,,,,,,
Blink,j_f_mabdn_01_l,,,,1.488,-1.441,-4.018,,,
Blink,j_f_mabdn_02out_l,,,,,,,,,
Blink,j_f_mabdn_03in_l,,,,,,,,,
Blink,j_f_mabup_01_l,,,,0.004,5.963,29.99,,,
Blink,j_f_mabup_02out_l,,,,,,,,,
Blink,j_f_mabup_03in_l,,,,,,,,,
Blink,j_f_mab_r,,,,,,,,,
Blink,j_f_mabdn_01_r,,,,-1.488,1.441,-4.018,,,
Blink,j_f_mabdn_02out_r,,,,,,,,,
Blink,j_f_mabdn_03in_r,,,,,,,,,
Blink,j_f_mabup_01_r,,,,-0.004,-5.963,29.99,,,
Blink,j_f_mabup_02out_r,,,,,,,,,
Blink,j_f_mabup_03in_r,,,,,,,,,
EyeSmile,j_f_eye_l,,,,,,,,,
EyeSmile,j_f_eyepuru_l,,,,,,,,,
EyeSmile,j_f_eye_r,,,,,,,,,
EyeSmile,j_f_eyepuru_r,,,,,,,,,
EyeSmile,j_f_mab_l,,,,-0.871,0.875,-9.965,,,
EyeSmile,j_f_mabdn_01_l,,,,1.472,-0.978,-4.012,,,
EyeSmile,j_f_mabdn_02out_l,,,,0.036,-8.997,-2.981,,,
EyeSmile,j_f_mabdn_03in_l,,,,-0.035,12.294,-0.322,,,
EyeSmile,j_f_mabup_01_l,,,,0.004,5.963,29.99,,,
EyeSmile,j_f_mabup_02out_l,,,,0.036,-8.997,-2.981,,,
EyeSmile,j_f_mabup_03in_l,,,,-0.029,12.295,-0.64,,,
EyeSmile,j_f_mab_r,,,,0.871,-0.875,-9.965,,,
EyeSmile,j_f_mabdn_01_r,,,,-1.472,0.978,-4.012,,,
EyeSmile,j_f_mabdn_02out_r,,,,-0.036,8.997,-2.981,,,
EyeSmile,j_f_mabdn_03in_r,,,,0.035,-12.294,-0.322,,,
EyeSmile,j_f_mabup_01_r,,,,-0.004,-5.963,29.99,,,
EyeSmile,j_f_mabup_02out_r,,,,-0.036,8.997,-2.981,,,
EyeSmile,j_f_mabup_03in_r,,,,0.029,-12.295,-0.64,,,
Ha!!!,j_f_eye_l,,,,,,,,,
Ha!!!,j_f_eyepuru_l,,,,,,,,,
Ha!!!,j_f_eye_r,,,,,,,,,
Ha!!!,j_f_eyepuru_r,,,,,,,,,
Ha!!!,j_f_mab_l,,,,-0.077,-0.441,-0.624,,,
Ha!!!,j_f_mabdn_01_l,,,,,,2.375,,,
Ha!!!,j_f_mabdn_02out_l,,,,,,,,,
Ha!!!,j_f_mabdn_03in_l,,,,0.357,0.236,0.436,,,
Ha!!!,j_f_mabup_01_l,,,,0.367,-1.297,-4.875,,,
Ha!!!,j_f_mabup_02out_l,,,,,,,,,
Ha!!!,j_f_mabup_03in_l,,,,-0.321,0.231,-2.296,,,
Ha!!!,j_f_mab_r,,,,0.077,0.441,-0.624,,,
Ha!!!,j_f_mabdn_01_r,,,,,,2.375,,,
Ha!!!,j_f_mabdn_02out_r,,,,,,,,,
Ha!!!,j_f_mabdn_03in_r,,,,-0.356,-0.236,0.435,,,
Ha!!!,j_f_mabup_01_r,,,,-0.367,1.297,-4.875,,,
Ha!!!,j_f_mabup_02out_r,,,,,,,,,
Ha!!!,j_f_mabup_03in_r,,,,0.321,-0.231,-2.296,,,
Jito-eye,j_f_mabup_01_l,,,,-0.209,2.004,8.086,,,
Jito-eye,j_f_mabup_01_r,,,,0.209,-2.004,8.086,,,
Wail,j_f_eye_l,,,,,,,,,
Wail,j_f_eyepuru_l,,,,,,,,,
Wail,j_f_eye_r,,,,,,,,,
Wail,j_f_eyepuru_r,,,,,,,,,
Wail,j_f_mab_l,,,,-0.748,0.758,-5.181,,,
Wail,j_f_mabdn_01_l,,,,0.25,1.925,-1.659,,,
Wail,j_f_mabdn_02out_l,,,,,,,,,
Wail,j_f_mabdn_03in_l,,,,-0.013,1.227,-1.227,,,
Wail,j_f_mabup_01_l,,,,-0.013,1.473,6.615,,,
Wail,j_f_mabup_02out_l,,,,,,,,,
Wail,j_f_mabup_03in_l,,,,-0.026,1.227,-2.455,,,
Wail,j_f_mab_r,,,,0.748,-0.758,-5.181,,,
Wail,j_f_mabdn_01_r,,,,-0.25,-1.924,-1.658,,,
Wail,j_f_mabdn_02out_r,,,,,,,,,
Wail,j_f_mabdn_03in_r,,,,0.013,-1.227,-1.227,,,
Wail,j_f_mabup_01_r,,,,0.013,-1.473,6.614,,,
Wail,j_f_mabup_02out_r,,,,,,,,,
Wail,j_f_mabup_03in_r,,,,0.026,-1.227,-2.455,,,
Hostility,j_f_eye_l,,,,,,,,,
Hostility,j_f_eyepuru_l,,,,,,,,,
Hostility,j_f_eye_r,,,,,,,,,
Hostility,j_f_eyepuru_r,,,,,,,,,
Hostility,j_f_mab_l,,,,-1.964,6.026,-4.158,,,
Hostility,j_f_mabdn_01_l,,,,0.291,-0.854,-1.902,,,
Hostility,j_f_mabdn_02out_l,,,,,,,,,
Hostility,j_f_mabdn_03in_l,,,,,,,,,
Hostility,j_f_mabup_01_l,,,,-0.023,1.749,8.082,,,
Hostility,j_f_mabup_02out_l,,,,,,,,,
Hostility,j_f_mabup_03in_l,,,,,,,,,
Hostility,j_f_mab_r,,,,1.964,-6.026,-4.158,,,
Hostility,j_f_mabdn_01_r,,,,-0.291,0.854,-1.902,,,
Hostility,j_f_mabdn_02out_r,,,,,,,,,
Hostility,j_f_mabdn_03in_r,,,,,,,,,
Hostility,j_f_mabup_01_r,,,,0.023,-1.749,8.082,,,
Hostility,j_f_mabup_02out_r,,,,,,,,,
Hostility,j_f_mabup_03in_r,,,,,,,,,
a,j_ago,-0.001,,,,,-6.733,,,
a,j_f_face,,,,,,,,,
a,j_f_ago,,0.001,,,,6.733,,,
a,j_f_bero_01,,,,,,,,,
a,j_f_bero_02,,,,,,,,,
a,j_f_bero_03,,,,,,,,,
a,j_f_dago,,,,,,,,,
a,j_f_dlip_01_l,-0.003,-0.001,,-1.753,-0.933,-0.421,,,
a,j_f_dlip_02_l,,-0.001,,,0.87,,,,
a,j_f_dlip_01_r,-0.003,-0.001,,1.753,0.933,-0.421,,,
a,j_f_dlip_02_r,,-0.001,,,-0.87,,,,
a,j_f_dmlip_01_l,-0.002,,0.002,1.216,0.458,-0.347,,,
a,j_f_dmlip_02_l,,,,,,,,,
a,j_f_dmlip_01_r,-0.002,,-0.002,-1.216,-0.458,-0.347,,,
a,j_f_dmlip_02_r,,,,,,,,,
a,j_f_hagukidn,,,,,,,,,
a,j_f_dmemoto_l,,,,0.451,0.035,1.046,,,
a,j_f_dmemoto_r,,0.001,,-0.537,-0.034,1.161,,,
a,j_f_dslip_l,,-0.005,0.004,4.755,15.072,1.222,,,
a,j_f_dslip_r,,-0.005,-0.004,-4.755,-15.072,1.222,,,
a,j_f_eyeprm_01_l,-0.002,0.005,,,,,,,
a,j_f_eyeprm_02_l,,,,,,,,,
a,j_f_irisprm_l,,,,,,,,,
a,j_f_noanim_eyesize_l,,,,,,,,,
a,j_f_eyeprm_01_r,-0.002,0.005,,,,,,,
a,j_f_eyeprm_02_r,,,,,,,,,
a,j_f_irisprm_r,,,,,,,,,
a,j_f_noanim_eyesize_r,,,,,,,,,
a,j_f_eyeprmroll_l,,,,0.032,1.709,-8.479,,,
a,j_f_eyeprmroll_r,,,,-0.032,-1.709,-8.479,,,
a,j_f_hagukiup,,,,,,,,,
a,j_f_hana_l,0.001,,,-0.063,1.979,0.949,,,
a,j_f_hana_r,0.001,,,0.063,-1.979,0.949,,,
a,j_f_ulip_01_l,0.001,-0.001,,-0.842,0.195,-1.742,,,
a,j_f_ulip_02_l,,,,0.475,-1.463,-0.006,,,
a,j_f_ulip_01_r,0.001,-0.001,,0.842,-0.195,-1.742,,,
a,j_f_ulip_02_r,,,,-0.475,1.463,-0.006,,,
a,j_f_umlip_01_l,0.002,,0.002,3.363,1.494,-1.015,,,
a,j_f_umlip_02_l,,,,0.475,-0.475,-0.002,,,
a,j_f_umlip_01_r,0.002,,-0.002,-3.363,-1.494,-1.015,,,
a,j_f_umlip_02_r,,,,-0.475,0.475,-0.002,,,
a,j_f_uslip_l,,-0.004,0.003,4.2,14.628,-1.183,,,
a,j_f_uslip_r,,-0.004,-0.003,-4.2,-14.628,-1.183,,,
a 2,j_ago,-0.001,,,,,-6.733,,,
a 2,j_f_face,,,,,,,,,
a 2,j_f_ago,,0.001,,,,8.733,,,
a 2,j_f_bero_01,,,,,,,,,
a 2,j_f_bero_02,,,,,,,,,
a 2,j_f_bero_03,,,,,,,,,
a 2,j_f_dago,,,,,,,,,
a 2,j_f_dlip_01_l,-0.003,-0.001,,-1.753,-0.933,-0.421,,,
a 2,j_f_dlip_02_l,,-0.001,,,0.87,,,,
a 2,j_f_dlip_01_r,-0.003,-0.001,,1.753,0.933,-0.421,,,
a 2,j_f_dlip_02_r,,-0.001,,,-0.87,,,,
a 2,j_f_dmlip_01_l,-0.002,,0.002,1.216,0.458,-0.347,,,
a 2,j_f_dmlip_02_l,,,,,,,,,
a 2,j_f_dmlip_01_r,-0.002,,-0.002,-1.216,-0.458,-0.347,,,
a 2,j_f_dmlip_02_r,,,,,,,,,
a 2,j_f_hagukidn,,,,,,,,,
a 2,j_f_dmemoto_l,,,,0.451,0.035,1.046,,,
a 2,j_f_dmemoto_r,,0.001,,-0.537,-0.034,1.161,,,
a 2,j_f_dslip_l,,-0.005,0.004,4.755,15.072,1.222,,,
a 2,j_f_dslip_r,,-0.005,-0.004,-4.755,-15.072,1.222,,,
a 2,j_f_eyeprm_01_l,-0.002,0.005,,,,,,,
a 2,j_f_eyeprm_02_l,,,,,,,,,
a 2,j_f_irisprm_l,,,,,,,,,
a 2,j_f_noanim_eyesize_l,,,,,,,,,
a 2,j_f_eyeprm_01_r,-0.002,0.005,,,,,,,
a 2,j_f_eyeprm_02_r,,,,,,,,,
a 2,j_f_irisprm_r,,,,,,,,,
a 2,j_f_noanim_eyesize_r,,,,,,,,,
a 2,j_f_eyeprmroll_l,,,,0.032,1.709,-8.479,,,
a 2,j_f_eyeprmroll_r,,,,-0.032,-1.709,-8.479,,,
a 2,j_f_hagukiup,,,,,,,,,
a 2,j_f_hana_l,0.001,,,-0.063,1.979,0.949,,,
a 2,j_f_hana_r,0.001,,,0.063,-1.979,0.949,,,
a 2,j_f_ulip_01_l,0.001,-0.001,,-0.842,0.195,-1.742,,,
a 2,j_f_ulip_02_l,,,,0.475,-1.463,-0.006,,,
a 2,j_f_ulip_01_r,0.001,-0.001,,0.842,-0.195,-1.742,,,
a 2,j_f_ulip_02_r,,,,-0.475,1.463,-0.006,,,
a 2,j_f_umlip_01_l,0.002,,0.002,3.363,1.494,-1.015,,,
a 2,j_f_umlip_02_l,,,,0.475,-0.475,-0.002,,,
a 2,j_f_umlip_01_r,0.002,,-0.002,-3.363,-1.494,-1.015,,,
a 2,j_f_umlip_02_r,,,,-0.475,0.475,-0.002,,,
a 2,j_f_uslip_l,,-0.004,0.003,4.2,14.628,-1.183,,,
a 2,j_f_uslip_r,,-0.004,-0.003,-4.2,-14.628,-1.183,,,
e,j_ago,-0.001,,,,,-7.526,,,
e,j_f_face,,,,,,,,,
e,j_f_ago,,0.001,,,,7.526,,,
e,j_f_bero_01,,,,,,,,,
e,j_f_bero_02,,,,,,,,,
e,j_f_bero_03,,,,,,,,,
e,j_f_dago,,,,,,,,,
e,j_f_dlip_01_l,-0.001,,,-1.336,-1.019,0.447,,,
e,j_f_dlip_02_l,,,,,0.317,,,,
e,j_f_dlip_01_r,-0.001,,,1.336,1.019,0.447,,,
e,j_f_dlip_02_r,,,,,-0.317,,,,
e,j_f_dmlip_01_l,-0.001,,-0.001,0.142,-0.666,0.232,,,
e,j_f_dmlip_02_l,,,,,,,,,
e,j_f_dmlip_01_r,-0.001,,0.001,-0.142,0.666,0.232,,,
e,j_f_dmlip_02_r,,,,,,,,,
e,j_f_hagukidn,,,,,,,,,
e,j_f_dmemoto_l,,,,,,,,,
e,j_f_dmemoto_r,,,,,,,,,
e,j_f_dslip_l,-0.004,-0.003,0.001,1.346,1.434,0.002,,,
e,j_f_dslip_r,-0.004,-0.003,-0.001,-1.346,-1.434,0.002,,,
e,j_f_eyeprm_01_l,,,,,,,,,
e,j_f_eyeprm_02_l,,,,,,,,,
e,j_f_irisprm_l,,,,,,,,,
e,j_f_noanim_eyesize_l,,,,,,,,,
e,j_f_eyeprm_01_r,,,,,,,,,
e,j_f_eyeprm_02_r,,,,,,,,,
e,j_f_irisprm_r,,,,,,,,,
e,j_f_noanim_eyesize_r,,,,,,,,,
e,j_f_eyeprmroll_l,,,,,,,,,
e,j_f_eyeprmroll_r,,,,,,,,,
e,j_f_hagukiup,,,,,,,,,
e,j_f_hana_l,,,,-0.001,-0.198,0.317,,,
e,j_f_hana_r,,,,0.001,0.198,0.317,,,
e,j_f_ulip_01_l,0.001,,,-0.288,0.266,-0.475,,,
e,j_f_ulip_02_l,,,,0.079,-0.593,,,,
e,j_f_ulip_01_r,0.001,,,0.288,-0.266,-0.475,,,
e,j_f_ulip_02_r,,,,-0.079,0.593,,,,
e,j_f_umlip_01_l,,,0.001,1.902,-2.888,-0.249,,,
e,j_f_umlip_02_l,,,,0.079,-0.079,,,,
e,j_f_umlip_01_r,,,-0.001,-1.902,2.888,-0.249,,,
e,j_f_umlip_02_r,,,,-0.079,0.079,,,,
e,j_f_uslip_l,-0.004,-0.003,0.001,1.356,-6.317,-0.15,,,
e,j_f_uslip_r,-0.004,-0.003,-0.001,-1.356,6.317,-0.15,,,
i,j_ago,,,,,,-0.04,,,
i,j_f_face,,,,,,,,,
i,j_f_ago,,,,,,0.04,,,
i,j_f_bero_01,,,,,,,,,
i,j_f_bero_02,,,,,,,,,
i,j_f_bero_03,,,,,,,,,
i,j_f_dago,0.001,,,,,,,,
i,j_f_dlip_01_l,-0.003,,,-0.538,0.007,-0.396,,,
i,j_f_dlip_02_l,,,,-0.006,0.435,-1.622,,,
i,j_f_dlip_01_r,-0.003,,,0.538,-0.007,-0.396,,,
i,j_f_dlip_02_r,,,,0.006,-0.435,-1.622,,,
i,j_f_dmlip_01_l,-0.003,,0.001,1.566,-0.197,0.263,,,
i,j_f_dmlip_02_l,,,,,,-1.622,,,
i,j_f_dmlip_01_r,-0.003,,-0.001,-1.567,0.197,0.263,,,
i,j_f_dmlip_02_r,,,,,,-1.622,,,
i,j_f_hagukidn,,,,,,,,,
i,j_f_dhoho_l,0.001,,,0.03,0.003,-2.141,,,
i,j_f_dhoho_r,0.001,,,-0.03,-0.003,-2.141,,,
i,j_f_dmemoto_l,,0.001,,0.158,-0.16,1.537,,,
i,j_f_dmemoto_r,,0.001,,-0.162,0.161,1.616,,,
i,j_f_dslip_l,0.002,-0.002,0.004,4.052,18.083,1.276,,,
i,j_f_dslip_r,0.002,-0.002,-0.004,-4.052,-18.083,1.276,,,
i,j_f_eyeprm_01_l,-0.001,0.001,,,,,,,
i,j_f_eyeprm_02_l,,,,,,,,,
i,j_f_irisprm_l,,,,,,,,,
i,j_f_noanim_eyesize_l,,,,,,,,,
i,j_f_eyeprm_01_r,-0.001,0.001,,,,,,,
i,j_f_eyeprm_02_r,,,,,,,,,
i,j_f_irisprm_r,,,,,,,,,
i,j_f_noanim_eyesize_r,,,,,,,,,
i,j_f_eyeprmroll_l,,,,0.041,-0.038,-4.513,,,
i,j_f_eyeprmroll_r,,,,-0.041,0.038,-4.513,,,
i,j_f_hagukiup,,,,,,,,,
i,j_f_hana_l,0.001,,,0.166,1.543,0.556,,,
i,j_f_hana_r,0.001,,,-0.166,-1.543,0.556,,,
i,j_f_shoho_l,0.002,-0.001,0.002,0.375,2.314,2.253,,,
i,j_f_shoho_r,0.002,-0.001,-0.002,-0.375,-2.314,2.253,,,
i,j_f_ulip_01_l,0.001,,,-0.554,-0.019,0.119,,,
i,j_f_ulip_02_l,,,,0.002,-1.028,-0.277,,,
i,j_f_ulip_01_r,0.001,,,0.554,0.019,0.119,,,
i,j_f_ulip_02_r,,,,-0.002,1.028,-0.277,,,
i,j_f_umlip_01_l,0.002,,,1.763,0.558,-0.087,,,
i,j_f_umlip_02_l,,,,,,-0.277,,,
i,j_f_umlip_01_r,0.002,,,-1.763,-0.558,-0.087,,,
i,j_f_umlip_02_r,,,,,,-0.277,,,
i,j_f_uslip_l,0.003,-0.001,0.003,3.593,16.653,-0.879,,,
i,j_f_uslip_r,0.003,-0.001,-0.003,-3.593,-16.653,-0.879,,,
o,j_ago,-0.001,0.001,,,,-14.088,,,
o,j_f_face,,,,,,,,,
o,j_f_ago,-0.001,0.003,,,,12.088,,,
o,j_f_bero_01,,,,,,,,,
o,j_f_bero_02,,,,,,,,,
o,j_f_bero_03,,,,,,,,,
o,j_f_dago,,,,,,,,,
o,j_f_dlip_01_l,-0.002,-0.001,,-2.592,-1.808,-1.543,,,
o,j_f_dlip_02_l,,,,,0.791,,,,
o,j_f_dlip_01_r,-0.002,-0.001,,2.592,1.808,-1.543,,,
o,j_f_dlip_02_r,,,,,-0.791,,,,
o,j_f_dmlip_01_l,-0.001,-0.002,-0.002,0.707,-4.946,-0.832,,,
o,j_f_dmlip_02_l,,,,,,,,,
o,j_f_dmlip_01_r,-0.001,-0.002,0.002,-0.707,4.946,-0.832,,,
o,j_f_dmlip_02_r,,,,,,,,,
o,j_f_hagukidn,,,,,,,,,
o,j_f_dmemoto_l,,,,-0.292,-0.317,-0.301,,,
o,j_f_dmemoto_r,,,,0.292,0.317,-0.301,,,
o,j_f_dslip_l,-0.006,-0.006,-0.006,4.766,10.207,0.844,,,
o,j_f_dslip_r,-0.006,-0.006,0.006,-4.766,-10.207,0.844,,,
o,j_f_eyeprm_01_l,,-0.002,,,,,,,
o,j_f_eyeprm_02_l,,,,,,,,,
o,j_f_irisprm_l,,,,,,,,,
o,j_f_noanim_eyesize_l,,,,,,,,,
o,j_f_eyeprm_01_r,,-0.002,,,,,,,
o,j_f_eyeprm_02_r,,,,,,,,,
o,j_f_irisprm_r,,,,,,,,,
o,j_f_noanim_eyesize_r,,,,,,,,,
o,j_f_eyeprmroll_l,,,,-0.116,-0.476,-0.712,,,
o,j_f_eyeprmroll_r,,,,0.116,0.476,-0.712,,,
o,j_f_hagukiup,,,,,,,,,
o,j_f_hana_l,,,,0.315,-1.188,0.115,,,
o,j_f_hana_r,,,,-0.315,1.188,0.115,,,
o,j_f_ulip_01_l,0.001,,,-0.765,0.741,-3.884,,,
o,j_f_ulip_02_l,,,,0.99,-1.266,-0.011,,,
o,j_f_ulip_01_r,0.001,,,0.765,-0.741,-3.884,,,
o,j_f_ulip_02_r,,,,-0.99,1.266,-0.011,,,
o,j_f_umlip_01_l,-0.001,-0.002,-0.001,4.641,-1.174,-1.365,,,
o,j_f_umlip_02_l,,,,0.988,-0.987,-0.009,,,
o,j_f_umlip_01_r,-0.001,-0.002,0.001,-4.641,1.174,-1.365,,,
o,j_f_umlip_02_r,,,,-0.988,0.987,-0.009,,,
o,j_f_uslip_l,-0.007,-0.006,-0.006,4.888,-15.263,-1.294,,,
o,j_f_uslip_r,-0.007,-0.006,0.006,-4.888,15.263,-1.294,,,
u,j_ago,,,,,,-5.306,,,
u,j_f_face,,,,,,,,,
u,j_f_ago,,0.001,,,,5.306,,,
u,j_f_bero_01,,,,,,,,,
u,j_f_bero_02,,,,,,,,,
u,j_f_bero_03,,,,,,,,,
u,j_f_dago,,,,,,,,,
u,j_f_dlip_01_l,-0.001,,,-0.695,-0.682,1.904,,,
u,j_f_dlip_02_l,,,,0.003,0.316,0.988,,,
u,j_f_dlip_01_r,-0.001,,,0.695,0.682,1.904,,,
u,j_f_dlip_02_r,,,,-0.003,-0.316,0.988,,,
u,j_f_dmlip_01_l,-0.001,-0.001,-0.004,-0.901,-0.326,1.256,,,
u,j_f_dmlip_02_l,,,,0.005,0.554,1.068,,,
u,j_f_dmlip_01_r,-0.001,-0.001,0.004,0.901,0.326,1.255,,,
u,j_f_dmlip_02_r,,,,-0.005,-0.554,1.068,,,
u,j_f_hagukidn,,,,,,,,,
u,j_f_dmemoto_l,,,,,,,,,
u,j_f_dmemoto_r,,,,,,,,,
u,j_f_dslip_l,-0.002,-0.003,-0.006,-0.079,1.434,-0.016,,,
u,j_f_dslip_r,-0.002,-0.003,0.006,0.079,-1.434,-0.016,,,
u,j_f_eyeprm_01_l,,,,,,,,,
u,j_f_eyeprm_02_l,,,,,,,,,
u,j_f_irisprm_l,,,,,,,,,
u,j_f_noanim_eyesize_l,,,,,,,,,
u,j_f_eyeprm_01_r,,,,,,,,,
u,j_f_eyeprm_02_r,,,,,,,,,
u,j_f_irisprm_r,,,,,,,,,
u,j_f_noanim_eyesize_r,,,,,,,,,
u,j_f_eyeprmroll_l,,,,,,,,,
u,j_f_eyeprmroll_r,,,,,,,,,
u,j_f_hagukiup,,,,,,,,,
u,j_f_hana_l,,,,,,0.317,,,
u,j_f_hana_r,,,,,,0.317,,,
u,j_f_ulip_01_l,0.001,,,-0.007,0.119,-2.652,,,
u,j_f_ulip_02_l,,,,0.484,-0.587,-1.705,,,
u,j_f_ulip_01_r,0.001,,,0.007,-0.119,-2.652,,,
u,j_f_ulip_02_r,,,,-0.484,0.587,-1.705,,,
u,j_f_umlip_01_l,,-0.001,-0.003,-0.025,-1.553,-1.183,,,
u,j_f_umlip_02_l,,0.001,,0.492,-1.061,-1.786,,,
u,j_f_umlip_01_r,,-0.001,0.003,0.025,1.553,-1.183,,,
u,j_f_umlip_02_r,,0.001,,-0.492,1.061,-1.786,,,
u,j_f_uslip_l,-0.004,-0.003,-0.006,-0.119,-2.052,0.019,,,
u,j_f_uslip_r,-0.004,-0.003,0.006,0.119,2.052,0.019,,,
n,j_f_dlip_01_l,0.001,,,,,,,,
n,j_f_dlip_01_r,0.001,,,,,,,,
n,j_f_dslip_l,-0.001,,,,,,,,
n,j_f_dslip_r,-0.001,,,,,,,,
n,j_f_ulip_01_l,,,,,,,,,
n,j_f_ulip_01_r,,,,,,,,,
n,j_f_uslip_l,-0.001,,,,,,,,
n,j_f_uslip_r,-0.001,,,,,,,,
Mouse_1,j_ago,-0.001,0.001,,,,-14.088,,,
Mouse_1,j_f_face,,,,,,,,,
Mouse_1,j_f_ago,-0.001,0.003,,,,12.785,,,
Mouse_1,j_f_bero_01,,,,,,,,,
Mouse_1,j_f_bero_02,,,,,,,,,
Mouse_1,j_f_bero_03,,,,,,,,,
Mouse_1,j_f_dago,,,,,,,,,
Mouse_1,j_f_dlip_01_l,-0.001,-0.001,,-2.592,-1.808,-1.543,,,
Mouse_1,j_f_dlip_02_l,,,,,0.791,,,,
Mouse_1,j_f_dlip_01_r,-0.001,-0.001,,2.592,1.808,-1.543,,,
Mouse_1,j_f_dlip_02_r,,,,,-0.791,,,,
Mouse_1,j_f_dmlip_01_l,-0.001,-0.001,,0.707,-4.946,-0.832,,,
Mouse_1,j_f_dmlip_02_l,,,,,,,,,
Mouse_1,j_f_dmlip_01_r,-0.001,-0.001,,-0.707,4.946,-0.832,,,
Mouse_1,j_f_dmlip_02_r,,,,,,,,,
Mouse_1,j_f_hagukidn,,,,,,,,,
Mouse_1,j_f_dhoho_l,-0.001,-0.001,-0.001,-0.003,-0.007,-1.967,,,
Mouse_1,j_f_dhoho_r,-0.001,-0.001,0.001,0.003,0.007,-1.967,,,
Mouse_1,j_f_dmemoto_l,,,,-0.292,-0.317,-0.301,,,
Mouse_1,j_f_dmemoto_r,,,,0.292,0.317,-0.301,,,
Mouse_1,j_f_dslip_l,-0.01,-0.007,0.001,4.766,10.207,0.844,,,
Mouse_1,j_f_dslip_r,-0.01,-0.007,-0.001,-4.766,-10.207,0.844,,,
Mouse_1,j_f_eyeprm_01_l,,-0.002,,,,,,,
Mouse_1,j_f_eyeprm_02_l,,,,,,,,,
Mouse_1,j_f_irisprm_l,,,,,,,,,
Mouse_1,j_f_noanim_eyesize_l,,,,,,,,,
Mouse_1,j_f_eyeprm_01_r,,-0.002,,,,,,,
Mouse_1,j_f_eyeprm_02_r,,,,,,,,,
Mouse_1,j_f_irisprm_r,,,,,,,,,
Mouse_1,j_f_noanim_eyesize_r,,,,,,,,,
Mouse_1,j_f_eyeprmroll_l,,,,-0.116,-0.476,-0.712,,,
Mouse_1,j_f_eyeprmroll_r,,,,0.116,0.476,-0.712,,,
Mouse_1,j_f_hagukiup,,,,,,,,,
Mouse_1,j_f_hana_l,,,,0.315,-1.188,0.115,,,
Mouse_1,j_f_hana_r,,,,-0.315,1.188,0.115,,,
Mouse_1,j_f_shoho_l,-0.004,-0.002,0.002,1.283,2.448,0.369,,,
Mouse_1,j_f_shoho_r,-0.004,-0.002,-0.002,-1.283,-2.448,0.369,,,
Mouse_1,j_f_ulip_01_l,0.002,,,-0.765,0.741,-3.885,,,
Mouse_1,j_f_ulip_02_l,,,,0.99,-1.266,-0.011,,,
Mouse_1,j_f_ulip_01_r,0.002,,,0.765,-0.741,-3.885,,,
Mouse_1,j_f_ulip_02_r,,,,-0.99,1.266,-0.011,,,
Mouse_1,j_f_umlip_01_l,-0.003,-0.001,,4.641,-1.174,-1.365,,,
Mouse_1,j_f_umlip_02_l,,,,0.989,-0.989,-0.009,,,
Mouse_1,j_f_umlip_01_r,-0.003,-0.001,,-4.641,1.174,-1.365,,,
Mouse_1,j_f_umlip_02_r,,,,-0.989,0.989,-0.009,,,
Mouse_1,j_f_uslip_l,-0.011,-0.007,0.001,4.888,-15.263,-1.294,,,
Mouse_1,j_f_uslip_r,-0.011,-0.007,-0.001,-4.888,15.263,-1.294,,,
Mouse_2,j_f_dmlip_01_l,-0.002,0.001,-0.001,,,,,,
Mouse_2,j_f_dmlip_01_r,-0.002,0.001,0.001,,,,,,
Mouse_2,j_f_dslip_l,-0.007,,,,,,,,
Mouse_2,j_f_dslip_r,-0.007,,,,,,,,
Mouse_2,j_f_umlip_01_l,-0.002,,,,,,,,
Mouse_2,j_f_umlip_01_r,-0.002,,,,,,,,
Mouse_2,j_f_uslip_l,-0.007,,,,,,,,
Mouse_2,j_f_uslip_r,-0.007,,,,,,,,
Square,j_ago,-0.001,0.001,,,,-14.088,,,
Square,j_f_face,,,,,,,,,
Square,j_f_ago,-0.001,0.003,,,,14.088,,,
Square,j_f_bero_01,,,,,,,,,
Square,j_f_bero_02,,,,,,,,,
Square,j_f_bero_03,,,,,,,,,
Square,j_f_dago,,,,,,,,,
Square,j_f_dlip_01_l,-0.002,,,-2.592,-1.808,-1.543,,,
Square,j_f_dlip_02_l,,,,,0.791,,,,
Square,j_f_dlip_01_r,-0.002,,,2.592,1.808,-1.543,,,
Square,j_f_dlip_02_r,,,,,-0.791,,,,
Square,j_f_dmlip_01_l,-0.002,-0.001,-0.001,0.707,-4.946,-0.832,,,
Square,j_f_dmlip_02_l,,,,,,,,,
Square,j_f_dmlip_01_r,-0.002,-0.001,0.001,-0.707,4.946,-0.832,,,
Square,j_f_dmlip_02_r,,,,,,,,,
Square,j_f_hagukidn,,,,,,,,,
Square,j_f_dhoho_l,-0.001,-0.001,-0.001,-0.003,-0.007,-1.967,,,
Square,j_f_dhoho_r,-0.001,-0.001,0.001,0.003,0.007,-1.967,,,
Square,j_f_dmemoto_l,,,,-0.292,-0.317,-0.301,,,
Square,j_f_dmemoto_r,,,,0.292,0.317,-0.301,,,
Square,j_f_dslip_l,-0.006,-0.007,0.001,4.766,10.207,0.844,,,
Square,j_f_dslip_r,-0.006,-0.007,-0.001,-4.766,-10.207,0.844,,,
Square,j_f_eyeprm_01_l,,-0.002,,,,,,,
Square,j_f_eyeprm_02_l,,,,,,,,,
Square,j_f_irisprm_l,,,,,,,,,
Square,j_f_noanim_eyesize_l,,,,,,,,,
Square,j_f_eyeprm_01_r,,-0.002,,,,,,,
Square,j_f_eyeprm_02_r,,,,,,,,,
Square,j_f_irisprm_r,,,,,,,,,
Square,j_f_noanim_eyesize_r,,,,,,,,,
Square,j_f_eyeprmroll_l,,,,-0.116,-0.476,-0.712,,,
Square,j_f_eyeprmroll_r,,,,0.116,0.476,-0.712,,,
Square,j_f_hagukiup,,,,,,,,,
Square,j_f_hana_l,,,,0.315,-1.188,0.115,,,
Square,j_f_hana_r,,,,-0.315,1.188,0.115,,,
Square,j_f_shoho_l,-0.004,-0.002,0.002,1.283,2.448,0.369,,,
Square,j_f_shoho_r,-0.004,-0.002,-0.002,-1.283,-2.448,0.369,,,
Square,j_f_ulip_01_l,0.002,,,-0.765,0.741,-3.885,,,
Square,j_f_ulip_02_l,,,,0.99,-1.266,-0.011,,,
Square,j_f_ulip_01_r,0.002,,,0.765,-0.741,-3.885,,,
Square,j_f_ulip_02_r,,,,-0.99,1.266,-0.011,,,
Square,j_f_umlip_01_l,,-0.001,,4.641,-1.174,-1.365,,,
Square,j_f_umlip_02_l,,,,0.99,-0.989,-0.009,,,
Square,j_f_umlip_01_r,,-0.001,,-4.641,1.174,-1.365,,,
Square,j_f_umlip_02_r,,,,-0.99,0.989,-0.009,,,
Square,j_f_uslip_l,-0.007,-0.007,0.001,4.888,-15.263,-1.294,,,
Square,j_f_uslip_r,-0.007,-0.007,-0.001,-4.888,15.263,-1.294,,,
Wa,j_ago,-0.001,,,,,-6.733,,,
Wa,j_f_face,,,,,,,,,
Wa,j_f_ago,,0.001,,,,10.733,,,
Wa,j_f_bero_01,,,,,,,,,
Wa,j_f_bero_02,,,,,,,,,
Wa,j_f_bero_03,,,,,,,,,
Wa,j_f_dago,,,,,,,,,
Wa,j_f_dlip_01_l,-0.003,-0.001,,-1.754,-0.933,-0.421,,,
Wa,j_f_dlip_02_l,,-0.001,,,0.87,,,,
Wa,j_f_dlip_01_r,-0.003,-0.001,,1.754,0.933,-0.421,,,
Wa,j_f_dlip_02_r,,-0.001,,,-0.87,,,,
Wa,j_f_dmlip_01_l,-0.002,,0.002,1.216,0.458,-0.347,,,
Wa,j_f_dmlip_02_l,,,,,,,,,
Wa,j_f_dmlip_01_r,-0.002,,-0.002,-1.216,-0.458,-0.347,,,
Wa,j_f_dmlip_02_r,,,,,,,,,
Wa,j_f_hagukidn,,,,,,,,,
Wa,j_f_dmemoto_l,,,,0.451,0.035,1.046,,,
Wa,j_f_dmemoto_r,,0.001,,-0.537,-0.034,1.161,,,
Wa,j_f_dslip_l,0.001,-0.003,0.007,4.755,15.072,1.222,,,
Wa,j_f_dslip_r,0.001,-0.003,-0.007,-4.755,-15.072,1.222,,,
Wa,j_f_eyeprm_01_l,-0.002,0.005,,,,,,,
Wa,j_f_eyeprm_02_l,,,,,,,,,
Wa,j_f_irisprm_l,,,,,,,,,
Wa,j_f_noanim_eyesize_l,,,,,,,,,
Wa,j_f_eyeprm_01_r,-0.002,0.005,,,,,,,
Wa,j_f_eyeprm_02_r,,,,,,,,,
Wa,j_f_irisprm_r,,,,,,,,,
Wa,j_f_noanim_eyesize_r,,,,,,,,,
Wa,j_f_eyeprmroll_l,,,,0.032,1.709,-8.479,,,
Wa,j_f_eyeprmroll_r,,,,-0.032,-1.709,-8.479,,,
Wa,j_f_hagukiup,,,,,,,,,
Wa,j_f_hana_l,0.001,,,-0.063,1.979,0.949,,,
Wa,j_f_hana_r,0.001,,,0.063,-1.979,0.949,,,
Wa,j_f_ulip_01_l,0.002,-0.001,,-0.842,0.195,-1.742,,,
Wa,j_f_ulip_02_l,,,,0.475,-1.463,-0.006,,,
Wa,j_f_ulip_01_r,0.002,-0.001,,0.842,-0.195,-1.742,,,
Wa,j_f_ulip_02_r,,,,-0.475,1.463,-0.006,,,
Wa,j_f_umlip_01_l,0.003,,0.001,3.363,1.494,-1.015,,,
Wa,j_f_umlip_02_l,,,,0.475,-0.475,-0.002,,,
Wa,j_f_umlip_01_r,0.003,,-0.001,-3.363,-1.494,-1.015,,,
Wa,j_f_umlip_02_r,,,,-0.475,0.475,-0.002,,,
Wa,j_f_uslip_l,0.001,-0.002,0.005,4.2,14.628,-1.183,,,
Wa,j_f_uslip_r,0.001,-0.002,-0.005,-4.2,-14.628,-1.183,,,
Omega,j_f_dmlip_01_l,0.001,,,,,,,,
Omega,j_f_dmlip_01_r,0.001,,,,,,,,
Omega,j_f_dslip_l,0.002,,,,,,,,
Omega,j_f_dslip_r,0.002,,,,,,,,
Omega,j_f_ulip_01_l,-0.001,,,,,,,,
Omega,j_f_ulip_01_r,-0.001,,,,,,,,
Omega,j_f_uslip_l,0.002,,,,,,,,
Omega,j_f_uslip_r,0.002,,,,,,,,
Niyari,j_ago,,,,,,-0.04,,,
Niyari,j_f_face,,,,,,,,,
Niyari,j_f_ago,,-0.001,,,,0.04,,,
Niyari,j_f_bero_01,,,,,,,,,
Niyari,j_f_bero_02,,,,,,,,,
Niyari,j_f_bero_03,,,,,,,,,
Niyari,j_f_dago,,,,,,,,,
Niyari,j_f_dlip_01_l,0.001,,,-0.663,0.004,-0.632,,,
Niyari,j_f_dlip_02_l,,,,,0.673,,,,
Niyari,j_f_dlip_01_r,0.001,,,0.663,-0.004,-0.632,,,
Niyari,j_f_dlip_02_r,,,,,-0.673,,,,
Niyari,j_f_dmlip_01_l,0.002,,0.002,2.291,1.75,-0.58,,,
Niyari,j_f_dmlip_02_l,,,,,,,,,
Niyari,j_f_dmlip_01_r,0.002,,-0.002,-2.291,-1.75,-0.58,,,
Niyari,j_f_dmlip_02_r,,,,,,,,,
Niyari,j_f_hagukidn,,,,,,,,,
Niyari,j_f_dhoho_l,0.001,0.001,,0.004,0.022,-2.65,,,
Niyari,j_f_dhoho_r,0.001,0.001,,-0.004,-0.022,-2.65,,,
Niyari,j_f_dmemoto_l,0.001,,,-0.814,0.843,1.623,,,
Niyari,j_f_dmemoto_r,0.001,,,0.814,-0.843,1.623,,,
Niyari,j_f_dslip_l,0.004,-0.001,0.005,4.981,11.297,-0.325,,,
Niyari,j_f_dslip_r,0.004,-0.001,-0.005,-4.981,-11.297,-0.325,,,
Niyari,j_f_eyeprm_01_l,,0.02,,,,,,,
Niyari,j_f_eyeprm_02_l,0.001,,0.001,,,,,,
Niyari,j_f_irisprm_l,,,,,,,,,
Niyari,j_f_noanim_eyesize_l,,,,,,,,,
Niyari,j_f_eyeprm_01_r,,0.02,,,,,,,
Niyari,j_f_eyeprm_02_r,0.001,,-0.001,,,,,,
Niyari,j_f_irisprm_r,,,,,,,,,
Niyari,j_f_noanim_eyesize_r,,,,,,,,,
Niyari,j_f_eyeprmroll_l,,,,-0.97,0.98,-11.07,,,
Niyari,j_f_eyeprmroll_r,,,,0.97,-0.98,-11.07,,,
Niyari,j_f_hagukiup,,,,,,,,,
Niyari,j_f_hana_l,,,,-0.473,0.556,0.433,,,
Niyari,j_f_hana_r,,,,0.473,-0.556,0.433,,,
Niyari,j_f_hoho_l,0.001,,,0.021,0.504,-1.695,,,
Niyari,j_f_hoho_r,0.001,,,-0.021,-0.504,-1.695,,,
Niyari,j_f_shoho_l,0.002,-0.001,0.003,-0.169,2.543,1.644,,,
Niyari,j_f_shoho_r,0.002,-0.001,-0.003,0.169,-2.543,1.644,,,
Niyari,j_f_ulip_01_l,0.001,,,-0.672,-0.022,0.277,,,
Niyari,j_f_ulip_02_l,,,,,-0.673,,,,
Niyari,j_f_ulip_01_r,0.001,,,0.672,0.022,0.277,,,
Niyari,j_f_ulip_02_r,,,,,0.673,,,,
Niyari,j_f_umlip_01_l,0.001,,0.001,2.212,1.406,-0.583,,,
Niyari,j_f_umlip_02_l,,,,,,,,,
Niyari,j_f_umlip_01_r,0.001,,-0.001,-2.212,-1.406,-0.583,,,
Niyari,j_f_umlip_02_r,,,,,,,,,
Niyari,j_f_uslip_l,0.003,-0.001,0.004,5.227,15.469,0.826,,,
Niyari,j_f_uslip_r,0.003,-0.001,-0.004,-5.227,-15.469,0.826,,,
Niyari2,j_ago,,,,,,-0.04,,,
Niyari2,j_f_bero_01,,,,,,,,,
Niyari2,j_f_bero_02,,,,,,,,,
Niyari2,j_f_bero_03,,,,,,,,,
Niyari2,j_f_dago,,,,,,,,,
Niyari2,j_f_dlip_01_l,0.001,,,-0.663,0.004,-0.632,,,
Niyari2,j_f_dlip_02_l,,,,,0.673,,,,
Niyari2,j_f_dlip_01_r,,,,,,,,,
Niyari2,j_f_dmlip_01_l,0.002,,0.002,2.291,1.75,-0.58,,,
Niyari2,j_f_dmlip_02_l,,,,,,,,,
Niyari2,j_f_dmlip_01_r,0.001,,,,,,,,
Niyari2,j_f_dhoho_l,0.001,0.001,,0.004,0.022,-2.65,,,
Niyari2,j_f_dmemoto_l,0.001,,,-0.814,0.843,1.623,,,
Niyari2,j_f_dslip_l,0.006,-0.001,0.005,4.981,11.297,-0.325,,,
Niyari2,j_f_dslip_r,0.001,,,,,,,,
Niyari2,j_f_eyeprm_01_l,,0.02,,,,,,,
Niyari2,j_f_eyeprm_02_l,0.001,,0.001,,,,,,
Niyari2,j_f_irisprm_l,,,,,,,,,
Niyari2,j_f_noanim_eyesize_l,,,,,,,,,
Niyari2,j_f_eyeprm_01_r,,0.02,,,,,,,
Niyari2,j_f_eyeprm_02_r,0.001,,-0.001,,,,,,
Niyari2,j_f_irisprm_r,,,,,,,,,
Niyari2,j_f_noanim_eyesize_r,,,,,,,,,
Niyari2,j_f_eyeprmroll_l,,,,-0.97,0.98,-11.07,,,
Niyari2,j_f_hana_l,,,,-0.473,0.556,0.433,,,
Niyari2,j_f_hoho_l,0.001,,,0.021,0.504,-1.695,,,
Niyari2,j_f_shoho_l,0.002,-0.001,0.003,-0.169,2.543,1.644,,,
Niyari2,j_f_ulip_01_l,0.001,,,-0.672,-0.022,0.277,,,
Niyari2,j_f_ulip_02_l,,,,,-0.673,,,,
Niyari2,j_f_ulip_01_r,,,,,,,,,
Niyari2,j_f_umlip_01_l,0.001,,0.001,2.212,1.406,-0.583,,,
Niyari2,j_f_umlip_02_l,,,,,,,,,
Niyari2,j_f_umlip_01_r,0.001,,,,,,,,
Niyari2,j_f_uslip_l,0.005,-0.001,0.004,5.227,15.469,0.826,,,
Niyari2,j_f_uslip_r,0.001,,,,,,,,
Smile,j_ago,,,,,,-0.04,,,
Smile,j_f_face,,,,,,,,,
Smile,j_f_ago,,-0.001,,,,0.04,,,
Smile,j_f_bero_01,,,,,,,,,
Smile,j_f_bero_02,,,,,,,,,
Smile,j_f_bero_03,,,,,,,,,
Smile,j_f_dago,,,,,,,,,
Smile,j_f_dlip_01_l,0.001,,,-0.663,0.004,-0.632,,,
Smile,j_f_dlip_02_l,,,,,0.673,,,,
Smile,j_f_dlip_01_r,0.001,,,0.663,-0.004,-0.632,,,
Smile,j_f_dlip_02_r,,,,,-0.673,,,,
Smile,j_f_dmlip_01_l,0.002,,0.002,2.291,1.75,-0.58,,,
Smile,j_f_dmlip_02_l,,,,,,,,,
Smile,j_f_dmlip_01_r,0.002,,-0.002,-2.291,-1.75,-0.58,,,
Smile,j_f_dmlip_02_r,,,,,,,,,
Smile,j_f_hagukidn,,,,,,,,,
Smile,j_f_dhoho_l,0.001,0.001,,0.004,0.022,-2.65,,,
Smile,j_f_dhoho_r,0.001,0.001,,-0.004,-0.022,-2.65,,,
Smile,j_f_dmemoto_l,0.001,,,-0.814,0.843,1.623,,,
Smile,j_f_dmemoto_r,0.001,,,0.814,-0.843,1.623,,,
Smile,j_f_dslip_l,0.006,-0.001,0.005,4.981,11.297,-0.325,,,
Smile,j_f_dslip_r,0.006,-0.001,-0.005,-4.981,-11.297,-0.325,,,
Smile,j_f_eyeprm_01_l,,0.02,,,,,,,
Smile,j_f_eyeprm_02_l,0.001,,0.001,,,,,,
Smile,j_f_irisprm_l,,,,,,,,,
Smile,j_f_noanim_eyesize_l,,,,,,,,,
Smile,j_f_eyeprm_01_r,,0.02,,,,,,,
Smile,j_f_eyeprm_02_r,0.001,,-0.001,,,,,,
Smile,j_f_irisprm_r,,,,,,,,,
Smile,j_f_noanim_eyesize_r,,,,,,,,,
Smile,j_f_eyeprmroll_l,,,,-0.97,0.98,-11.07,,,
Smile,j_f_eyeprmroll_r,,,,0.97,-0.98,-11.07,,,
Smile,j_f_hagukiup,,,,,,,,,
Smile,j_f_hana_l,,,,-0.473,0.556,0.433,,,
Smile,j_f_hana_r,,,,0.473,-0.556,0.433,,,
Smile,j_f_hoho_l,0.001,,,0.021,0.504,-1.695,,,
Smile,j_f_hoho_r,0.001,,,-0.021,-0.504,-1.696,,,
Smile,j_f_shoho_l,0.002,-0.001,0.003,-0.169,2.543,1.644,,,
Smile,j_f_shoho_r,0.002,-0.001,-0.003,0.169,-2.543,1.644,,,
Smile,j_f_ulip_01_l,0.001,,,-0.672,-0.022,0.277,,,
Smile,j_f_ulip_02_l,,,,,-0.673,,,,
Smile,j_f_ulip_01_r,0.001,,,0.672,0.022,0.277,,,
Smile,j_f_ulip_02_r,,,,,0.673,,,,
Smile,j_f_umlip_01_l,0.001,,0.001,2.212,1.406,-0.583,,,
Smile,j_f_umlip_02_l,,,,,,,,,
Smile,j_f_umlip_01_r,0.001,,-0.001,-2.212,-1.406,-0.583,,,
Smile,j_f_umlip_02_r,,,,,,,,,
Smile,j_f_uslip_l,0.005,-0.001,0.004,5.227,15.469,0.826,,,
Smile,j_f_uslip_r,0.005,-0.001,-0.004,-5.227,-15.469,0.826,,,
