bone_morph,bone_name,locationX,locationY,locationZ,rotateX,rotateY,rotateZ,scaleX,scaleY,scaleZ
UP,j_f_mayu_l,0.002,0.001,,0.021,-0.903,-2.663,,,
UP,j_f_mayu_r,0.002,0.001,,-0.021,0.903,-2.663,,,
UP,j_f_miken_01_l,0.001,,,,,-0.831,,,
UP,j_f_miken_02_l,0.003,,,-0.013,1.86,-0.792,,,
UP,j_f_miken_01_r,0.001,,,,,-0.831,,,
UP,j_f_miken_02_r,0.003,,,0.013,-1.86,-0.792,,,
UP,j_f_mmayu_l,0.002,,,-0.268,1.789,-1.944,,,
UP,j_f_mmayu_r,0.002,,,0.268,-1.789,-1.944,,,
Down,j_f_mayu_l,-0.003,,,,,,,,
Down,j_f_mayu_r,-0.003,,,,,,,,
Down,j_f_miken_01_l,-0.003,,,,,,,,
Down,j_f_miken_01_r,-0.003,,,,,,,,
Down,j_f_mmayu_l,-0.003,,,,,,,,
Down,j_f_mmayu_r,-0.003,,,,,,,,
Trouble,j_f_mayu_l,,,-0.001,-1.462,1.873,0.161,,,
Trouble,j_f_mayu_r,,,0.001,1.462,-1.873,0.161,,,
Trouble,j_f_miken_01_l,,,-0.001,1.06,-0.609,1.696,,,
Trouble,j_f_miken_02_l,0.013,,0.001,0.695,-6.797,-3.016,,,
Trouble,j_f_miken_01_r,,,0.001,-1.06,0.609,1.696,,,
Trouble,j_f_miken_02_r,0.013,,-0.001,-0.695,6.797,-3.016,,,
Trouble,j_f_mmayu_l,-0.001,-0.001,,-1.688,0.823,1.987,,,
Trouble,j_f_mmayu_r,-0.001,-0.001,,1.688,-0.823,1.987,,,
Serious,j_f_mayu_l,-0.001,,-0.002,-1.716,2.696,1.123,,,
Serious,j_f_mayu_r,-0.001,,0.002,1.716,-2.696,1.123,,,
Serious,j_f_miken_01_l,,,-0.002,-1.105,-0.993,-0.347,,,
Serious,j_f_miken_02_l,-0.002,-0.001,0.001,3.468,-20.487,7.348,,,
Serious,j_f_miken_01_r,,,0.002,1.105,0.993,-0.347,,,
Serious,j_f_miken_02_r,-0.002,-0.001,-0.001,-3.468,20.487,7.348,,,
Serious,j_f_mmayu_l,-0.003,-0.001,-0.002,-4.151,8.698,3.397,,,
Serious,j_f_mmayu_r,-0.003,-0.001,0.002,4.151,-8.698,3.397,,,
Smily,j_f_mayu_l,,,,-0.024,-1.883,-0.976,,,
Smily,j_f_mayu_r,,,,0.024,1.883,-0.976,,,
Smily,j_f_miken_01_l,,,,-0.401,1.621,-0.401,,,
Smily,j_f_miken_02_l,0.003,,,-0.011,1.9,-0.673,,,
Smily,j_f_miken_01_r,,,,0.401,-1.621,-0.401,,,
Smily,j_f_miken_02_r,0.003,,,0.011,-1.9,-0.673,,,
Smily,j_f_mmayu_l,0.001,,,-0.276,-1.118,-0.076,,,
Smily,j_f_mmayu_r,0.001,,,0.276,1.118,-0.076,,,
Wink,j_f_dmiken_l,0.003,0.001,,1.028,-0.089,1.147,,,
Wink,j_f_eye_l,,,,,,,,,
Wink,j_f_eyepuru_l,,,,,,,,,
Wink,j_f_hoho_l,0.001,,,0.273,0.256,-2.261,,,
Wink,j_f_mab_l,,,,2.877,-8.722,-11.437,,,
Wink,j_f_mabdn_01_l,,,,0.864,3.09,-6.316,,,
Wink,j_f_mabdn_02out_l,,,,-3.066,-11.977,-5.334,,,
Wink,j_f_mabdn_03in_l,,,,-1.041,18.066,4.806,,,
Wink,j_f_mabup_01_l,,,,0.014,1.979,28.807,,,
Wink,j_f_mabup_02out_l,,,,-1.986,1.98,-7.047,,,
Wink,j_f_mabup_03in_l,0.001,,,0.035,13.702,5.269,,,
Wink-a,j_f_dmiken_r,0.003,0.001,,-1.028,0.089,1.147,,,
Wink-a,j_f_eye_r,,,,,,,,,
Wink-a,j_f_eyepuru_r,,,,,,,,,
Wink-a,j_f_hoho_r,0.001,,,-0.273,-0.256,-2.26,,,
Wink-a,j_f_mab_r,,,,-2.877,8.722,-11.437,,,
Wink-a,j_f_mabdn_01_r,,,,-0.864,-3.09,-6.316,,,
Wink-a,j_f_mabdn_02out_r,,,,3.066,11.977,-5.334,,,
Wink-a,j_f_mabdn_03in_r,,,,1.041,-18.066,4.806,,,
Wink-a,j_f_mabup_01_r,,,,-0.014,-1.979,28.807,,,
Wink-a,j_f_mabup_02out_r,,,,1.986,-1.98,-7.047,,,
Wink-a,j_f_mabup_03in_r,0.001,,,-0.035,-13.702,5.269,,,
Wink-b,j_f_dmiken_l,0.003,0.001,,1.028,-0.089,1.147,,,
Wink-b,j_f_eye_l,,,,,,,,,
Wink-b,j_f_eyepuru_l,,,,,,,,,
Wink-b,j_f_hoho_l,0.001,,,0.273,0.256,-2.261,,,
Wink-b,j_f_mab_l,,,,2.877,-8.722,-11.437,,,
Wink-b,j_f_mabdn_01_l,,,,0.864,3.09,-6.316,,,
Wink-b,j_f_mabdn_02out_l,,,,-3.066,-11.977,-5.334,,,
Wink-b,j_f_mabdn_03in_l,,,,-1.041,18.066,4.806,,,
Wink-b,j_f_mabup_01_l,,,,0.014,1.979,28.807,,,
Wink-b,j_f_mabup_02out_l,,,,-1.986,1.98,-7.047,,,
Wink-b,j_f_mabup_03in_l,0.001,,,0.035,13.702,5.269,,,
Wink-c,j_f_dmiken_r,0.003,0.001,,-1.028,0.089,1.147,,,
Wink-c,j_f_eye_r,,,,,,,,,
Wink-c,j_f_eyepuru_r,,,,,,,,,
Wink-c,j_f_hoho_r,0.001,,,-0.273,-0.256,-2.26,,,
Wink-c,j_f_mab_r,,,,-2.877,8.722,-11.437,,,
Wink-c,j_f_mabdn_01_r,,,,-0.864,-3.09,-6.316,,,
Wink-c,j_f_mabdn_02out_r,,,,3.066,11.977,-5.334,,,
Wink-c,j_f_mabdn_03in_r,,,,1.041,-18.066,4.806,,,
Wink-c,j_f_mabup_01_r,,,,-0.014,-1.979,28.807,,,
Wink-c,j_f_mabup_02out_r,,,,1.986,-1.98,-7.047,,,
Wink-c,j_f_mabup_03in_r,0.001,,,-0.035,-13.702,5.269,,,
Blink,j_f_eye_l,,,,,,,,,
Blink,j_f_eyepuru_l,,,,,,,,,
Blink,j_f_eye_r,,,,,,,,,
Blink,j_f_eyepuru_r,,,,,,,,,
Blink,j_f_mab_l,,,,,,,,,
Blink,j_f_mabdn_01_l,,,,1.474,1.587,-6.436,,,
Blink,j_f_mabdn_02out_l,,,,-0.023,-7.963,1.47,,,
Blink,j_f_mabdn_03in_l,,,,-0.037,-5.981,2.975,,,
Blink,j_f_mabup_01_l,,,,0.024,1.979,29.38,,,
Blink,j_f_mabup_02out_l,,,,,2.969,,,,
Blink,j_f_mabup_03in_l,0.001,0.001,,-0.024,-5.98,1.983,,,
Blink,j_f_mab_r,,,,,,,,,
Blink,j_f_mabdn_01_r,,,,-1.474,-1.587,-6.436,,,
Blink,j_f_mabdn_02out_r,,,,0.023,7.963,1.47,,,
Blink,j_f_mabdn_03in_r,,,,0.037,5.981,2.975,,,
Blink,j_f_mabup_01_r,,,,-0.024,-1.979,29.38,,,
Blink,j_f_mabup_02out_r,,,,,-2.969,,,,
Blink,j_f_mabup_03in_r,0.001,0.001,,0.024,5.98,1.983,,,
EyeSmile,j_f_dmiken_l,0.003,0.001,,1.028,-0.089,1.147,,,
EyeSmile,j_f_dmiken_r,0.003,0.001,,-1.028,0.089,1.147,,,
EyeSmile,j_f_eye_l,,,,,,,,,
EyeSmile,j_f_eyepuru_l,,,,,,,,,
EyeSmile,j_f_eye_r,,,,,,,,,
EyeSmile,j_f_eyepuru_r,,,,,,,,,
EyeSmile,j_f_hoho_l,0.001,,,0.273,0.256,-2.261,,,
EyeSmile,j_f_hoho_r,0.001,,,-0.273,-0.256,-2.26,,,
EyeSmile,j_f_mab_l,,,,2.877,-8.722,-11.437,,,
EyeSmile,j_f_mabdn_01_l,,,,0.864,3.09,-6.316,,,
EyeSmile,j_f_mabdn_02out_l,,,,-3.066,-11.977,-5.334,,,
EyeSmile,j_f_mabdn_03in_l,,,,-1.041,18.066,4.806,,,
EyeSmile,j_f_mabup_01_l,,,,0.014,1.979,28.807,,,
EyeSmile,j_f_mabup_02out_l,,,,-1.986,1.98,-7.047,,,
EyeSmile,j_f_mabup_03in_l,0.001,,,0.035,13.702,5.269,,,
EyeSmile,j_f_mab_r,,,,-2.877,8.722,-11.437,,,
EyeSmile,j_f_mabdn_01_r,,,,-0.864,-3.09,-6.316,,,
EyeSmile,j_f_mabdn_02out_r,,,,3.066,11.977,-5.334,,,
EyeSmile,j_f_mabdn_03in_r,,,,1.041,-18.066,4.806,,,
EyeSmile,j_f_mabup_01_r,,,,-0.014,-1.979,28.807,,,
EyeSmile,j_f_mabup_02out_r,,,,1.986,-1.98,-7.047,,,
EyeSmile,j_f_mabup_03in_r,0.001,,,-0.035,-13.702,5.269,,,
Ha!!!,j_f_dmiken_l,0.002,,,-0.277,,,,,
Ha!!!,j_f_dmiken_r,0.002,,,0.277,,,,,
Ha!!!,j_f_eye_l,,,,,,,,,
Ha!!!,j_f_eyepuru_l,,,,,,,,,
Ha!!!,j_f_eye_r,,,,,,,,,
Ha!!!,j_f_eyepuru_r,,,,,,,,,
Ha!!!,j_f_hoho_l,,,,-0.023,0.01,0.109,,,
Ha!!!,j_f_hoho_r,,,,0.023,-0.01,0.109,,,
Ha!!!,j_f_mab_l,,,,0.022,-1.251,-0.747,,,
Ha!!!,j_f_mabdn_01_l,,,,0.287,0.114,1.188,,,
Ha!!!,j_f_mabdn_02out_l,,,,,,,,,
Ha!!!,j_f_mabdn_03in_l,,,,-0.001,0.396,-0.396,,,
Ha!!!,j_f_mabup_01_l,,,,0.201,0.015,-3.167,,,
Ha!!!,j_f_mabup_02out_l,,,,,,,,,
Ha!!!,j_f_mabup_03in_l,,,,-0.009,0.792,-1.267,,,
Ha!!!,j_f_mab_r,,,,-0.022,1.251,-0.747,,,
Ha!!!,j_f_mabdn_01_r,,,,-0.287,-0.114,1.188,,,
Ha!!!,j_f_mabdn_02out_r,,,,,,,,,
Ha!!!,j_f_mabdn_03in_r,,,,0.001,-0.396,-0.396,,,
Ha!!!,j_f_mabup_01_r,,,,-0.201,-0.015,-3.167,,,
Ha!!!,j_f_mabup_02out_r,,,,,,,,,
Ha!!!,j_f_mabup_03in_r,,,,0.009,-0.792,-1.267,,,
Jito-eye,j_f_mabup_01_l,,,,-0.028,1.582,7.348,,,
Jito-eye,j_f_mabup_01_r,,,,0.028,-1.582,7.348,,,
Wail,j_f_dmiken_l,0.006,0.001,,-0.157,0.989,0.157,,,
Wail,j_f_dmiken_r,0.006,0.001,,0.157,-0.989,0.157,,,
Wail,j_f_eye_l,,,,,,,,,
Wail,j_f_eyepuru_l,,,,,,,,,
Wail,j_f_eye_r,,,,,,,,,
Wail,j_f_eyepuru_r,,,,,,,,,
Wail,j_f_hoho_l,,,,-0.929,0.547,1.156,,,
Wail,j_f_hoho_r,,,,0.929,-0.547,1.156,,,
Wail,j_f_mab_l,,,,-0.03,-0.313,-5.847,,,
Wail,j_f_mabdn_01_l,,,,0.434,1.555,-2.211,,,
Wail,j_f_mabdn_02out_l,,,,,,0.435,,,
Wail,j_f_mabdn_03in_l,,0.001,,-0.036,2.731,-1.505,,,
Wail,j_f_mabup_01_l,,,,-0.021,0.358,8.677,,,
Wail,j_f_mabup_02out_l,,,,,0.435,,,,
Wail,j_f_mabup_03in_l,,,,-0.404,0.562,-9.553,,,
Wail,j_f_mab_r,,,,0.03,0.313,-5.847,,,
Wail,j_f_mabdn_01_r,,,,-0.434,-1.555,-2.211,,,
Wail,j_f_mabdn_02out_r,,,,,,0.435,,,
Wail,j_f_mabdn_03in_r,,0.001,,0.036,-2.731,-1.505,,,
Wail,j_f_mabup_01_r,,,,0.021,-0.358,8.677,,,
Wail,j_f_mabup_02out_r,,,,,-0.435,,,,
Wail,j_f_mabup_03in_r,,,,0.404,-0.562,-9.553,,,
Hostility,j_f_dmiken_l,-0.001,,,3.022,3.102,8.884,,,
Hostility,j_f_dmiken_r,-0.001,,,-3.022,-3.102,8.884,,,
Hostility,j_f_eye_l,,,,,,,,,
Hostility,j_f_eyepuru_l,,,,,,,,,
Hostility,j_f_eye_r,,,,,,,,,
Hostility,j_f_eyepuru_r,,,,,,,,,
Hostility,j_f_hoho_l,,,,-0.112,-0.403,-0.792,,,
Hostility,j_f_hoho_r,,,,0.112,0.403,-0.791,,,
Hostility,j_f_mab_l,,,,-0.532,4.287,-1.89,,,
Hostility,j_f_mabdn_01_l,,,,-1.197,-2.323,-1.48,,,
Hostility,j_f_mabdn_02out_l,,,,,,,,,
Hostility,j_f_mabup_01_l,,,,-0.031,0.155,5.504,,,
Hostility,j_f_mabup_02out_l,,,,,,,,,
Hostility,j_f_mabup_03in_l,,,,,,,,,
Hostility,j_f_mab_r,,,,0.532,-4.287,-1.89,,,
Hostility,j_f_mabdn_01_r,,,,1.197,2.322,-1.48,,,
Hostility,j_f_mabdn_02out_r,,,,,,,,,
Hostility,j_f_mabdn_03in_r,,,,,,,,,
Hostility,j_f_mabup_01_r,,,,0.031,-0.155,5.504,,,
Hostility,j_f_mabup_02out_r,,,,,,,,,
Hostility,j_f_mabup_03in_r,,,,,,,,,
a,j_ago,-0.001,,,,,-9.114,,,
a,j_f_ago,,0.001,,,,8.816,,,
a,j_f_bero_01,,,,,,,,,
a,j_f_bero_02,,,,,,,,,
a,j_f_bero_03,,,,,,,,,
a,j_f_dago,,,,,,,,,
a,j_f_dlip_01_l,-0.001,,0.001,2.239,5.932,-4.524,,,
a,j_f_dlip_02_l,,-0.001,0.001,-2.588,-1.09,-2.668,,,
a,j_f_dlip_01_r,-0.001,,-0.001,-2.239,-5.932,-4.524,,,
a,j_f_dlip_02_r,,-0.001,-0.001,2.588,1.09,-2.668,,,
a,j_f_dmlip_01_l,0.002,0.003,0.003,6.979,4.729,-5.455,,,
a,j_f_dmlip_02_l,-0.001,,0.001,-0.022,-17.576,4.29,,,
a,j_f_dmlip_01_r,0.002,0.003,-0.003,-6.979,-4.729,-5.455,,,
a,j_f_dmlip_02_r,-0.001,,-0.001,0.022,17.576,4.29,,,
a,j_f_hagukidn,,,,,,,,,
a,j_f_dmemoto_l,,0.001,,0.368,1.144,0.817,,,
a,j_f_dmemoto_r,,0.001,,-0.368,-1.144,0.817,,,
a,j_f_dslip_l,0.002,-0.002,0.008,9.103,18.675,1.386,,,
a,j_f_dslip_r,0.002,-0.002,-0.008,-9.103,-18.675,1.386,,,
a,j_f_eyeprm_01_l,,0.003,,,,,,,
a,j_f_eyeprm_02_l,,,,,,,,,
a,j_f_eyeprm_01_r,,0.003,,,,,,,
a,j_f_eyeprm_02_r,,,,,,,,,
a,j_f_eyeprmroll_l,,,,-0.179,-0.328,-6.852,,,
a,j_f_eyeprmroll_r,,,,0.179,0.328,-6.852,,,
a,j_f_hagukiup,,,,,,,,,
a,j_f_hana_l,,,,0.158,1.662,0.002,,,
a,j_f_hana_r,,,,-0.158,-1.662,0.002,,,
a,j_f_ulip_01_l,,0.001,0.001,3.127,0.034,2.772,,,
a,j_f_ulip_02_l,0.001,-0.001,,3.14,-5.603,0.639,,,
a,j_f_ulip_01_r,,0.001,-0.001,-3.127,-0.034,2.772,,,
a,j_f_ulip_02_r,0.001,-0.001,,-3.14,5.603,0.639,,,
a,j_f_umlip_01_l,0.001,0.001,0.002,11.84,-0.445,2.666,,,
a,j_f_umlip_02_l,0.002,,,-0.021,6.138,-0.398,,,
a,j_f_umlip_01_r,0.001,0.001,-0.002,-11.84,0.445,2.666,,,
a,j_f_umlip_02_r,0.002,,,0.021,-6.138,-0.398,,,
a,j_f_uslip_l,,-0.001,0.007,9.991,28.919,-1.102,,,
a,j_f_uslip_r,,-0.001,-0.007,-9.991,-28.919,-1.102,,,
a 2,j_ago,-0.001,,,,,-9.114,,,
a 2,j_f_ago,,0.001,,,,10.646,,,
a 2,j_f_bero_01,,,,,,,,,
a 2,j_f_bero_02,,,,,,,,,
a 2,j_f_bero_03,,,,,,,,,
a 2,j_f_dago,,,,,,,,,
a 2,j_f_dlip_01_l,-0.001,,0.001,2.239,5.932,-4.524,,,
a 2,j_f_dlip_02_l,,-0.001,0.001,-2.588,-1.09,-2.668,,,
a 2,j_f_dlip_01_r,-0.001,,-0.001,-2.239,-5.932,-4.524,,,
a 2,j_f_dlip_02_r,,-0.001,-0.001,2.588,1.09,-2.668,,,
a 2,j_f_dmlip_01_l,0.002,0.003,0.003,6.979,4.729,-5.455,,,
a 2,j_f_dmlip_02_l,-0.001,,0.001,-0.022,-17.576,4.29,,,
a 2,j_f_dmlip_01_r,0.002,0.003,-0.003,-6.979,-4.729,-5.455,,,
a 2,j_f_dmlip_02_r,-0.001,,-0.001,0.022,17.576,4.29,,,
a 2,j_f_hagukidn,,,,,,,,,
a 2,j_f_dmemoto_l,,0.001,,0.368,1.144,0.817,,,
a 2,j_f_dmemoto_r,,0.001,,-0.368,-1.144,0.817,,,
a 2,j_f_dslip_l,0.002,-0.002,0.008,9.103,18.675,1.386,,,
a 2,j_f_dslip_r,0.002,-0.002,-0.008,-9.103,-18.675,1.386,,,
a 2,j_f_eyeprm_01_l,,0.003,,,,,,,
a 2,j_f_eyeprm_02_l,,,,,,,,,
a 2,j_f_eyeprm_01_r,,0.003,,,,,,,
a 2,j_f_eyeprm_02_r,,,,,,,,,
a 2,j_f_eyeprmroll_l,,,,-0.179,-0.328,-6.852,,,
a 2,j_f_eyeprmroll_r,,,,0.179,0.328,-6.852,,,
a 2,j_f_hagukiup,,,,,,,,,
a 2,j_f_hana_l,,,,0.158,1.662,0.002,,,
a 2,j_f_hana_r,,,,-0.158,-1.662,0.002,,,
a 2,j_f_ulip_01_l,,0.001,0.001,3.127,0.034,2.772,,,
a 2,j_f_ulip_02_l,0.001,-0.001,,3.14,-5.603,0.639,,,
a 2,j_f_ulip_01_r,,0.001,-0.001,-3.127,-0.034,2.772,,,
a 2,j_f_ulip_02_r,0.001,-0.001,,-3.14,5.603,0.639,,,
a 2,j_f_umlip_01_l,0.001,0.001,0.002,11.84,-0.445,2.666,,,
a 2,j_f_umlip_02_l,0.002,,,-0.021,6.138,-0.398,,,
a 2,j_f_umlip_01_r,0.001,0.001,-0.002,-11.84,0.445,2.666,,,
a 2,j_f_umlip_02_r,0.002,,,0.021,-6.138,-0.398,,,
a 2,j_f_uslip_l,,-0.001,0.007,9.991,28.919,-1.102,,,
a 2,j_f_uslip_r,,-0.001,-0.007,-9.991,-28.919,-1.102,,,
e,j_ago,-0.001,-0.001,,,,-6.535,,,
e,j_f_ago,,0.001,,,,6.535,,,
e,j_f_bero_01,,,,,,,,,
e,j_f_bero_02,,,,,,,,,
e,j_f_bero_03,,,,,,,,,
e,j_f_dago,,,,,,,,,
e,j_f_dlip_01_l,,,,0.426,3.313,-2.483,,,
e,j_f_dlip_02_l,,,,-0.864,-0.877,-0.864,,,
e,j_f_dlip_01_r,,,,-0.426,-3.313,-2.483,,,
e,j_f_dlip_02_r,,,,0.864,0.877,-0.864,,,
e,j_f_dmlip_01_l,0.001,0.001,0.002,2.784,1.549,-3.99,,,
e,j_f_dmlip_02_l,,,,-0.033,-10.465,0.798,,,
e,j_f_dmlip_01_r,0.001,0.001,-0.002,-2.784,-1.549,-3.99,,,
e,j_f_dmlip_02_r,,,,0.033,10.465,0.798,,,
e,j_f_hagukidn,,,,,,,,,
e,j_f_dmemoto_l,,,,,,,,,
e,j_f_dmemoto_r,,,,,,,,,
e,j_f_dslip_l,-0.001,-0.001,0.004,2.257,0.5,0.178,,,
e,j_f_dslip_r,-0.001,-0.001,-0.004,-2.257,-0.5,0.178,,,
e,j_f_eyeprm_01_l,,,,,,,,,
e,j_f_eyeprm_01_r,,,,,,,,,
e,j_f_eyeprmroll_l,,,,,,,,,
e,j_f_eyeprmroll_r,,,,,,,,,
e,j_f_hagukiup,,,,,,,,,
e,j_f_hana_l,,,,-0.237,0.119,0.237,,,
e,j_f_hana_r,,,,0.237,-0.119,0.237,,,
e,j_f_ulip_01_l,,,,0.939,-0.962,0.586,,,
e,j_f_ulip_02_l,,,,0.709,-1.149,0.309,,,
e,j_f_ulip_01_r,,,,-0.939,0.962,0.586,,,
e,j_f_ulip_02_r,,,,-0.709,1.15,0.31,,,
e,j_f_umlip_01_l,,,0.001,8.359,-1.524,-0.652,,,
e,j_f_umlip_02_l,,,0.001,0.002,0.435,0.593,,,
e,j_f_umlip_01_r,,,-0.001,-8.359,1.524,-0.652,,,
e,j_f_umlip_02_r,,,-0.001,-0.002,-0.435,0.593,,,
e,j_f_uslip_l,-0.002,-0.001,0.004,2.877,-5.826,1.115,,,
e,j_f_uslip_r,-0.002,-0.001,-0.004,-2.877,5.826,1.115,,,
i,j_ago,,,,,,,,,
i,j_f_ago,,,,,,,,,
i,j_f_bero_01,,,,,,,,,
i,j_f_bero_02,,,,,,,,,
i,j_f_bero_03,,,,,,,,,
i,j_f_dago,,0.001,,,,,,,
i,j_f_dlip_01_l,-0.003,0.001,,0.195,0.609,-0.87,,,
i,j_f_dlip_02_l,,,,-0.563,1.381,-0.758,,,
i,j_f_dlip_01_r,-0.003,0.001,,-0.195,-0.609,-0.87,,,
i,j_f_dlip_02_r,,,,0.563,-1.381,-0.758,,,
i,j_f_dmlip_01_l,-0.003,0.001,0.002,0.895,-2.02,-0.4,,,
i,j_f_dmlip_02_l,,,,,0.04,0.356,,,
i,j_f_dmlip_01_r,-0.003,0.001,-0.002,-0.895,2.02,-0.4,,,
i,j_f_dmlip_02_r,,,,,-0.04,0.356,,,
i,j_f_hagukidn,,,,,,,,,
i,j_f_dhoho_l,,,,0.35,-0.539,-0.333,,,
i,j_f_dhoho_r,,,,-0.35,0.539,-0.333,,,
i,j_f_dmemoto_l,,,,-0.66,0.757,0.903,,,
i,j_f_dmemoto_r,,,,0.66,-0.757,0.903,,,
i,j_f_dslip_l,0.003,0.001,0.004,-1.099,29.997,-2.265,,,
i,j_f_dslip_r,0.003,0.001,-0.004,1.099,-29.997,-2.265,,,
i,j_f_eyeprm_01_l,,0.001,,,,,,,
i,j_f_eyeprm_01_r,,0.001,,,,,,,
i,j_f_eyeprmroll_l,,,,-0.053,1.78,-3.405,,,
i,j_f_eyeprmroll_r,,,,0.053,-1.78,-3.405,,,
i,j_f_hagukiup,,,,,,,,,
i,j_f_hana_l,,,,-1.616,0.497,1.576,,,
i,j_f_hana_r,,,,1.616,-0.497,1.576,,,
i,j_f_shoho_l,0.001,,0.002,-1.454,0.217,1.505,,,
i,j_f_shoho_r,0.001,,-0.002,1.454,-0.217,1.505,,,
i,j_f_ulip_01_l,0.001,,,0.175,3.372,0.52,,,
i,j_f_ulip_02_l,,,,1.196,-1.378,-0.687,,,
i,j_f_ulip_01_r,0.001,,,-0.175,-3.372,0.52,,,
i,j_f_ulip_02_r,,,,-1.196,1.378,-0.687,,,
i,j_f_umlip_01_l,0.002,0.001,0.001,-0.632,-0.723,0.858,,,
i,j_f_umlip_02_l,0.002,,-0.001,-0.035,5.584,-2.34,,,
i,j_f_umlip_01_r,0.002,0.001,-0.001,0.632,0.723,0.858,,,
i,j_f_umlip_02_r,0.002,,0.001,0.035,-5.584,-2.34,,,
i,j_f_uslip_l,0.002,0.002,0.003,-5.693,37.371,-15.625,,,
i,j_f_uslip_r,0.002,0.002,-0.003,5.693,-37.371,-15.625,,,
o,j_ago,-0.001,,,,,-11.817,,,
o,j_f_ago,-0.001,0.002,,,,11.817,,,
o,j_f_bero_01,,,,,,,,,
o,j_f_bero_02,,,,,,,,,
o,j_f_bero_03,,,,,,,,,
o,j_f_dago,,,,,,,,,
o,j_f_dlip_01_l,-0.001,,,0.541,4.552,-4.02,,,
o,j_f_dlip_02_l,,,,-1.139,-0.882,-1.139,,,
o,j_f_dlip_01_r,-0.001,,,-0.541,-4.552,-4.02,,,
o,j_f_dlip_02_r,,,,1.139,0.882,-1.139,,,
o,j_f_dmlip_01_l,0.001,-0.001,,4.007,2.021,-5.078,,,
o,j_f_dmlip_02_l,-0.001,,,-0.021,-13.371,1.198,,,
o,j_f_dmlip_01_r,0.001,-0.001,,-4.007,-2.021,-5.078,,,
o,j_f_dmlip_02_r,-0.001,,,0.021,13.371,1.198,,,
o,j_f_hagukidn,,,,,,,,,
o,j_f_dmemoto_l,,,,0.464,0.473,0.493,,,
o,j_f_dmemoto_r,,,,-0.464,-0.473,0.493,,,
o,j_f_dslip_l,-0.003,-0.003,-0.001,4.642,9.311,1.39,,,
o,j_f_dslip_r,-0.003,-0.003,0.001,-4.642,-9.311,1.39,,,
o,j_f_eyeprm_01_l,,-0.002,,,,,,,
o,j_f_eyeprm_01_r,,-0.002,,,,,,,
o,j_f_eyeprmroll_l,,,,0.05,-1.384,-0.832,,,
o,j_f_eyeprmroll_r,,,,-0.05,1.384,-0.832,,,
o,j_f_hagukiup,,,,,,,,,
o,j_f_hana_l,,,,-0.711,0.321,0.711,,,
o,j_f_hana_r,,,,0.711,-0.321,0.711,,,
o,j_f_ulip_01_l,-0.001,,,1.811,-2.566,0.949,,,
o,j_f_ulip_02_l,,,,1.386,-2.058,-0.025,,,
o,j_f_ulip_01_r,-0.001,,,-1.811,2.566,0.949,,,
o,j_f_ulip_02_r,,,,-1.386,2.058,-0.025,,,
o,j_f_umlip_01_l,,-0.001,-0.002,17.593,1.218,-2.561,,,
o,j_f_umlip_02_l,0.001,,0.001,-0.018,3.246,-0.634,,,
o,j_f_umlip_01_r,,-0.001,0.002,-17.593,-1.218,-2.561,,,
o,j_f_umlip_02_r,0.001,,-0.001,0.018,-3.246,-0.634,,,
o,j_f_uslip_l,-0.005,-0.003,-0.002,5.526,1.367,-1.616,,,
o,j_f_uslip_r,-0.005,-0.003,0.002,-5.526,-1.367,-1.616,,,
u,j_ago,-0.001,-0.001,,,,-5.623,,,
u,j_f_ago,,0.001,,,,5.623,,,
u,j_f_bero_01,,,,,,,,,
u,j_f_bero_02,,,,,,,,,
u,j_f_bero_03,,,,,,,,,
u,j_f_dago,,,,,,,,,
u,j_f_dlip_01_l,0.002,0.001,-0.001,-0.018,2.418,-1.505,,,
u,j_f_dlip_02_l,,,,-0.04,-0.039,2.256,,,
u,j_f_dlip_01_r,0.002,0.001,0.001,0.018,-2.418,-1.505,,,
u,j_f_dlip_02_r,,,,0.04,0.039,2.256,,,
u,j_f_dmlip_01_l,0.002,0.001,-0.001,1.635,-0.32,-2.67,,,
u,j_f_dmlip_02_l,,,,-0.003,-8.044,2.302,,,
u,j_f_dmlip_01_r,0.002,0.001,0.001,-1.635,0.32,-2.67,,,
u,j_f_dmlip_02_r,,,,0.003,8.044,2.302,,,
u,j_f_hagukidn,,,,,,,,,
u,j_f_dmemoto_l,,,,,,,,,
u,j_f_dmemoto_r,,,,,,,,,
u,j_f_dslip_l,-0.002,-0.001,-0.001,-0.24,-0.782,0.449,,,
u,j_f_dslip_r,-0.002,-0.001,0.001,0.24,0.782,0.449,,,
u,j_f_eyeprm_01_l,,,,,,,,,
u,j_f_eyeprm_01_r,,,,,,,,,
u,j_f_eyeprmroll_l,,,,,,,,,
u,j_f_eyeprmroll_r,,,,,,,,,
u,j_f_hagukiup,,,,,,,,,
u,j_f_hana_l,,,,-0.119,,0.119,,,
u,j_f_hana_r,,,,0.119,,0.119,,,
u,j_f_ulip_01_l,,0.001,,0.419,-1.76,-2.619,,,
u,j_f_ulip_02_l,,,,0.516,-0.948,-0.202,,,
u,j_f_ulip_01_r,,0.001,,-0.419,1.76,-2.619,,,
u,j_f_ulip_02_r,,,,-0.516,0.948,-0.202,,,
u,j_f_umlip_01_l,,,-0.001,7.837,-0.802,-3.868,,,
u,j_f_umlip_02_l,,,,0.794,-0.79,-0.322,,,
u,j_f_umlip_01_r,,,0.001,-7.837,0.802,-3.868,,,
u,j_f_umlip_02_r,,,,-0.794,0.79,-0.322,,,
u,j_f_uslip_l,-0.002,-0.002,-0.001,0.198,-6.192,1.475,,,
u,j_f_uslip_r,-0.002,-0.002,0.001,-0.198,6.192,1.475,,,
n,j_f_dlip_01_l,0.001,-0.001,,,,,,,
n,j_f_dlip_01_r,0.001,-0.001,,,,,,,
n,j_f_dslip_l,-0.001,,,,,,,,
n,j_f_dslip_r,-0.001,,,,,,,,
n,j_f_ulip_01_l,-0.001,,,,,,,,
n,j_f_ulip_01_r,-0.001,,,,,,,,
n,j_f_uslip_l,-0.001,,,,,,,,
n,j_f_uslip_r,-0.001,,,,,,,,
Mouse_1,j_ago,-0.004,-0.001,,,,-18.126,,,
Mouse_1,j_f_ago,-0.001,0.005,,,,12.369,,,
Mouse_1,j_f_dlip_01_l,-0.001,0.001,0.001,1.1,1.477,-3.945,,,
Mouse_1,j_f_dlip_02_l,0.001,,,-1.094,-0.658,-2.607,,,
Mouse_1,j_f_dlip_01_r,-0.001,0.001,-0.001,-1.1,-1.477,-3.945,,,
Mouse_1,j_f_dlip_02_r,0.001,,,1.094,0.658,-2.607,,,
Mouse_1,j_f_dmlip_01_l,,,0.001,0.758,-4.571,-1.091,,,
Mouse_1,j_f_dmlip_02_l,,,,-0.003,-0.435,0.709,,,
Mouse_1,j_f_dmlip_01_r,,,-0.001,-0.758,4.571,-1.091,,,
Mouse_1,j_f_dmlip_02_r,,,,0.003,0.435,0.709,,,
Mouse_1,j_f_dhoho_l,-0.002,-0.001,0.002,-8.017,-6.282,-2.893,,,
Mouse_1,j_f_dhoho_r,-0.002,-0.001,-0.002,8.017,6.282,-2.893,,,
Mouse_1,j_f_dmemoto_l,,,,0.46,0.472,0.452,,,
Mouse_1,j_f_dmemoto_r,,,,-0.46,-0.472,0.452,,,
Mouse_1,j_f_dslip_l,-0.008,-0.005,0.003,11.081,9.577,2.596,,,
Mouse_1,j_f_dslip_r,-0.008,-0.005,-0.003,-11.081,-9.577,2.596,,,
Mouse_1,j_f_eyeprm_01_l,,-0.004,,,,,,,
Mouse_1,j_f_eyeprm_01_r,,-0.004,,,,,,,
Mouse_1,j_f_eyeprmroll_l,,,,0.044,0.91,0.515,,,
Mouse_1,j_f_eyeprmroll_r,,,,-0.044,-0.91,0.515,,,
Mouse_1,j_f_hana_l,,,,-0.71,0.361,0.71,,,
Mouse_1,j_f_hana_r,,,,0.71,-0.361,0.71,,,
Mouse_1,j_f_shoho_l,-0.004,-0.005,0.004,2.746,-4.492,15.922,,,
Mouse_1,j_f_shoho_r,-0.004,-0.005,-0.004,-2.746,4.492,15.922,,,
Mouse_1,j_f_ulip_01_l,0.001,0.001,0.001,3.723,-4.495,-2.643,,,
Mouse_1,j_f_ulip_02_l,0.001,,,3.305,-4.594,-1.401,,,
Mouse_1,j_f_ulip_01_r,0.001,0.001,-0.001,-3.723,4.495,-2.643,,,
Mouse_1,j_f_ulip_02_r,0.001,,,-3.305,4.594,-1.401,,,
Mouse_1,j_f_umlip_01_l,,,,-1.071,-6.226,0.924,,,
Mouse_1,j_f_umlip_02_l,0.001,,,1.305,0.044,-0.395,,,
Mouse_1,j_f_umlip_01_r,,,,1.071,6.226,0.924,,,
Mouse_1,j_f_umlip_02_r,0.001,,,-1.306,-0.044,-0.395,,,
Mouse_1,j_f_uslip_l,-0.006,-0.005,0.003,11.086,-10.034,2.977,,,
Mouse_1,j_f_uslip_r,-0.006,-0.005,-0.003,-11.086,10.034,2.977,,,
Mouse_2,j_f_dslip_l,-0.004,,,0.315,5.991,6.024,,,
Mouse_2,j_f_dslip_r,-0.004,,,-0.315,-5.991,6.024,,,
Mouse_2,j_f_umlip_01_l,-0.002,,,,,,,,
Mouse_2,j_f_umlip_01_r,-0.002,,,,,,,,
Mouse_2,j_f_uslip_l,-0.004,,,0.315,5.991,6.024,,,
Mouse_2,j_f_uslip_r,-0.004,,,-0.315,-5.991,6.024,,,
Square,j_ago,-0.001,,,,,-11.817,,,
Square,j_f_ago,-0.001,0.002,,,,11.817,,,
Square,j_f_bero_01,,,,,,,,,
Square,j_f_bero_02,,,,,,,,,
Square,j_f_bero_03,,,,,,,,,
Square,j_f_dago,,,,,,,,,
Square,j_f_dlip_01_l,-0.001,,,0.541,4.552,-4.02,,,
Square,j_f_dlip_02_l,,,,-1.139,-0.882,-1.139,,,
Square,j_f_dlip_01_r,-0.001,,,-0.541,-4.552,-4.02,,,
Square,j_f_dlip_02_r,,,,1.139,0.882,-1.139,,,
Square,j_f_dmlip_01_l,0.001,0.001,0.001,4.007,2.021,-5.078,,,
Square,j_f_dmlip_02_l,-0.001,,,-0.021,-13.371,1.198,,,
Square,j_f_dmlip_01_r,0.001,0.001,-0.001,-4.007,-2.021,-5.078,,,
Square,j_f_dmlip_02_r,-0.001,,,0.021,13.371,1.198,,,
Square,j_f_hagukidn,,,,,,,,,
Square,j_f_dhoho_l,-0.001,,0.001,-5.703,-4.304,-1.797,,,
Square,j_f_dhoho_r,-0.001,,-0.001,5.703,4.304,-1.797,,,
Square,j_f_dmemoto_l,,,,0.464,0.473,0.493,,,
Square,j_f_dmemoto_r,,,,-0.464,-0.473,0.493,,,
Square,j_f_dslip_l,-0.003,-0.003,0.004,4.642,9.311,1.39,,,
Square,j_f_dslip_r,-0.003,-0.003,-0.004,-4.642,-9.311,1.39,,,
Square,j_f_eyeprm_01_l,,-0.002,,,,,,,
Square,j_f_eyeprm_01_r,,-0.002,,,,,,,
Square,j_f_eyeprmroll_l,,,,0.05,-1.384,-0.832,,,
Square,j_f_eyeprmroll_r,,,,-0.05,1.384,-0.832,,,
Square,j_f_hagukiup,,,,,,,,,
Square,j_f_hana_l,,,,-0.711,0.321,0.711,,,
Square,j_f_hana_r,,,,0.711,-0.321,0.711,,,
Square,j_f_shoho_l,-0.001,-0.001,0.002,-0.589,-0.358,2.021,,,
Square,j_f_shoho_r,-0.001,-0.001,-0.002,0.589,0.358,2.021,,,
Square,j_f_ulip_01_l,0.001,,,1.811,-2.566,0.949,,,
Square,j_f_ulip_02_l,,,,1.386,-2.058,-0.025,,,
Square,j_f_ulip_01_r,0.001,,,-1.811,2.566,0.949,,,
Square,j_f_ulip_02_r,,,,-1.386,2.058,-0.025,,,
Square,j_f_umlip_01_l,0.001,,,17.593,1.218,-2.561,,,
Square,j_f_umlip_02_l,0.001,,0.001,-0.018,3.246,-0.634,,,
Square,j_f_umlip_01_r,0.001,,,-17.593,-1.218,-2.561,,,
Square,j_f_umlip_02_r,0.001,,-0.001,0.018,-3.246,-0.634,,,
Square,j_f_uslip_l,-0.005,-0.003,0.004,5.526,1.367,-1.616,,,
Square,j_f_uslip_r,-0.005,-0.003,-0.004,-5.526,-1.367,-1.616,,,
Wa,j_ago,-0.001,,,,,-9.114,,,
Wa,j_f_ago,,0.001,,,,11.658,,,
Wa,j_f_bero_01,,,,,,,,,
Wa,j_f_bero_02,,,,,,,,,
Wa,j_f_bero_03,,,,,,,,,
Wa,j_f_dago,,,,,,,,,
Wa,j_f_dlip_01_l,-0.001,,0.001,2.239,5.932,-4.524,,,
Wa,j_f_dlip_02_l,,-0.001,0.001,-2.588,-1.09,-2.668,,,
Wa,j_f_dlip_01_r,-0.001,,-0.001,-2.239,-5.932,-4.524,,,
Wa,j_f_dlip_02_r,,-0.001,-0.001,2.588,1.09,-2.668,,,
Wa,j_f_dmlip_01_l,0.002,0.003,0.003,6.979,4.729,-5.455,,,
Wa,j_f_dmlip_02_l,-0.001,,0.001,-0.022,-17.576,4.29,,,
Wa,j_f_dmlip_01_r,0.002,0.003,-0.003,-6.979,-4.729,-5.455,,,
Wa,j_f_dmlip_02_r,-0.001,,-0.001,0.022,17.576,4.29,,,
Wa,j_f_hagukidn,,,,,,,,,
Wa,j_f_dmemoto_l,,0.001,,0.368,1.144,0.817,,,
Wa,j_f_dmemoto_r,,0.001,,-0.368,-1.144,0.817,,,
Wa,j_f_dslip_l,0.002,-0.002,0.008,9.103,18.675,1.386,,,
Wa,j_f_dslip_r,0.002,-0.002,-0.008,-9.103,-18.675,1.386,,,
Wa,j_f_eyeprm_01_l,,0.003,,,,,,,
Wa,j_f_eyeprm_02_l,,,,,,,,,
Wa,j_f_eyeprm_01_r,,0.003,,,,,,,
Wa,j_f_eyeprm_02_r,,,,,,,,,
Wa,j_f_eyeprmroll_l,,,,-0.179,-0.328,-6.852,,,
Wa,j_f_eyeprmroll_r,,,,0.179,0.328,-6.852,,,
Wa,j_f_hagukiup,,,,,,,,,
Wa,j_f_hana_l,,,,0.158,1.662,0.002,,,
Wa,j_f_hana_r,,,,-0.158,-1.662,0.002,,,
Wa,j_f_ulip_01_l,0.001,0.001,0.001,3.127,0.034,2.772,,,
Wa,j_f_ulip_02_l,0.001,-0.001,,3.14,-5.603,0.639,,,
Wa,j_f_ulip_01_r,0.001,0.001,-0.001,-3.127,-0.034,2.772,,,
Wa,j_f_ulip_02_r,0.001,-0.001,,-3.14,5.603,0.639,,,
Wa,j_f_umlip_01_l,0.002,0.001,0.002,11.84,-0.445,2.666,,,
Wa,j_f_umlip_02_l,0.002,,,-0.021,6.138,-0.398,,,
Wa,j_f_umlip_01_r,0.002,0.001,-0.002,-11.84,0.445,2.666,,,
Wa,j_f_umlip_02_r,0.002,,,0.021,-6.138,-0.398,,,
Wa,j_f_uslip_l,,-0.001,0.007,9.991,28.919,-1.102,,,
Wa,j_f_uslip_r,,-0.001,-0.007,-9.991,-28.919,-1.102,,,
Omega,j_f_dslip_l,0.002,,,,,,,,
Omega,j_f_dslip_r,0.002,,,,,,,,
Omega,j_f_ulip_01_l,-0.001,,,,,,,,
Omega,j_f_ulip_01_r,-0.001,,,,,,,,
Omega,j_f_uslip_l,0.002,,,,,,,,
Omega,j_f_uslip_r,0.002,,,,,,,,
Niyari,j_ago,,,,,,,,,
Niyari,j_f_bero_01,,,,,,,,,
Niyari,j_f_bero_02,,,,,,,,,
Niyari,j_f_bero_03,,,,,,,,,
Niyari,j_f_dago,0.001,0.001,,,,,,,
Niyari,j_f_dlip_01_l,0.001,,,1.183,1.538,-2.518,,,
Niyari,j_f_dlip_02_l,,-0.001,0.001,-1.601,-1.605,-1.561,,,
Niyari,j_f_dlip_01_r,0.001,,,-1.183,-1.538,-2.518,,,
Niyari,j_f_dlip_02_r,,-0.001,-0.001,1.601,1.605,-1.561,,,
Niyari,j_f_dmlip_01_l,0.002,0.002,0.002,1.961,2.788,-1.979,,,
Niyari,j_f_dmlip_02_l,,,0.001,-0.003,-3.762,2.495,,,
Niyari,j_f_dmlip_01_r,0.002,0.002,-0.002,-1.961,-2.788,-1.979,,,
Niyari,j_f_dmlip_02_r,,,-0.001,0.003,3.762,2.495,,,
Niyari,j_f_hagukidn,,,,,,,,,
Niyari,j_f_dhoho_l,0.001,,,2.211,-1.481,-1.388,,,
Niyari,j_f_dhoho_r,0.001,,,-2.211,1.481,-1.387,,,
Niyari,j_f_dmemoto_l,,,,0.413,0.669,0.972,,,
Niyari,j_f_dmemoto_r,,,,-0.413,-0.669,0.972,,,
Niyari,j_f_dslip_l,0.004,-0.001,0.006,2.307,27.436,-3.241,,,
Niyari,j_f_dslip_r,0.004,-0.001,-0.006,-2.307,-27.436,-3.241,,,
Niyari,j_f_eyeprm_01_l,,0.012,,,,,,,
Niyari,j_f_eyeprm_02_l,0.001,,0.001,,,,,,
Niyari,j_f_eyeprm_01_r,,0.012,,,,,,,
Niyari,j_f_eyeprm_02_r,0.001,,-0.001,,,,,,
Niyari,j_f_eyeprmroll_l,,,,3.323,-9.683,-12.745,,,
Niyari,j_f_eyeprmroll_r,,,,-3.323,9.683,-12.745,,,
Niyari,j_f_hagukiup,,,,,,,,,
Niyari,j_f_hana_l,,,,0.12,0.909,0.238,,,
Niyari,j_f_hana_r,,,,-0.12,-0.909,0.238,,,
Niyari,j_f_hoho_l,0.001,,,0.273,0.256,-2.261,,,
Niyari,j_f_hoho_r,0.001,,,-0.273,-0.256,-2.26,,,
Niyari,j_f_shoho_l,0.001,-0.001,0.003,-4.034,0.638,2.541,,,
Niyari,j_f_shoho_r,0.001,-0.001,-0.003,4.034,-0.638,2.541,,,
Niyari,j_f_ulip_01_l,,,,1.126,1.015,1.435,,,
Niyari,j_f_ulip_02_l,,,,1.527,-2.781,0.715,,,
Niyari,j_f_ulip_01_r,,,,-1.126,-1.015,1.435,,,
Niyari,j_f_ulip_02_r,,,,-1.527,2.781,0.715,,,
Niyari,j_f_umlip_01_l,0.001,0.001,0.001,1.336,4.593,-0.087,,,
Niyari,j_f_umlip_02_l,0.002,,-0.001,-0.027,6.535,-1.865,,,
Niyari,j_f_umlip_01_r,0.001,0.001,-0.001,-1.336,-4.593,-0.087,,,
Niyari,j_f_umlip_02_r,0.002,,0.001,0.027,-6.535,-1.865,,,
Niyari,j_f_uslip_l,0.001,-0.001,0.006,-2.372,39.7,-15.42,,,
Niyari,j_f_uslip_r,0.001,-0.001,-0.006,2.372,-39.7,-15.42,,,
Niyari2,j_ago,,,,,,,,,
Niyari2,j_f_dago,0.001,0.001,,,,,,,
Niyari2,j_f_dlip_01_l,0.001,,,1.183,1.538,-2.518,,,
Niyari2,j_f_dlip_02_l,,-0.001,0.001,-1.601,-1.605,-1.561,,,
Niyari2,j_f_dlip_01_r,,,-0.001,-1.887,-3.265,0.054,,,
Niyari2,j_f_dmlip_01_l,0.003,0.002,0.003,1.961,2.788,-1.979,,,
Niyari2,j_f_dmlip_02_l,,,0.001,-0.003,-3.762,2.495,,,
Niyari2,j_f_dmlip_01_r,0.001,,-0.001,-1.551,-2.983,-1.669,,,
Niyari2,j_f_dhoho_l,0.001,,,2.211,-1.481,-1.388,,,
Niyari2,j_f_dmemoto_l,,,,0.413,0.669,0.972,,,
Niyari2,j_f_dslip_l,0.005,-0.001,0.006,2.307,27.436,-3.241,,,
Niyari2,j_f_dslip_r,0.001,,,0.062,-2.665,-2.668,,,
Niyari2,j_f_eyeprm_01_l,,0.012,,,,,,,
Niyari2,j_f_eyeprm_02_l,0.001,,0.001,,,,,,
Niyari2,j_f_eyeprm_01_r,,0.012,,,,,,,
Niyari2,j_f_eyeprm_02_r,0.001,,-0.001,,,,,,
Niyari2,j_f_eyeprmroll_l,,,,3.323,-9.683,-12.745,,,
Niyari2,j_f_hana_l,,,,0.12,0.909,0.238,,,
Niyari2,j_f_hoho_l,0.001,,,0.273,0.256,-2.261,,,
Niyari2,j_f_shoho_l,0.001,-0.001,0.003,-4.034,0.638,2.541,,,
Niyari2,j_f_ulip_01_l,,,,1.126,1.015,1.435,,,
Niyari2,j_f_ulip_02_l,,,,1.527,-2.781,0.715,,,
Niyari2,j_f_ulip_01_r,,,0.001,-0.656,-3.713,0.021,,,
Niyari2,j_f_umlip_01_l,0.002,0.001,0.001,1.336,4.593,-0.087,,,
Niyari2,j_f_umlip_02_l,0.002,,-0.001,-0.027,6.535,-1.865,,,
Niyari2,j_f_umlip_01_r,0.001,,,-0.504,-3.224,-1.875,,,
Niyari2,j_f_uslip_l,0.002,-0.001,0.006,-2.372,39.7,-15.42,,,
Niyari2,j_f_uslip_r,0.001,,,0.062,-2.665,-2.668,,,
Smile,j_ago,,,,,,,,,
Smile,j_f_bero_01,,,,,,,,,
Smile,j_f_bero_02,,,,,,,,,
Smile,j_f_bero_03,,,,,,,,,
Smile,j_f_dago,0.001,0.001,,,,,,,
Smile,j_f_dlip_01_l,0.001,,,1.183,1.538,-2.518,,,
Smile,j_f_dlip_02_l,,-0.001,0.001,-1.601,-1.605,-1.561,,,
Smile,j_f_dlip_01_r,0.001,,,-1.183,-1.538,-2.518,,,
Smile,j_f_dlip_02_r,,-0.001,-0.001,1.601,1.605,-1.561,,,
Smile,j_f_dmlip_01_l,0.003,0.002,0.003,1.961,2.788,-1.979,,,
Smile,j_f_dmlip_02_l,,,0.001,-0.003,-3.762,2.495,,,
Smile,j_f_dmlip_01_r,0.003,0.002,-0.003,-1.961,-2.788,-1.979,,,
Smile,j_f_dmlip_02_r,,,-0.001,0.003,3.762,2.495,,,
Smile,j_f_hagukidn,,,,,,,,,
Smile,j_f_dhoho_l,0.001,,,2.211,-1.481,-1.388,,,
Smile,j_f_dhoho_r,0.001,,,-2.211,1.481,-1.387,,,
Smile,j_f_dmemoto_l,,,,0.413,0.669,0.972,,,
Smile,j_f_dmemoto_r,,,,-0.413,-0.669,0.972,,,
Smile,j_f_dslip_l,0.005,-0.001,0.006,2.307,27.436,-3.241,,,
Smile,j_f_dslip_r,0.005,-0.001,-0.006,-2.307,-27.436,-3.241,,,
Smile,j_f_eyeprm_01_l,,0.012,,,,,,,
Smile,j_f_eyeprm_02_l,0.001,,0.001,,,,,,
Smile,j_f_eyeprm_01_r,,0.012,,,,,,,
Smile,j_f_eyeprm_02_r,0.001,,-0.001,,,,,,
Smile,j_f_eyeprmroll_l,,,,3.323,-9.683,-12.745,,,
Smile,j_f_eyeprmroll_r,,,,-3.323,9.683,-12.745,,,
Smile,j_f_hagukiup,,,,,,,,,
Smile,j_f_hana_l,,,,0.12,0.909,0.238,,,
Smile,j_f_hana_r,,,,-0.12,-0.909,0.238,,,
Smile,j_f_hoho_l,0.001,,,0.273,0.256,-2.261,,,
Smile,j_f_hoho_r,0.001,,,-0.273,-0.256,-2.26,,,
Smile,j_f_shoho_l,0.001,-0.001,0.003,-4.034,0.638,2.541,,,
Smile,j_f_shoho_r,0.001,-0.001,-0.003,4.034,-0.638,2.541,,,
Smile,j_f_ulip_01_l,,,,1.126,1.015,1.435,,,
Smile,j_f_ulip_02_l,,,,1.527,-2.781,0.715,,,
Smile,j_f_ulip_01_r,,,,-1.126,-1.015,1.435,,,
Smile,j_f_ulip_02_r,,,,-1.527,2.781,0.715,,,
Smile,j_f_umlip_01_l,0.002,0.001,0.001,1.336,4.593,-0.087,,,
Smile,j_f_umlip_02_l,0.002,,-0.001,-0.027,6.535,-1.865,,,
Smile,j_f_umlip_01_r,0.002,0.001,-0.001,-1.336,-4.593,-0.087,,,
Smile,j_f_umlip_02_r,0.002,,0.001,0.027,-6.535,-1.865,,,
Smile,j_f_uslip_l,0.002,-0.001,0.006,-2.372,39.7,-15.42,,,
Smile,j_f_uslip_r,0.002,-0.001,-0.006,2.372,-39.7,-15.42,,,
